2025-06-16 10:00:03 | INFO | ✅ Enhanced database initialized successfully
2025-06-16 10:00:03 | INFO | 💼 Portfolio loaded: 0 active positions
2025-06-16 10:00:03 | INFO | 💰 Available capital: ₹100,000.00
2025-06-16 10:00:03 | INFO | ======================================================================
2025-06-16 10:00:03 | INFO | 🚀 GAMMA-ENHANCED TRADING SYSTEM V3.0 - REAL DATA MODE
2025-06-16 10:00:03 | INFO | ======================================================================
2025-06-16 10:00:03 | INFO | Starting Capital: ₹100,000
2025-06-16 10:00:03 | INFO | Trading Database: C:\Projects\apps\KeyMoney\data\gamma_trading.db
2025-06-16 10:00:03 | INFO | Real Data Source: C:\Projects\apps\_nifty_optionanalyser\OptionAnalyser.db
2025-06-16 10:00:03 | INFO | 📊 Real-time option chain data enabled
2025-06-16 10:00:03 | INFO | 📈 Real-time spot price enabled
2025-06-16 10:00:03 | INFO | 💰 Real option premium pricing enabled
2025-06-16 10:00:03 | INFO | 🔍 Performing enhanced startup checks...
2025-06-16 10:00:03 | INFO | ✅ Database connection: OK
2025-06-16 10:00:03 | INFO | ✅ BeautifulSoup package: OK
2025-06-16 10:00:03 | INFO | ✅ Dashboard file found: enhanced_tabbed_dashboard_20250616.html
2025-06-16 10:00:03 | INFO | 📊 Parsing dashboard: enhanced_tabbed_dashboard_20250616.html
2025-06-16 10:00:03 | INFO | 📈 Extracted trend: 389
2025-06-16 10:00:03 | INFO | 🎯 Confidence: 95.0%
2025-06-16 10:00:03 | INFO | 💰 Combined flow: -121.37M
2025-06-16 10:00:03 | INFO | ✅ Dashboard parsed successfully
2025-06-16 10:00:03 | INFO | ✅ Dashboard parsing: OK
2025-06-16 10:00:03 | INFO | ✅ Trading database connection: OK
2025-06-16 10:00:03 | INFO | ✅ Real-time data connection: OK (Spot: ₹24731.90)
2025-06-16 10:00:05 | INFO | ✅ Real option pricing: OK (19500CE: ₹100.00)
2025-06-16 10:00:05 | INFO | ✅ Active positions: 0
2025-06-16 10:00:05 | INFO | ✅ Available capital: ₹100,000.00
2025-06-16 10:00:05 | INFO | ✅ Trades today: 0
2025-06-16 10:00:05 | INFO | ✅ Market hours: OPEN
2025-06-16 10:00:05 | INFO | ✅ Risk conditions: All clear
2025-06-16 10:00:05 | INFO | 🎯 All startup checks passed!
2025-06-16 10:00:05 | INFO | 
======================================================================
2025-06-16 10:00:05 | INFO | 📊 ENHANCED SYSTEM STATUS
2025-06-16 10:00:05 | INFO | ======================================================================
2025-06-16 10:00:05 | INFO | System Status: 🔴 STOPPED
2025-06-16 10:00:05 | INFO | Trading Status: 🟢 ENABLED
2025-06-16 10:00:05 | INFO | 💰 Current Capital: ₹100,000.00
2025-06-16 10:00:05 | INFO | 💸 Available Capital: ₹100,000.00
2025-06-16 10:00:05 | INFO | ⚖️  Capital at Risk: ₹0.00
2025-06-16 10:00:05 | INFO | 📈 Daily P&L: ₹+0.00
2025-06-16 10:00:05 | INFO | 💼 Active Positions: 0
2025-06-16 10:00:05 | INFO | 📊 Trades Today: 0
2025-06-16 10:00:05 | INFO | 🟢 Risk Exposure: 0.0%
2025-06-16 10:00:05 | INFO | 📊 Latest Dashboard: enhanced_tabbed_dashboard_20250616.html
2025-06-16 10:00:05 | INFO | 🕒 Dashboard Modified: 2025-06-16 09:59:28
2025-06-16 10:00:05 | INFO | 📡 Signals Today: 0
2025-06-16 10:00:05 | INFO | 🕒 Last Check: Never
2025-06-16 10:00:05 | INFO | 
🎯 SIGNAL THRESHOLDS:
2025-06-16 10:00:05 | INFO |    SUPER_EXTREME: ±100,000 (4 lots)
2025-06-16 10:00:05 | INFO |    EXTREME: ±50,000 (3 lots)
2025-06-16 10:00:05 | INFO |    STRONG:  ±15,000 (2 lots)
2025-06-16 10:00:05 | INFO |    MODERATE: ±5,000 (1 lot)
2025-06-16 10:00:05 | INFO | ======================================================================
2025-06-16 10:00:05 | INFO | 🔄 Starting enhanced main trading loop...
2025-06-16 10:00:05 | INFO | 🔄 Background price updates started
2025-06-16 10:00:05 | INFO | 🟢 Real-time price updates started (5-minute intervals)
2025-06-16 10:00:05 | INFO | ⏰ Loop #1: 10:00:05 [REAL DATA MODE]
2025-06-16 10:00:29 | INFO | ✅ Enhanced database initialized successfully
2025-06-16 10:00:29 | INFO | 💼 Enhanced Portfolio loaded:
2025-06-16 10:00:29 | INFO |    Active positions: 0
2025-06-16 10:00:29 | INFO |    Available capital: ₹100,000.00
2025-06-16 10:00:29 | INFO |    Margin utilized: ₹0.00
2025-06-16 10:00:29 | INFO |    Premium collected: ₹0.00
2025-06-16 10:00:29 | INFO | ======================================================================
2025-06-16 10:00:29 | INFO | 🚀 ENHANCED GAMMA TRADING SYSTEM V4.0 - SELL STRATEGY MODE
2025-06-16 10:00:29 | INFO | ======================================================================
2025-06-16 10:00:29 | INFO | Starting Capital: ₹100,000
2025-06-16 10:00:29 | INFO | Enhanced Database: C:\Projects\apps\KeyMoney\data\gamma_trading.db
2025-06-16 10:00:29 | INFO | Real Data Source: C:\Projects\apps\_nifty_optionanalyser\OptionAnalyser.db
2025-06-16 10:00:29 | INFO | 📊 Market Regime Detection: ENABLED
2025-06-16 10:00:29 | INFO | 💰 SELL Strategy Support: ENABLED
2025-06-16 10:00:29 | INFO | 📈 Range-bound Market Detection: ENABLED
2025-06-16 10:00:29 | INFO | 🎯 OTM Strike Selection: ENHANCED
2025-06-16 10:00:29 | INFO | 🔍 Performing enhanced startup checks...
2025-06-16 10:00:29 | INFO | ✅ Enhanced database connection: OK
2025-06-16 10:00:30 | INFO | 📈 Real Spot Price: ₹24731.90 at 2025-06-16 09:59:49
2025-06-16 10:00:30 | INFO | 📊 Market Regime Detection:
2025-06-16 10:00:30 | INFO |    Primary Regime: RANGE_BOUND_LOW_VOL
2025-06-16 10:00:30 | INFO |    Volatility: LOW_VOLATILITY (10.0%ile)
2025-06-16 10:00:30 | INFO |    Range Status: RANGE_BOUND
2025-06-16 10:00:30 | INFO |    Recommended Strategy: SELL_PREMIUM
2025-06-16 10:00:30 | INFO | ✅ Market regime detection: OK
2025-06-16 10:00:30 | INFO | 🔍 Enhanced Signal Analysis...
2025-06-16 10:00:30 | INFO |    Cumulative Trend: 25,000
2025-06-16 10:00:30 | INFO |    Confidence: 80%
2025-06-16 10:00:30 | INFO |    Combined Flow: +5.00M
2025-06-16 10:00:30 | INFO | 📈 Real Spot Price: ₹24731.90 at 2025-06-16 09:59:49
2025-06-16 10:00:30 | INFO | 📊 Market Regime Detection:
2025-06-16 10:00:30 | INFO |    Primary Regime: NORMAL_TRENDING
2025-06-16 10:00:30 | INFO |    Volatility: NORMAL_VOLATILITY (40.0%ile)
2025-06-16 10:00:30 | INFO |    Range Status: RANGE_BOUND
2025-06-16 10:00:30 | INFO |    Recommended Strategy: BUY_OPTIONS
2025-06-16 10:00:30 | INFO |    Market Regime: NORMAL_TRENDING
2025-06-16 10:00:30 | INFO |    Recommended Strategy: BUY_OPTIONS
2025-06-16 10:00:30 | INFO | 🔍 Analyzing signal...
2025-06-16 10:00:30 | INFO |    Cumulative Trend: 25,000
2025-06-16 10:00:30 | INFO |    Confidence: 80%
2025-06-16 10:00:30 | INFO |    Combined Flow: +5.00M
2025-06-16 10:00:30 | INFO |    Trend Strength: STRONG
2025-06-16 10:00:30 | INFO | ❌ SKIP SIGNAL: Confidence 80% below required 85%
2025-06-16 10:00:30 | INFO | ✅ Enhanced signal analysis: OK
2025-06-16 10:00:30 | INFO | ✅ Enhanced Portfolio Summary:
2025-06-16 10:00:30 | INFO |    Active positions: 0
2025-06-16 10:00:30 | INFO |    BUY positions: 0
2025-06-16 10:00:30 | INFO |    SELL positions: 0
2025-06-16 10:00:30 | INFO |    Available capital: ₹100,000.00
2025-06-16 10:00:30 | INFO |    Margin utilized: ₹0.00
2025-06-16 10:00:30 | INFO |    Premium collected: ₹0.00
2025-06-16 10:00:30 | INFO | ✅ Market hours: OPEN
2025-06-16 10:00:30 | INFO | ✅ SELL Strategy Configuration:
2025-06-16 10:00:30 | INFO |    Max margin utilization: 60,000
2025-06-16 10:00:30 | INFO |    SELL position sizes: {'SUPER_EXTREME': 0.15, 'EXTREME': 0.12, 'STRONG': 0.1, 'MODERATE': 0.08, 'WEAK': 0.05}
2025-06-16 10:00:30 | INFO |    Range detection enabled: TRUE
2025-06-16 10:00:30 | INFO |    Volatility analysis enabled: TRUE
2025-06-16 10:00:30 | INFO | 🎯 All enhanced startup checks passed!
2025-06-16 10:00:30 | INFO | 
======================================================================
2025-06-16 10:00:30 | INFO | 📊 ENHANCED SYSTEM STATUS (SELL STRATEGY ENABLED)
2025-06-16 10:00:30 | INFO | ======================================================================
2025-06-16 10:00:30 | INFO | System Status: 🔴 STOPPED
2025-06-16 10:00:30 | INFO | Trading Status: 🟢 ENABLED
2025-06-16 10:00:30 | INFO | 💰 Current Capital: ₹100,000.00
2025-06-16 10:00:30 | INFO | 💸 Available Capital: ₹100,000.00
2025-06-16 10:00:30 | INFO | ⚖️  Capital at Risk (BUY): ₹0.00
2025-06-16 10:00:30 | INFO | 🏦 Margin Utilized (SELL): ₹0.00
2025-06-16 10:00:30 | INFO | 💵 Premium Collected: ₹0.00
2025-06-16 10:00:30 | INFO | 📈 Daily P&L: ₹+0.00
2025-06-16 10:00:30 | INFO | 💼 Total Active Positions: 0
2025-06-16 10:00:30 | INFO | 📊 BUY Positions: 0 | SELL Positions: 0
2025-06-16 10:00:30 | INFO | 📊 Trades Today: 0
2025-06-16 10:00:30 | INFO | 🟢 Total Risk Exposure: 0.0%
2025-06-16 10:00:31 | INFO | 📈 Real Spot Price: ₹24731.90 at 2025-06-16 09:59:49
2025-06-16 10:00:31 | INFO | 📊 Market Regime Detection:
2025-06-16 10:00:31 | INFO |    Primary Regime: RANGE_BOUND_LOW_VOL
2025-06-16 10:00:31 | INFO |    Volatility: LOW_VOLATILITY (10.0%ile)
2025-06-16 10:00:31 | INFO |    Range Status: RANGE_BOUND
2025-06-16 10:00:31 | INFO |    Recommended Strategy: SELL_PREMIUM
2025-06-16 10:00:31 | INFO | 🏛️  Market Regime: RANGE_BOUND_LOW_VOL
2025-06-16 10:00:31 | INFO | 📊 Volatility: 10%ile (LOW_VOLATILITY)
2025-06-16 10:00:31 | INFO | 🎯 Recommended Strategy: SELL_PREMIUM
2025-06-16 10:00:31 | INFO | 
🎯 ENHANCED STRATEGY THRESHOLDS:
2025-06-16 10:00:31 | INFO |   BUY Strategy (Trending Markets):
2025-06-16 10:00:31 | INFO |     SUPER_EXTREME: ±100,000 (4 lots)
2025-06-16 10:00:31 | INFO |     EXTREME: ±50,000 (3 lots)
2025-06-16 10:00:31 | INFO |   SELL Strategy (Range-bound/Low Vol):
2025-06-16 10:00:31 | INFO |     Range Detection: <2.0% price range
2025-06-16 10:00:31 | INFO |     Volatility Threshold: 15-35%ile
2025-06-16 10:00:31 | INFO |     Max SELL Positions: 2
2025-06-16 10:00:31 | INFO |     Max Margin Utilization: 60%
2025-06-16 10:00:31 | INFO | ======================================================================
2025-06-16 10:00:31 | INFO | 🔄 Starting enhanced main trading loop with SELL strategy...
2025-06-16 10:00:31 | INFO | 🔄 Enhanced background price updates started
2025-06-16 10:00:31 | INFO | 🟢 Enhanced real-time price updates started (5-minute intervals)
2025-06-16 10:00:31 | INFO | ⏰ Enhanced Loop #1: 10:00:31 [SELL STRATEGY MODE]
2025-06-16 10:00:31 | INFO | 📊 New enhanced dashboard data detected: enhanced_tabbed_dashboard_20250616.html
2025-06-16 10:00:31 | INFO | 📊 Parsing dashboard: enhanced_tabbed_dashboard_20250616.html
2025-06-16 10:00:31 | INFO | 📈 Extracted trend: 389
2025-06-16 10:00:31 | INFO | 🎯 Confidence: 95.0%
2025-06-16 10:00:31 | INFO | 💰 Combined flow: -121.37M
2025-06-16 10:00:31 | INFO | ✅ Dashboard parsed successfully
2025-06-16 10:00:31 | INFO | 🔍 Enhanced Signal Analysis...
2025-06-16 10:00:31 | INFO |    Cumulative Trend: 389
2025-06-16 10:00:31 | INFO |    Confidence: 95.0%
2025-06-16 10:00:31 | INFO |    Combined Flow: -121.37M
2025-06-16 10:00:32 | INFO | 📈 Real Spot Price: ₹24731.90 at 2025-06-16 09:59:49
2025-06-16 10:00:32 | INFO | 📊 Market Regime Detection:
2025-06-16 10:00:32 | INFO |    Primary Regime: RANGE_BOUND_LOW_VOL
2025-06-16 10:00:32 | INFO |    Volatility: LOW_VOLATILITY (10.0%ile)
2025-06-16 10:00:32 | INFO |    Range Status: RANGE_BOUND
2025-06-16 10:00:32 | INFO |    Recommended Strategy: SELL_PREMIUM
2025-06-16 10:00:32 | INFO |    Market Regime: RANGE_BOUND_LOW_VOL
2025-06-16 10:00:32 | INFO |    Recommended Strategy: SELL_PREMIUM
2025-06-16 10:00:32 | INFO | ❌ SKIP SELL SIGNAL: SELL strategy requires stronger signals (minimum MODERATE)
2025-06-16 10:00:32 | INFO | 💾 Enhanced signal saved: S_20250616_100032
2025-06-16 10:00:32 | INFO | ⏭️  Enhanced signal skipped: SELL strategy requires stronger signals (minimum MODERATE)
2025-06-16 10:00:35 | INFO | ⏰ Loop #2: 10:00:35 [REAL DATA MODE]
2025-06-16 10:00:35 | INFO | 📊 New dashboard data detected: enhanced_tabbed_dashboard_20250616.html
2025-06-16 10:00:35 | INFO | 📊 Parsing dashboard: enhanced_tabbed_dashboard_20250616.html
2025-06-16 10:00:35 | INFO | 📈 Extracted trend: 389
2025-06-16 10:00:35 | INFO | 🎯 Confidence: 95.0%
2025-06-16 10:00:35 | INFO | 💰 Combined flow: -121.37M
2025-06-16 10:00:35 | INFO | ✅ Dashboard parsed successfully
2025-06-16 10:00:35 | INFO | 🔍 Analyzing signal...
2025-06-16 10:00:35 | INFO |    Cumulative Trend: 389
2025-06-16 10:00:35 | INFO |    Confidence: 95.0%
2025-06-16 10:00:35 | INFO |    Combined Flow: -121.37M
2025-06-16 10:00:35 | INFO |    Trend Strength: WEAK
2025-06-16 10:00:35 | INFO | ❌ SKIP SIGNAL: Trend too weak (below 1k threshold)
2025-06-16 10:00:35 | INFO | 💾 Signal saved: S_20250616_100035
2025-06-16 10:00:35 | INFO | ⏭️  Signal skipped: Trend too weak (below 1k threshold)
2025-06-16 10:00:45 | INFO | ✅ Enhanced database initialized successfully
2025-06-16 10:00:46 | INFO | ✅ Enhanced database initialized successfully
2025-06-16 10:01:02 | INFO | ⏰ Enhanced Loop #2: 10:01:02 [SELL STRATEGY MODE]
2025-06-16 10:01:05 | INFO | ⏰ Loop #3: 10:01:05 [REAL DATA MODE]
2025-06-16 10:01:32 | INFO | ⏰ Enhanced Loop #3: 10:01:32 [SELL STRATEGY MODE]
2025-06-16 10:01:32 | INFO | 📊 New enhanced dashboard data detected: enhanced_tabbed_dashboard_20250616.html
2025-06-16 10:01:32 | INFO | 📊 Parsing dashboard: enhanced_tabbed_dashboard_20250616.html
2025-06-16 10:01:32 | INFO | 📈 Extracted trend: 255
2025-06-16 10:01:32 | INFO | 🎯 Confidence: 95.0%
2025-06-16 10:01:32 | INFO | 💰 Combined flow: -118.15M
2025-06-16 10:01:32 | INFO | ✅ Dashboard parsed successfully
2025-06-16 10:01:32 | INFO | 🔍 Enhanced Signal Analysis...
2025-06-16 10:01:32 | INFO |    Cumulative Trend: 255
2025-06-16 10:01:32 | INFO |    Confidence: 95.0%
2025-06-16 10:01:32 | INFO |    Combined Flow: -118.15M
2025-06-16 10:01:33 | INFO | 📈 Real Spot Price: ₹24731.90 at 2025-06-16 09:59:49
2025-06-16 10:01:33 | INFO | 📊 Market Regime Detection:
2025-06-16 10:01:33 | INFO |    Primary Regime: NORMAL_TRENDING
2025-06-16 10:01:33 | INFO |    Volatility: NORMAL_VOLATILITY (40.0%ile)
2025-06-16 10:01:33 | INFO |    Range Status: RANGE_BOUND
2025-06-16 10:01:33 | INFO |    Recommended Strategy: BUY_OPTIONS
2025-06-16 10:01:33 | INFO |    Market Regime: NORMAL_TRENDING
2025-06-16 10:01:33 | INFO |    Recommended Strategy: BUY_OPTIONS
2025-06-16 10:01:33 | INFO | 🔍 Analyzing signal...
2025-06-16 10:01:33 | INFO |    Cumulative Trend: 255
2025-06-16 10:01:33 | INFO |    Confidence: 95.0%
2025-06-16 10:01:33 | INFO |    Combined Flow: -118.15M
2025-06-16 10:01:33 | INFO |    Trend Strength: WEAK
2025-06-16 10:01:33 | INFO | ❌ SKIP SIGNAL: Trend too weak (below 1k threshold)
2025-06-16 10:01:33 | INFO | 💾 Enhanced signal saved: S_20250616_100133
2025-06-16 10:01:33 | INFO | ⏭️  Enhanced signal skipped: Trend too weak (below 1k threshold)
2025-06-16 10:01:35 | INFO | ⏰ Loop #4: 10:01:35 [REAL DATA MODE]
2025-06-16 10:01:35 | INFO | 📊 New dashboard data detected: enhanced_tabbed_dashboard_20250616.html
2025-06-16 10:01:35 | INFO | 📊 Parsing dashboard: enhanced_tabbed_dashboard_20250616.html
2025-06-16 10:01:35 | INFO | 📈 Extracted trend: 255
2025-06-16 10:01:35 | INFO | 🎯 Confidence: 95.0%
2025-06-16 10:01:35 | INFO | 💰 Combined flow: -118.15M
2025-06-16 10:01:35 | INFO | ✅ Dashboard parsed successfully
2025-06-16 10:01:35 | INFO | 🔍 Analyzing signal...
2025-06-16 10:01:35 | INFO |    Cumulative Trend: 255
2025-06-16 10:01:35 | INFO |    Confidence: 95.0%
2025-06-16 10:01:35 | INFO |    Combined Flow: -118.15M
2025-06-16 10:01:35 | INFO |    Trend Strength: WEAK
2025-06-16 10:01:35 | INFO | ❌ SKIP SIGNAL: Trend too weak (below 1k threshold)
2025-06-16 10:01:35 | INFO | 💾 Signal saved: S_20250616_100135
2025-06-16 10:01:35 | INFO | ⏭️  Signal skipped: Trend too weak (below 1k threshold)
2025-06-16 10:02:03 | INFO | ⏰ Enhanced Loop #4: 10:02:03 [SELL STRATEGY MODE]
2025-06-16 10:02:05 | INFO | ⏰ Loop #5: 10:02:05 [REAL DATA MODE]
2025-06-16 10:02:33 | INFO | ⏰ Enhanced Loop #5: 10:02:33 [SELL STRATEGY MODE]
2025-06-16 10:02:33 | INFO | 📊 New enhanced dashboard data detected: enhanced_tabbed_dashboard_20250616.html
2025-06-16 10:02:33 | INFO | 📊 Parsing dashboard: enhanced_tabbed_dashboard_20250616.html
2025-06-16 10:02:33 | INFO | 📈 Extracted trend: 255
2025-06-16 10:02:33 | INFO | 🎯 Confidence: 95.0%
2025-06-16 10:02:33 | INFO | 💰 Combined flow: -118.15M
2025-06-16 10:02:33 | INFO | ✅ Dashboard parsed successfully
2025-06-16 10:02:33 | INFO | 🔍 Enhanced Signal Analysis...
2025-06-16 10:02:33 | INFO |    Cumulative Trend: 255
2025-06-16 10:02:33 | INFO |    Confidence: 95.0%
2025-06-16 10:02:33 | INFO |    Combined Flow: -118.15M
2025-06-16 10:02:34 | INFO | 📈 Real Spot Price: ₹24731.90 at 2025-06-16 09:59:49
2025-06-16 10:02:34 | INFO | 📊 Market Regime Detection:
2025-06-16 10:02:34 | INFO |    Primary Regime: HIGH_VOLATILITY_TRENDING
2025-06-16 10:02:34 | INFO |    Volatility: HIGH_VOLATILITY (80.0%ile)
2025-06-16 10:02:34 | INFO |    Range Status: RANGE_BOUND
2025-06-16 10:02:34 | INFO |    Recommended Strategy: BUY_OPTIONS
2025-06-16 10:02:34 | INFO |    Market Regime: HIGH_VOLATILITY_TRENDING
2025-06-16 10:02:34 | INFO |    Recommended Strategy: BUY_OPTIONS
2025-06-16 10:02:34 | INFO | 🔍 Analyzing signal...
2025-06-16 10:02:34 | INFO |    Cumulative Trend: 255
2025-06-16 10:02:34 | INFO |    Confidence: 95.0%
2025-06-16 10:02:34 | INFO |    Combined Flow: -118.15M
2025-06-16 10:02:34 | INFO |    Trend Strength: WEAK
2025-06-16 10:02:34 | INFO | ❌ SKIP SIGNAL: Trend too weak (below 1k threshold)
2025-06-16 10:02:34 | INFO | 💾 Enhanced signal saved: S_20250616_100234
2025-06-16 10:02:34 | INFO | ⏭️  Enhanced signal skipped: Trend too weak (below 1k threshold)
2025-06-16 10:02:35 | INFO | ⏰ Loop #6: 10:02:35 [REAL DATA MODE]
2025-06-16 10:02:35 | INFO | 📊 New dashboard data detected: enhanced_tabbed_dashboard_20250616.html
2025-06-16 10:02:35 | INFO | 📊 Parsing dashboard: enhanced_tabbed_dashboard_20250616.html
2025-06-16 10:02:35 | INFO | 📈 Extracted trend: 255
2025-06-16 10:02:35 | INFO | 🎯 Confidence: 95.0%
2025-06-16 10:02:35 | INFO | 💰 Combined flow: -118.15M
2025-06-16 10:02:35 | INFO | ✅ Dashboard parsed successfully
2025-06-16 10:02:35 | INFO | 🔍 Analyzing signal...
2025-06-16 10:02:35 | INFO |    Cumulative Trend: 255
2025-06-16 10:02:35 | INFO |    Confidence: 95.0%
2025-06-16 10:02:35 | INFO |    Combined Flow: -118.15M
2025-06-16 10:02:35 | INFO |    Trend Strength: WEAK
2025-06-16 10:02:35 | INFO | ❌ SKIP SIGNAL: Trend too weak (below 1k threshold)
2025-06-16 10:02:35 | INFO | 💾 Signal saved: S_20250616_100235
2025-06-16 10:02:35 | INFO | ⏭️  Signal skipped: Trend too weak (below 1k threshold)
2025-06-16 10:03:04 | INFO | ⏰ Enhanced Loop #6: 10:03:04 [SELL STRATEGY MODE]
2025-06-16 10:03:05 | INFO | ⏰ Loop #7: 10:03:05 [REAL DATA MODE]
2025-06-16 10:03:34 | INFO | ⏰ Enhanced Loop #7: 10:03:34 [SELL STRATEGY MODE]
2025-06-16 10:03:34 | INFO | 📊 New enhanced dashboard data detected: enhanced_tabbed_dashboard_20250616.html
2025-06-16 10:03:34 | INFO | 📊 Parsing dashboard: enhanced_tabbed_dashboard_20250616.html
2025-06-16 10:03:34 | INFO | 📈 Extracted trend: 255
2025-06-16 10:03:34 | INFO | 🎯 Confidence: 95.0%
2025-06-16 10:03:34 | INFO | 💰 Combined flow: -118.15M
2025-06-16 10:03:34 | INFO | ✅ Dashboard parsed successfully
2025-06-16 10:03:34 | INFO | 🔍 Enhanced Signal Analysis...
2025-06-16 10:03:34 | INFO |    Cumulative Trend: 255
2025-06-16 10:03:34 | INFO |    Confidence: 95.0%
2025-06-16 10:03:34 | INFO |    Combined Flow: -118.15M
2025-06-16 10:03:35 | INFO | 📈 Real Spot Price: ₹24731.90 at 2025-06-16 09:59:49
2025-06-16 10:03:35 | INFO | 📊 Market Regime Detection:
2025-06-16 10:03:35 | INFO |    Primary Regime: HIGH_VOLATILITY_TRENDING
2025-06-16 10:03:35 | INFO |    Volatility: HIGH_VOLATILITY (80.0%ile)
2025-06-16 10:03:35 | INFO |    Range Status: RANGE_BOUND
2025-06-16 10:03:35 | INFO |    Recommended Strategy: BUY_OPTIONS
2025-06-16 10:03:35 | INFO |    Market Regime: HIGH_VOLATILITY_TRENDING
2025-06-16 10:03:35 | INFO |    Recommended Strategy: BUY_OPTIONS
2025-06-16 10:03:35 | INFO | 🔍 Analyzing signal...
2025-06-16 10:03:35 | INFO |    Cumulative Trend: 255
2025-06-16 10:03:35 | INFO |    Confidence: 95.0%
2025-06-16 10:03:35 | INFO |    Combined Flow: -118.15M
2025-06-16 10:03:35 | INFO |    Trend Strength: WEAK
2025-06-16 10:03:35 | INFO | ❌ SKIP SIGNAL: Trend too weak (below 1k threshold)
2025-06-16 10:03:35 | INFO | 💾 Enhanced signal saved: S_20250616_100335
2025-06-16 10:03:35 | INFO | ⏭️  Enhanced signal skipped: Trend too weak (below 1k threshold)
2025-06-16 10:03:35 | INFO | ⏰ Loop #8: 10:03:35 [REAL DATA MODE]
2025-06-16 10:03:35 | INFO | 📊 New dashboard data detected: enhanced_tabbed_dashboard_20250616.html
2025-06-16 10:03:35 | INFO | 📊 Parsing dashboard: enhanced_tabbed_dashboard_20250616.html
2025-06-16 10:03:35 | INFO | 📈 Extracted trend: 255
2025-06-16 10:03:35 | INFO | 🎯 Confidence: 95.0%
2025-06-16 10:03:35 | INFO | 💰 Combined flow: -118.15M
2025-06-16 10:03:35 | INFO | ✅ Dashboard parsed successfully
2025-06-16 10:03:35 | INFO | 🔍 Analyzing signal...
2025-06-16 10:03:35 | INFO |    Cumulative Trend: 255
2025-06-16 10:03:35 | INFO |    Confidence: 95.0%
2025-06-16 10:03:35 | INFO |    Combined Flow: -118.15M
2025-06-16 10:03:35 | INFO |    Trend Strength: WEAK
2025-06-16 10:03:35 | INFO | ❌ SKIP SIGNAL: Trend too weak (below 1k threshold)
2025-06-16 10:03:35 | ERROR | ❌ Failed to save signal: UNIQUE constraint failed: signal_history.signal_id
2025-06-16 10:03:35 | INFO | ⏭️  Signal skipped: Trend too weak (below 1k threshold)
2025-06-16 10:04:05 | INFO | ⏰ Enhanced Loop #8: 10:04:05 [SELL STRATEGY MODE]
2025-06-16 10:04:05 | INFO | ⏰ Loop #9: 10:04:05 [REAL DATA MODE]
2025-06-16 10:04:35 | INFO | ⏰ Enhanced Loop #9: 10:04:35 [SELL STRATEGY MODE]
2025-06-16 10:04:35 | INFO | 📊 New enhanced dashboard data detected: enhanced_tabbed_dashboard_20250616.html
2025-06-16 10:04:35 | INFO | 📊 Parsing dashboard: enhanced_tabbed_dashboard_20250616.html
2025-06-16 10:04:35 | INFO | 📈 Extracted trend: 258
2025-06-16 10:04:35 | INFO | 🎯 Confidence: 95.0%
2025-06-16 10:04:35 | INFO | 💰 Combined flow: -114.88M
2025-06-16 10:04:35 | INFO | ✅ Dashboard parsed successfully
2025-06-16 10:04:35 | INFO | 🔍 Enhanced Signal Analysis...
2025-06-16 10:04:35 | INFO |    Cumulative Trend: 258
2025-06-16 10:04:35 | INFO |    Confidence: 95.0%
2025-06-16 10:04:35 | INFO |    Combined Flow: -114.88M
2025-06-16 10:04:35 | INFO | ⏰ Loop #10: 10:04:35 [REAL DATA MODE]
2025-06-16 10:04:35 | INFO | 📊 New dashboard data detected: enhanced_tabbed_dashboard_20250616.html
2025-06-16 10:04:35 | INFO | 📊 Parsing dashboard: enhanced_tabbed_dashboard_20250616.html
2025-06-16 10:04:35 | INFO | 📈 Extracted trend: 258
2025-06-16 10:04:35 | INFO | 🎯 Confidence: 95.0%
2025-06-16 10:04:35 | INFO | 💰 Combined flow: -114.88M
2025-06-16 10:04:35 | INFO | ✅ Dashboard parsed successfully
2025-06-16 10:04:35 | INFO | 🔍 Analyzing signal...
2025-06-16 10:04:35 | INFO |    Cumulative Trend: 258
2025-06-16 10:04:35 | INFO |    Confidence: 95.0%
2025-06-16 10:04:35 | INFO |    Combined Flow: -114.88M
2025-06-16 10:04:35 | INFO |    Trend Strength: WEAK
2025-06-16 10:04:35 | INFO | ❌ SKIP SIGNAL: Trend too weak (below 1k threshold)
2025-06-16 10:04:35 | INFO | 💾 Signal saved: S_20250616_100435
2025-06-16 10:04:35 | INFO | ⏭️  Signal skipped: Trend too weak (below 1k threshold)
2025-06-16 10:04:36 | INFO | 📈 Real Spot Price: ₹24731.90 at 2025-06-16 09:59:49
2025-06-16 10:04:36 | INFO | 📊 Market Regime Detection:
2025-06-16 10:04:36 | INFO |    Primary Regime: RANGE_BOUND_LOW_VOL
2025-06-16 10:04:36 | INFO |    Volatility: LOW_VOLATILITY (20.0%ile)
2025-06-16 10:04:36 | INFO |    Range Status: RANGE_BOUND
2025-06-16 10:04:36 | INFO |    Recommended Strategy: SELL_PREMIUM
2025-06-16 10:04:36 | INFO |    Market Regime: RANGE_BOUND_LOW_VOL
2025-06-16 10:04:36 | INFO |    Recommended Strategy: SELL_PREMIUM
2025-06-16 10:04:36 | INFO | ❌ SKIP SELL SIGNAL: SELL strategy requires stronger signals (minimum MODERATE)
2025-06-16 10:04:36 | INFO | 💾 Enhanced signal saved: S_20250616_100436
2025-06-16 10:04:36 | INFO | ⏭️  Enhanced signal skipped: SELL strategy requires stronger signals (minimum MODERATE)
2025-06-16 10:05:05 | INFO | ⏰ Loop #11: 10:05:05 [REAL DATA MODE]
2025-06-16 10:05:06 | INFO | ⏰ Enhanced Loop #10: 10:05:06 [SELL STRATEGY MODE]
2025-06-16 10:05:06 | ERROR | ❌ Risk check failed: 'EnhancedPortfolioManager' object has no attribute 'get_portfolio_summary'
2025-06-16 10:05:35 | INFO | ⏰ Loop #12: 10:05:35 [REAL DATA MODE]
2025-06-16 10:05:35 | INFO | 📊 New dashboard data detected: enhanced_tabbed_dashboard_20250616.html
2025-06-16 10:05:35 | INFO | 📊 Parsing dashboard: enhanced_tabbed_dashboard_20250616.html
2025-06-16 10:05:35 | INFO | 📈 Extracted trend: 258
2025-06-16 10:05:35 | INFO | 🎯 Confidence: 95.0%
2025-06-16 10:05:35 | INFO | 💰 Combined flow: -114.88M
2025-06-16 10:05:35 | INFO | ✅ Dashboard parsed successfully
2025-06-16 10:05:35 | INFO | 🔍 Analyzing signal...
2025-06-16 10:05:35 | INFO |    Cumulative Trend: 258
2025-06-16 10:05:35 | INFO |    Confidence: 95.0%
2025-06-16 10:05:35 | INFO |    Combined Flow: -114.88M
2025-06-16 10:05:35 | INFO |    Trend Strength: WEAK
2025-06-16 10:05:35 | INFO | ❌ SKIP SIGNAL: Trend too weak (below 1k threshold)
2025-06-16 10:05:35 | INFO | 💾 Signal saved: S_20250616_100535
2025-06-16 10:05:35 | INFO | ⏭️  Signal skipped: Trend too weak (below 1k threshold)
2025-06-16 10:05:36 | INFO | ⏰ Enhanced Loop #11: 10:05:36 [SELL STRATEGY MODE]
2025-06-16 10:05:36 | INFO | 📊 New enhanced dashboard data detected: enhanced_tabbed_dashboard_20250616.html
2025-06-16 10:05:36 | INFO | 📊 Parsing dashboard: enhanced_tabbed_dashboard_20250616.html
2025-06-16 10:05:36 | INFO | 📈 Extracted trend: 258
2025-06-16 10:05:36 | INFO | 🎯 Confidence: 95.0%
2025-06-16 10:05:36 | INFO | 💰 Combined flow: -114.88M
2025-06-16 10:05:36 | INFO | ✅ Dashboard parsed successfully
2025-06-16 10:05:36 | INFO | 🔍 Enhanced Signal Analysis...
2025-06-16 10:05:36 | INFO |    Cumulative Trend: 258
2025-06-16 10:05:36 | INFO |    Confidence: 95.0%
2025-06-16 10:05:36 | INFO |    Combined Flow: -114.88M
2025-06-16 10:05:37 | INFO | 📈 Real Spot Price: ₹24731.90 at 2025-06-16 09:59:49
2025-06-16 10:05:37 | INFO | 📊 Market Regime Detection:
2025-06-16 10:05:37 | INFO |    Primary Regime: NORMAL_TRENDING
2025-06-16 10:05:37 | INFO |    Volatility: NORMAL_VOLATILITY (70.0%ile)
2025-06-16 10:05:37 | INFO |    Range Status: RANGE_BOUND
2025-06-16 10:05:37 | INFO |    Recommended Strategy: BUY_OPTIONS
2025-06-16 10:05:37 | INFO |    Market Regime: NORMAL_TRENDING
2025-06-16 10:05:37 | INFO |    Recommended Strategy: BUY_OPTIONS
2025-06-16 10:05:37 | INFO | 🔍 Analyzing signal...
2025-06-16 10:05:37 | INFO |    Cumulative Trend: 258
2025-06-16 10:05:37 | INFO |    Confidence: 95.0%
2025-06-16 10:05:37 | INFO |    Combined Flow: -114.88M
2025-06-16 10:05:37 | INFO |    Trend Strength: WEAK
2025-06-16 10:05:37 | INFO | ❌ SKIP SIGNAL: Trend too weak (below 1k threshold)
2025-06-16 10:05:37 | INFO | 💾 Enhanced signal saved: S_20250616_100537
2025-06-16 10:05:37 | INFO | ⏭️  Enhanced signal skipped: Trend too weak (below 1k threshold)
2025-06-16 10:06:05 | INFO | ⏰ Loop #13: 10:06:05 [REAL DATA MODE]
2025-06-16 10:06:07 | INFO | ⏰ Enhanced Loop #12: 10:06:07 [SELL STRATEGY MODE]
2025-06-16 10:06:35 | INFO | ⏰ Loop #14: 10:06:35 [REAL DATA MODE]
2025-06-16 10:06:37 | INFO | ⏰ Enhanced Loop #13: 10:06:37 [SELL STRATEGY MODE]
2025-06-16 10:06:37 | INFO | 📊 New enhanced dashboard data detected: enhanced_tabbed_dashboard_20250616.html
2025-06-16 10:06:37 | INFO | 📊 Parsing dashboard: enhanced_tabbed_dashboard_20250616.html
2025-06-16 10:06:37 | INFO | 📈 Extracted trend: 344
2025-06-16 10:06:37 | INFO | 🎯 Confidence: 95.0%
2025-06-16 10:06:37 | INFO | 💰 Combined flow: -37.23M
2025-06-16 10:06:37 | INFO | ✅ Dashboard parsed successfully
2025-06-16 10:06:37 | INFO | 🔍 Enhanced Signal Analysis...
2025-06-16 10:06:37 | INFO |    Cumulative Trend: 344
2025-06-16 10:06:37 | INFO |    Confidence: 95.0%
2025-06-16 10:06:37 | INFO |    Combined Flow: -37.23M
2025-06-16 10:06:38 | INFO | 📈 Real Spot Price: ₹24729.00 at 2025-06-16 10:05:55
2025-06-16 10:06:38 | INFO | 📊 Market Regime Detection:
2025-06-16 10:06:38 | INFO |    Primary Regime: POST_GAP_CONSOLIDATION
2025-06-16 10:06:38 | INFO |    Volatility: HIGH_VOLATILITY (90.0%ile)
2025-06-16 10:06:38 | INFO |    Range Status: RANGE_BOUND
2025-06-16 10:06:38 | INFO |    Recommended Strategy: SELL_PREMIUM
2025-06-16 10:06:38 | INFO |    Market Regime: POST_GAP_CONSOLIDATION
2025-06-16 10:06:38 | INFO |    Recommended Strategy: SELL_PREMIUM
2025-06-16 10:06:38 | INFO | ❌ SKIP SELL SIGNAL: SELL strategy requires stronger signals (minimum MODERATE)
2025-06-16 10:06:38 | INFO | 💾 Enhanced signal saved: S_20250616_100638
2025-06-16 10:06:38 | INFO | ⏭️  Enhanced signal skipped: SELL strategy requires stronger signals (minimum MODERATE)
2025-06-16 10:07:05 | INFO | ⏰ Loop #15: 10:07:05 [REAL DATA MODE]
2025-06-16 10:07:05 | INFO | 📊 New dashboard data detected: enhanced_tabbed_dashboard_20250616.html
2025-06-16 10:07:05 | INFO | 📊 Parsing dashboard: enhanced_tabbed_dashboard_20250616.html
2025-06-16 10:07:05 | INFO | 📈 Extracted trend: 344
2025-06-16 10:07:05 | INFO | 🎯 Confidence: 95.0%
2025-06-16 10:07:05 | INFO | 💰 Combined flow: -37.23M
2025-06-16 10:07:05 | INFO | ✅ Dashboard parsed successfully
2025-06-16 10:07:05 | INFO | 🔍 Analyzing signal...
2025-06-16 10:07:05 | INFO |    Cumulative Trend: 344
2025-06-16 10:07:05 | INFO |    Confidence: 95.0%
2025-06-16 10:07:05 | INFO |    Combined Flow: -37.23M
2025-06-16 10:07:05 | INFO |    Trend Strength: WEAK
2025-06-16 10:07:05 | INFO | ❌ SKIP SIGNAL: Trend too weak (below 1k threshold)
2025-06-16 10:07:05 | INFO | 💾 Signal saved: S_20250616_100705
2025-06-16 10:07:05 | INFO | ⏭️  Signal skipped: Trend too weak (below 1k threshold)
2025-06-16 10:07:08 | INFO | ⏰ Enhanced Loop #14: 10:07:08 [SELL STRATEGY MODE]
2025-06-16 10:07:35 | INFO | ⏰ Loop #16: 10:07:35 [REAL DATA MODE]
2025-06-16 10:07:38 | INFO | ⏰ Enhanced Loop #15: 10:07:38 [SELL STRATEGY MODE]
2025-06-16 10:07:38 | INFO | 📊 New enhanced dashboard data detected: enhanced_tabbed_dashboard_20250616.html
2025-06-16 10:07:38 | INFO | 📊 Parsing dashboard: enhanced_tabbed_dashboard_20250616.html
2025-06-16 10:07:38 | INFO | 📈 Extracted trend: 297
2025-06-16 10:07:38 | INFO | 🎯 Confidence: 95.0%
2025-06-16 10:07:38 | INFO | 💰 Combined flow: -38.48M
2025-06-16 10:07:38 | INFO | ✅ Dashboard parsed successfully
2025-06-16 10:07:38 | INFO | 🔍 Enhanced Signal Analysis...
2025-06-16 10:07:38 | INFO |    Cumulative Trend: 297
2025-06-16 10:07:38 | INFO |    Confidence: 95.0%
2025-06-16 10:07:38 | INFO |    Combined Flow: -38.48M
2025-06-16 10:07:39 | INFO | 📈 Real Spot Price: ₹24729.00 at 2025-06-16 10:05:55
2025-06-16 10:07:39 | INFO | 📊 Market Regime Detection:
2025-06-16 10:07:39 | INFO |    Primary Regime: NORMAL_TRENDING
2025-06-16 10:07:39 | INFO |    Volatility: NORMAL_VOLATILITY (40.0%ile)
2025-06-16 10:07:39 | INFO |    Range Status: RANGE_BOUND
2025-06-16 10:07:39 | INFO |    Recommended Strategy: BUY_OPTIONS
2025-06-16 10:07:39 | INFO |    Market Regime: NORMAL_TRENDING
2025-06-16 10:07:39 | INFO |    Recommended Strategy: BUY_OPTIONS
2025-06-16 10:07:39 | INFO | 🔍 Analyzing signal...
2025-06-16 10:07:39 | INFO |    Cumulative Trend: 297
2025-06-16 10:07:39 | INFO |    Confidence: 95.0%
2025-06-16 10:07:39 | INFO |    Combined Flow: -38.48M
2025-06-16 10:07:39 | INFO |    Trend Strength: WEAK
2025-06-16 10:07:39 | INFO | ❌ SKIP SIGNAL: Trend too weak (below 1k threshold)
2025-06-16 10:07:39 | INFO | 💾 Enhanced signal saved: S_20250616_100739
2025-06-16 10:07:39 | INFO | ⏭️  Enhanced signal skipped: Trend too weak (below 1k threshold)
2025-06-16 10:08:05 | INFO | ⏰ Loop #17: 10:08:05 [REAL DATA MODE]
2025-06-16 10:08:05 | INFO | 📊 New dashboard data detected: enhanced_tabbed_dashboard_20250616.html
2025-06-16 10:08:05 | INFO | 📊 Parsing dashboard: enhanced_tabbed_dashboard_20250616.html
2025-06-16 10:08:05 | INFO | 📈 Extracted trend: 297
2025-06-16 10:08:05 | INFO | 🎯 Confidence: 95.0%
2025-06-16 10:08:05 | INFO | 💰 Combined flow: -38.48M
2025-06-16 10:08:05 | INFO | ✅ Dashboard parsed successfully
2025-06-16 10:08:05 | INFO | 🔍 Analyzing signal...
2025-06-16 10:08:05 | INFO |    Cumulative Trend: 297
2025-06-16 10:08:05 | INFO |    Confidence: 95.0%
2025-06-16 10:08:05 | INFO |    Combined Flow: -38.48M
2025-06-16 10:08:05 | INFO |    Trend Strength: WEAK
2025-06-16 10:08:05 | INFO | ❌ SKIP SIGNAL: Trend too weak (below 1k threshold)
2025-06-16 10:08:05 | INFO | 💾 Signal saved: S_20250616_100805
2025-06-16 10:08:05 | INFO | ⏭️  Signal skipped: Trend too weak (below 1k threshold)
2025-06-16 10:08:09 | INFO | ⏰ Enhanced Loop #16: 10:08:09 [SELL STRATEGY MODE]
2025-06-16 10:08:35 | INFO | ⏰ Loop #18: 10:08:35 [REAL DATA MODE]
2025-06-16 10:08:39 | INFO | ⏰ Enhanced Loop #17: 10:08:39 [SELL STRATEGY MODE]
2025-06-16 10:08:39 | INFO | 📊 New enhanced dashboard data detected: enhanced_tabbed_dashboard_20250616.html
2025-06-16 10:08:39 | INFO | 📊 Parsing dashboard: enhanced_tabbed_dashboard_20250616.html
2025-06-16 10:08:39 | INFO | 📈 Extracted trend: 297
2025-06-16 10:08:39 | INFO | 🎯 Confidence: 95.0%
2025-06-16 10:08:39 | INFO | 💰 Combined flow: -38.48M
2025-06-16 10:08:39 | INFO | ✅ Dashboard parsed successfully
2025-06-16 10:08:39 | INFO | 🔍 Enhanced Signal Analysis...
2025-06-16 10:08:39 | INFO |    Cumulative Trend: 297
2025-06-16 10:08:39 | INFO |    Confidence: 95.0%
2025-06-16 10:08:39 | INFO |    Combined Flow: -38.48M
2025-06-16 10:08:40 | INFO | 📈 Real Spot Price: ₹24729.00 at 2025-06-16 10:05:55
2025-06-16 10:08:40 | INFO | 📊 Market Regime Detection:
2025-06-16 10:08:40 | INFO |    Primary Regime: NORMAL_TRENDING
2025-06-16 10:08:40 | INFO |    Volatility: NORMAL_VOLATILITY (70.0%ile)
2025-06-16 10:08:40 | INFO |    Range Status: RANGE_BOUND
2025-06-16 10:08:40 | INFO |    Recommended Strategy: BUY_OPTIONS
2025-06-16 10:08:40 | INFO |    Market Regime: NORMAL_TRENDING
2025-06-16 10:08:40 | INFO |    Recommended Strategy: BUY_OPTIONS
2025-06-16 10:08:40 | INFO | 🔍 Analyzing signal...
2025-06-16 10:08:40 | INFO |    Cumulative Trend: 297
2025-06-16 10:08:40 | INFO |    Confidence: 95.0%
2025-06-16 10:08:40 | INFO |    Combined Flow: -38.48M
2025-06-16 10:08:40 | INFO |    Trend Strength: WEAK
2025-06-16 10:08:40 | INFO | ❌ SKIP SIGNAL: Trend too weak (below 1k threshold)
2025-06-16 10:08:40 | INFO | 💾 Enhanced signal saved: S_20250616_100840
2025-06-16 10:08:40 | INFO | ⏭️  Enhanced signal skipped: Trend too weak (below 1k threshold)
2025-06-16 10:09:05 | INFO | ⏰ Loop #19: 10:09:05 [REAL DATA MODE]
2025-06-16 10:09:05 | INFO | 📊 New dashboard data detected: enhanced_tabbed_dashboard_20250616.html
2025-06-16 10:09:05 | INFO | 📊 Parsing dashboard: enhanced_tabbed_dashboard_20250616.html
2025-06-16 10:09:05 | INFO | 📈 Extracted trend: 297
2025-06-16 10:09:05 | INFO | 🎯 Confidence: 95.0%
2025-06-16 10:09:05 | INFO | 💰 Combined flow: -38.48M
2025-06-16 10:09:05 | INFO | ✅ Dashboard parsed successfully
2025-06-16 10:09:05 | INFO | 🔍 Analyzing signal...
2025-06-16 10:09:05 | INFO |    Cumulative Trend: 297
2025-06-16 10:09:05 | INFO |    Confidence: 95.0%
2025-06-16 10:09:05 | INFO |    Combined Flow: -38.48M
2025-06-16 10:09:05 | INFO |    Trend Strength: WEAK
2025-06-16 10:09:05 | INFO | ❌ SKIP SIGNAL: Trend too weak (below 1k threshold)
2025-06-16 10:09:05 | INFO | 💾 Signal saved: S_20250616_100905
2025-06-16 10:09:05 | INFO | ⏭️  Signal skipped: Trend too weak (below 1k threshold)
2025-06-16 10:09:10 | INFO | ⏰ Enhanced Loop #18: 10:09:10 [SELL STRATEGY MODE]
2025-06-16 10:09:35 | INFO | ⏰ Loop #20: 10:09:35 [REAL DATA MODE]
2025-06-16 10:09:35 | INFO | 
======================================================================
2025-06-16 12:32:40 | INFO | 📊 ENHANCED SYSTEM STATUS (SELL STRATEGY ENABLED)
2025-06-16 12:32:40 | INFO | ======================================================================
2025-06-16 12:32:40 | INFO | System Status: 🟢 RUNNING
2025-06-16 12:32:40 | INFO | Trading Status: 🟢 ENABLED
2025-06-16 12:32:40 | INFO | 💰 Current Capital: ₹100,000.00
2025-06-16 12:32:40 | INFO | 💸 Available Capital: ₹100,000.00
2025-06-16 12:32:40 | INFO | ⚖️  Capital at Risk (BUY): ₹0.00
2025-06-16 12:32:40 | INFO | 🏦 Margin Utilized (SELL): ₹0.00
2025-06-16 12:32:40 | INFO | 💵 Premium Collected: ₹0.00
2025-06-16 12:32:40 | INFO | 📈 Daily P&L: ₹+0.00
2025-06-16 12:32:40 | INFO | 💼 Total Active Positions: 0
2025-06-16 12:32:40 | INFO | 📊 BUY Positions: 0 | SELL Positions: 0
2025-06-16 12:32:40 | INFO | 📊 Trades Today: 0
2025-06-16 12:32:40 | INFO | 🟢 Total Risk Exposure: 0.0%
2025-06-16 12:32:40 | INFO | 📈 Real Spot Price: ₹24894.50 at 2025-06-16 12:30:29
2025-06-16 12:32:40 | INFO | 📊 Market Regime Detection:
2025-06-16 12:32:40 | INFO |    Primary Regime: HIGH_VOLATILITY_TRENDING
2025-06-16 12:32:40 | INFO |    Volatility: HIGH_VOLATILITY (90.0%ile)
2025-06-16 12:32:40 | INFO |    Range Status: RANGE_BOUND
2025-06-16 12:32:40 | INFO |    Recommended Strategy: BUY_OPTIONS
2025-06-16 12:32:40 | INFO | 🏛️  Market Regime: HIGH_VOLATILITY_TRENDING
2025-06-16 12:32:40 | INFO | 📊 Volatility: 90%ile (HIGH_VOLATILITY)
2025-06-16 12:32:40 | INFO | 🎯 Recommended Strategy: BUY_OPTIONS
2025-06-16 12:32:40 | INFO | 
🎯 ENHANCED STRATEGY THRESHOLDS:
2025-06-16 12:32:40 | INFO |   BUY Strategy (Trending Markets):
2025-06-16 12:32:40 | INFO |     SUPER_EXTREME: ±100,000 (4 lots)
2025-06-16 12:32:40 | INFO |     EXTREME: ±50,000 (3 lots)
2025-06-16 12:32:40 | INFO |   SELL Strategy (Range-bound/Low Vol):
2025-06-16 12:32:40 | INFO |     Range Detection: <2.0% price range
2025-06-16 12:32:40 | INFO |     Volatility Threshold: 15-35%ile
2025-06-16 12:32:40 | INFO |     Max SELL Positions: 2
2025-06-16 12:32:40 | INFO |     Max Margin Utilization: 60%
2025-06-16 12:32:40 | INFO | ======================================================================
2025-06-16 12:32:41 | INFO | 📈 Real Spot Price: ₹24894.50 at 2025-06-16 12:30:29
2025-06-16 12:32:41 | INFO | 
==================================================
2025-06-16 12:32:41 | INFO | 📊 ENHANCED REAL-TIME DATA STATUS
2025-06-16 12:32:41 | INFO | ==================================================
2025-06-16 12:32:41 | INFO | 📈 Current Nifty Spot: ₹24894.50
2025-06-16 12:32:42 | INFO | 📈 Real Spot Price: ₹24894.50 at 2025-06-16 12:30:29
2025-06-16 12:32:42 | INFO | 📊 Market Regime Detection:
2025-06-16 12:32:42 | INFO |    Primary Regime: POST_GAP_CONSOLIDATION
2025-06-16 12:32:42 | INFO |    Volatility: HIGH_VOLATILITY (90.0%ile)
2025-06-16 12:32:42 | INFO |    Range Status: RANGE_BOUND
2025-06-16 12:32:42 | INFO |    Recommended Strategy: SELL_PREMIUM
2025-06-16 12:32:42 | INFO | 🏛️  Current Market Regime: POST_GAP_CONSOLIDATION
2025-06-16 12:32:42 | INFO | 📊 Volatility Regime: HIGH_VOLATILITY
2025-06-16 12:32:42 | INFO | 🎯 Strategy Recommendation: SELL_PREMIUM
2025-06-16 12:32:42 | INFO | 🕒 Data Source: Real-time option chain database
2025-06-16 12:32:42 | INFO | 🔄 Update Frequency: Every 5 minutes
2025-06-16 12:32:42 | INFO | 🎯 SELL Strategy: ACTIVE
2025-06-16 12:32:42 | INFO | ==================================================
2025-06-16 12:32:54 | INFO | ⏰ Loop #306: 12:32:54 [REAL DATA MODE]
2025-06-16 12:33:12 | INFO | ⏰ Enhanced Loop #301: 12:33:12 [SELL STRATEGY MODE]
2025-06-16 12:33:24 | INFO | ⏰ Loop #307: 12:33:24 [REAL DATA MODE]
2025-06-16 12:33:24 | INFO | 📊 New dashboard data detected: enhanced_tabbed_dashboard_20250616.html
2025-06-16 12:33:24 | INFO | 📊 Parsing dashboard: enhanced_tabbed_dashboard_20250616.html
2025-06-16 12:33:25 | INFO | 📈 Extracted trend: -8
2025-06-16 12:33:25 | INFO | 🎯 Confidence: 95.0%
2025-06-16 12:33:25 | INFO | 💰 Combined flow: -2.35M
2025-06-16 12:33:25 | INFO | ✅ Dashboard parsed successfully
2025-06-16 12:33:25 | INFO | 🔍 Analyzing signal...
2025-06-16 12:33:25 | INFO |    Cumulative Trend: -8
2025-06-16 12:33:25 | INFO |    Confidence: 95.0%
2025-06-16 12:33:25 | INFO |    Combined Flow: -2.35M
2025-06-16 12:33:25 | INFO |    Trend Strength: WEAK
2025-06-16 12:33:25 | INFO | ❌ SKIP SIGNAL: Trend too weak (below 1k threshold)
2025-06-16 12:33:25 | INFO | 💾 Signal saved: S_20250616_123325
2025-06-16 12:33:25 | INFO | ⏭️  Signal skipped: Trend too weak (below 1k threshold)
2025-06-16 12:33:42 | INFO | ⏰ Enhanced Loop #302: 12:33:42 [SELL STRATEGY MODE]
2025-06-16 12:33:42 | INFO | 📊 New enhanced dashboard data detected: enhanced_tabbed_dashboard_20250616.html
2025-06-16 12:33:42 | INFO | 📊 Parsing dashboard: enhanced_tabbed_dashboard_20250616.html
2025-06-16 12:33:42 | INFO | 📈 Extracted trend: -8
2025-06-16 12:33:42 | INFO | 🎯 Confidence: 95.0%
2025-06-16 12:33:42 | INFO | 💰 Combined flow: -2.35M
2025-06-16 12:33:42 | INFO | ✅ Dashboard parsed successfully
2025-06-16 12:33:42 | INFO | 🔍 Enhanced Signal Analysis...
2025-06-16 12:33:42 | INFO |    Cumulative Trend: -8
2025-06-16 12:33:42 | INFO |    Confidence: 95.0%
2025-06-16 12:33:42 | INFO |    Combined Flow: -2.35M
2025-06-16 12:33:42 | INFO | 📈 Real Spot Price: ₹24894.50 at 2025-06-16 12:30:29
2025-06-16 12:33:42 | INFO | 📊 Market Regime Detection:
2025-06-16 12:33:42 | INFO |    Primary Regime: POST_GAP_CONSOLIDATION
2025-06-16 12:33:42 | INFO |    Volatility: NORMAL_VOLATILITY (50.0%ile)
2025-06-16 12:33:42 | INFO |    Range Status: RANGE_BOUND
2025-06-16 12:33:42 | INFO |    Recommended Strategy: SELL_PREMIUM
2025-06-16 12:33:42 | INFO |    Market Regime: POST_GAP_CONSOLIDATION
2025-06-16 12:33:42 | INFO |    Recommended Strategy: SELL_PREMIUM
2025-06-16 12:33:42 | INFO | ❌ SKIP SELL SIGNAL: SELL strategy requires stronger signals (minimum MODERATE)
2025-06-16 12:33:42 | INFO | 💾 Enhanced signal saved: S_20250616_123342
2025-06-16 12:33:42 | INFO | ⏭️  Enhanced signal skipped: SELL strategy requires stronger signals (minimum MODERATE)
2025-06-16 12:33:55 | INFO | ⏰ Loop #308: 12:33:55 [REAL DATA MODE]
2025-06-16 12:34:12 | INFO | ⏰ Enhanced Loop #303: 12:34:12 [SELL STRATEGY MODE]
2025-06-16 12:34:25 | INFO | ⏰ Loop #309: 12:34:25 [REAL DATA MODE]
2025-06-16 12:34:25 | INFO | 📊 New dashboard data detected: enhanced_tabbed_dashboard_20250616.html
2025-06-16 12:34:25 | INFO | 📊 Parsing dashboard: enhanced_tabbed_dashboard_20250616.html
2025-06-16 12:34:25 | INFO | 📈 Extracted trend: -8
2025-06-16 12:34:25 | INFO | 🎯 Confidence: 95.0%
2025-06-16 12:34:25 | INFO | 💰 Combined flow: -2.35M
2025-06-16 12:34:25 | INFO | ✅ Dashboard parsed successfully
2025-06-16 12:34:25 | INFO | 🔍 Analyzing signal...
2025-06-16 12:34:25 | INFO |    Cumulative Trend: -8
2025-06-16 12:34:25 | INFO |    Confidence: 95.0%
2025-06-16 12:34:25 | INFO |    Combined Flow: -2.35M
2025-06-16 12:34:25 | INFO |    Trend Strength: WEAK
2025-06-16 12:34:25 | INFO | ❌ SKIP SIGNAL: Trend too weak (below 1k threshold)
2025-06-16 12:34:25 | INFO | 💾 Signal saved: S_20250616_123425
2025-06-16 12:34:25 | INFO | ⏭️  Signal skipped: Trend too weak (below 1k threshold)
2025-06-16 12:34:42 | INFO | ⏰ Enhanced Loop #304: 12:34:42 [SELL STRATEGY MODE]
2025-06-16 12:34:42 | INFO | 📊 New enhanced dashboard data detected: enhanced_tabbed_dashboard_20250616.html
2025-06-16 12:34:42 | INFO | 📊 Parsing dashboard: enhanced_tabbed_dashboard_20250616.html
2025-06-16 12:34:42 | INFO | 📈 Extracted trend: -8
2025-06-16 12:34:42 | INFO | 🎯 Confidence: 95.0%
2025-06-16 12:34:42 | INFO | 💰 Combined flow: -2.35M
2025-06-16 12:34:42 | INFO | ✅ Dashboard parsed successfully
2025-06-16 12:34:42 | INFO | 🔍 Enhanced Signal Analysis...
2025-06-16 12:34:42 | INFO |    Cumulative Trend: -8
2025-06-16 12:34:42 | INFO |    Confidence: 95.0%
2025-06-16 12:34:42 | INFO |    Combined Flow: -2.35M
2025-06-16 12:34:43 | INFO | 📈 Real Spot Price: ₹24894.50 at 2025-06-16 12:30:29
2025-06-16 12:34:43 | INFO | 📊 Market Regime Detection:
2025-06-16 12:34:43 | INFO |    Primary Regime: RANGE_BOUND_LOW_VOL
2025-06-16 12:34:43 | INFO |    Volatility: LOW_VOLATILITY (10.0%ile)
2025-06-16 12:34:43 | INFO |    Range Status: RANGE_BOUND
2025-06-16 12:34:43 | INFO |    Recommended Strategy: SELL_PREMIUM
2025-06-16 12:34:43 | INFO |    Market Regime: RANGE_BOUND_LOW_VOL
2025-06-16 12:34:43 | INFO |    Recommended Strategy: SELL_PREMIUM
2025-06-16 12:34:43 | INFO | ❌ SKIP SELL SIGNAL: SELL strategy requires stronger signals (minimum MODERATE)
2025-06-16 12:34:43 | INFO | 💾 Enhanced signal saved: S_20250616_123443
2025-06-16 12:34:43 | INFO | ⏭️  Enhanced signal skipped: SELL strategy requires stronger signals (minimum MODERATE)
2025-06-16 12:34:55 | INFO | ⏰ Loop #310: 12:34:55 [REAL DATA MODE]
2025-06-16 12:35:13 | INFO | ⏰ Enhanced Loop #305: 12:35:13 [SELL STRATEGY MODE]
2025-06-16 12:35:25 | INFO | ⏰ Loop #311: 12:35:25 [REAL DATA MODE]
2025-06-16 12:35:25 | INFO | 📊 New dashboard data detected: enhanced_tabbed_dashboard_20250616.html
2025-06-16 12:35:25 | INFO | 📊 Parsing dashboard: enhanced_tabbed_dashboard_20250616.html
2025-06-16 12:35:25 | INFO | 📈 Extracted trend: -11
2025-06-16 12:35:25 | INFO | 🎯 Confidence: 95.0%
2025-06-16 12:35:25 | INFO | 💰 Combined flow: -4.32M
2025-06-16 12:35:25 | INFO | ✅ Dashboard parsed successfully
2025-06-16 12:35:25 | INFO | 🔍 Analyzing signal...
2025-06-16 12:35:25 | INFO |    Cumulative Trend: -11
2025-06-16 12:35:25 | INFO |    Confidence: 95.0%
2025-06-16 12:35:25 | INFO |    Combined Flow: -4.32M
2025-06-16 12:35:25 | INFO |    Trend Strength: WEAK
2025-06-16 12:35:25 | INFO | ❌ SKIP SIGNAL: Trend too weak (below 1k threshold)
2025-06-16 12:35:25 | INFO | 💾 Signal saved: S_20250616_123525
2025-06-16 12:35:25 | INFO | ⏭️  Signal skipped: Trend too weak (below 1k threshold)
2025-06-16 12:35:43 | INFO | ⏰ Enhanced Loop #306: 12:35:43 [SELL STRATEGY MODE]
2025-06-16 12:35:43 | INFO | 📊 New enhanced dashboard data detected: enhanced_tabbed_dashboard_20250616.html
2025-06-16 12:35:43 | INFO | 📊 Parsing dashboard: enhanced_tabbed_dashboard_20250616.html
2025-06-16 12:35:43 | INFO | 📈 Extracted trend: -11
2025-06-16 12:35:43 | INFO | 🎯 Confidence: 95.0%
2025-06-16 12:35:43 | INFO | 💰 Combined flow: -4.32M
2025-06-16 12:35:43 | INFO | ✅ Dashboard parsed successfully
2025-06-16 12:35:43 | INFO | 🔍 Enhanced Signal Analysis...
2025-06-16 12:35:43 | INFO |    Cumulative Trend: -11
2025-06-16 12:35:43 | INFO |    Confidence: 95.0%
2025-06-16 12:35:43 | INFO |    Combined Flow: -4.32M
2025-06-16 12:35:44 | INFO | 📈 Real Spot Price: ₹24911.05 at 2025-06-16 12:35:35
2025-06-16 12:35:44 | INFO | 📊 Market Regime Detection:
2025-06-16 12:35:44 | INFO |    Primary Regime: HIGH_VOLATILITY_TRENDING
2025-06-16 12:35:44 | INFO |    Volatility: HIGH_VOLATILITY (80.0%ile)
2025-06-16 12:35:44 | INFO |    Range Status: RANGE_BOUND
2025-06-16 12:35:44 | INFO |    Recommended Strategy: BUY_OPTIONS
2025-06-16 12:35:44 | INFO |    Market Regime: HIGH_VOLATILITY_TRENDING
2025-06-16 12:35:44 | INFO |    Recommended Strategy: BUY_OPTIONS
2025-06-16 12:35:44 | INFO | 🔍 Analyzing signal...
2025-06-16 12:35:44 | INFO |    Cumulative Trend: -11
2025-06-16 12:35:44 | INFO |    Confidence: 95.0%
2025-06-16 12:35:44 | INFO |    Combined Flow: -4.32M
2025-06-16 12:35:44 | INFO |    Trend Strength: WEAK
2025-06-16 12:35:44 | INFO | ❌ SKIP SIGNAL: Trend too weak (below 1k threshold)
2025-06-16 12:35:44 | INFO | 💾 Enhanced signal saved: S_20250616_123544
2025-06-16 12:35:44 | INFO | ⏭️  Enhanced signal skipped: Trend too weak (below 1k threshold)
2025-06-16 12:35:55 | INFO | ⏰ Loop #312: 12:35:55 [REAL DATA MODE]
2025-06-16 12:36:14 | INFO | ⏰ Enhanced Loop #307: 12:36:14 [SELL STRATEGY MODE]
2025-06-16 12:36:25 | INFO | ⏰ Loop #313: 12:36:25 [REAL DATA MODE]
2025-06-16 12:36:25 | INFO | 📊 New dashboard data detected: enhanced_tabbed_dashboard_20250616.html
2025-06-16 12:36:25 | INFO | 📊 Parsing dashboard: enhanced_tabbed_dashboard_20250616.html
2025-06-16 12:36:25 | INFO | 📈 Extracted trend: -101
2025-06-16 12:36:25 | INFO | 🎯 Confidence: 95.0%
2025-06-16 12:36:25 | INFO | 💰 Combined flow: -4.32M
2025-06-16 12:36:25 | INFO | ✅ Dashboard parsed successfully
2025-06-16 12:36:25 | INFO | 🔍 Analyzing signal...
2025-06-16 12:36:25 | INFO |    Cumulative Trend: -101
2025-06-16 12:36:25 | INFO |    Confidence: 95.0%
2025-06-16 12:36:25 | INFO |    Combined Flow: -4.32M
2025-06-16 12:36:25 | INFO |    Trend Strength: WEAK
2025-06-16 12:36:25 | INFO | ❌ SKIP SIGNAL: Trend too weak (below 1k threshold)
2025-06-16 12:36:25 | INFO | 💾 Signal saved: S_20250616_123625
2025-06-16 12:36:25 | INFO | ⏭️  Signal skipped: Trend too weak (below 1k threshold)
2025-06-16 12:36:44 | INFO | ⏰ Enhanced Loop #308: 12:36:44 [SELL STRATEGY MODE]
2025-06-16 12:36:44 | INFO | 📊 New enhanced dashboard data detected: enhanced_tabbed_dashboard_20250616.html
2025-06-16 12:36:44 | INFO | 📊 Parsing dashboard: enhanced_tabbed_dashboard_20250616.html
2025-06-16 12:36:44 | INFO | 📈 Extracted trend: -101
2025-06-16 12:36:44 | INFO | 🎯 Confidence: 95.0%
2025-06-16 12:36:44 | INFO | 💰 Combined flow: -4.32M
2025-06-16 12:36:44 | INFO | ✅ Dashboard parsed successfully
2025-06-16 12:36:44 | INFO | 🔍 Enhanced Signal Analysis...
2025-06-16 12:36:44 | INFO |    Cumulative Trend: -101
2025-06-16 12:36:44 | INFO |    Confidence: 95.0%
2025-06-16 12:36:44 | INFO |    Combined Flow: -4.32M
2025-06-16 12:36:44 | INFO | 📈 Real Spot Price: ₹24911.05 at 2025-06-16 12:35:35
2025-06-16 12:36:44 | INFO | 📊 Market Regime Detection:
2025-06-16 12:36:44 | INFO |    Primary Regime: HIGH_VOLATILITY_TRENDING
2025-06-16 12:36:44 | INFO |    Volatility: HIGH_VOLATILITY (90.0%ile)
2025-06-16 12:36:44 | INFO |    Range Status: RANGE_BOUND
2025-06-16 12:36:44 | INFO |    Recommended Strategy: BUY_OPTIONS
2025-06-16 12:36:44 | INFO |    Market Regime: HIGH_VOLATILITY_TRENDING
2025-06-16 12:36:44 | INFO |    Recommended Strategy: BUY_OPTIONS
2025-06-16 12:36:44 | INFO | 🔍 Analyzing signal...
2025-06-16 12:36:44 | INFO |    Cumulative Trend: -101
2025-06-16 12:36:44 | INFO |    Confidence: 95.0%
2025-06-16 12:36:44 | INFO |    Combined Flow: -4.32M
2025-06-16 12:36:44 | INFO |    Trend Strength: WEAK
2025-06-16 12:36:44 | INFO | ❌ SKIP SIGNAL: Trend too weak (below 1k threshold)
2025-06-16 12:36:44 | INFO | 💾 Enhanced signal saved: S_20250616_123644
2025-06-16 12:36:44 | INFO | ⏭️  Enhanced signal skipped: Trend too weak (below 1k threshold)
2025-06-16 12:36:55 | INFO | ⏰ Loop #314: 12:36:55 [REAL DATA MODE]
2025-06-16 12:37:14 | INFO | ⏰ Enhanced Loop #309: 12:37:14 [SELL STRATEGY MODE]
2025-06-16 12:37:25 | INFO | ⏰ Loop #315: 12:37:25 [REAL DATA MODE]
2025-06-16 12:37:25 | INFO | 📊 New dashboard data detected: enhanced_tabbed_dashboard_20250616.html
2025-06-16 12:37:25 | INFO | 📊 Parsing dashboard: enhanced_tabbed_dashboard_20250616.html
2025-06-16 12:37:25 | INFO | 📈 Extracted trend: -101
2025-06-16 12:37:25 | INFO | 🎯 Confidence: 95.0%
2025-06-16 12:37:25 | INFO | 💰 Combined flow: -4.32M
2025-06-16 12:37:25 | INFO | ✅ Dashboard parsed successfully
2025-06-16 12:37:25 | INFO | 🔍 Analyzing signal...
2025-06-16 12:37:25 | INFO |    Cumulative Trend: -101
2025-06-16 12:37:25 | INFO |    Confidence: 95.0%
2025-06-16 12:37:25 | INFO |    Combined Flow: -4.32M
2025-06-16 12:37:25 | INFO |    Trend Strength: WEAK
2025-06-16 12:37:25 | INFO | ❌ SKIP SIGNAL: Trend too weak (below 1k threshold)
2025-06-16 12:37:25 | INFO | 💾 Signal saved: S_20250616_123725
2025-06-16 12:37:25 | INFO | ⏭️  Signal skipped: Trend too weak (below 1k threshold)
2025-06-16 12:37:44 | INFO | ⏰ Enhanced Loop #310: 12:37:44 [SELL STRATEGY MODE]
2025-06-16 12:37:44 | INFO | 📊 New enhanced dashboard data detected: enhanced_tabbed_dashboard_20250616.html
2025-06-16 12:37:44 | INFO | 📊 Parsing dashboard: enhanced_tabbed_dashboard_20250616.html
2025-06-16 12:37:44 | INFO | 📈 Extracted trend: -101
2025-06-16 12:37:44 | INFO | 🎯 Confidence: 95.0%
2025-06-16 12:37:44 | INFO | 💰 Combined flow: -4.32M
2025-06-16 12:37:44 | INFO | ✅ Dashboard parsed successfully
2025-06-16 12:37:44 | INFO | 🔍 Enhanced Signal Analysis...
2025-06-16 12:37:44 | INFO |    Cumulative Trend: -101
2025-06-16 12:37:44 | INFO |    Confidence: 95.0%
2025-06-16 12:37:44 | INFO |    Combined Flow: -4.32M
2025-06-16 12:37:45 | INFO | 📈 Real Spot Price: ₹24911.05 at 2025-06-16 12:35:35
2025-06-16 12:37:45 | INFO | 📊 Market Regime Detection:
2025-06-16 12:37:45 | INFO |    Primary Regime: HIGH_VOLATILITY_TRENDING
2025-06-16 12:37:45 | INFO |    Volatility: HIGH_VOLATILITY (90.0%ile)
2025-06-16 12:37:45 | INFO |    Range Status: RANGE_BOUND
2025-06-16 12:37:45 | INFO |    Recommended Strategy: BUY_OPTIONS
2025-06-16 12:37:45 | INFO |    Market Regime: HIGH_VOLATILITY_TRENDING
2025-06-16 12:37:45 | INFO |    Recommended Strategy: BUY_OPTIONS
2025-06-16 12:37:45 | INFO | 🔍 Analyzing signal...
2025-06-16 12:37:45 | INFO |    Cumulative Trend: -101
2025-06-16 12:37:45 | INFO |    Confidence: 95.0%
2025-06-16 12:37:45 | INFO |    Combined Flow: -4.32M
2025-06-16 12:37:45 | INFO |    Trend Strength: WEAK
2025-06-16 12:37:45 | INFO | ❌ SKIP SIGNAL: Trend too weak (below 1k threshold)
2025-06-16 12:37:45 | INFO | 💾 Enhanced signal saved: S_20250616_123745
2025-06-16 12:37:45 | INFO | ⏭️  Enhanced signal skipped: Trend too weak (below 1k threshold)
2025-06-16 12:37:45 | ERROR | ❌ Risk check failed: 'EnhancedPortfolioManager' object has no attribute 'get_portfolio_summary'
2025-06-16 12:37:55 | INFO | ⏰ Loop #316: 12:37:55 [REAL DATA MODE]
2025-06-16 12:38:15 | INFO | ⏰ Enhanced Loop #311: 12:38:15 [SELL STRATEGY MODE]
2025-06-16 12:38:25 | INFO | ⏰ Loop #317: 12:38:25 [REAL DATA MODE]
2025-06-16 12:38:25 | INFO | 📊 New dashboard data detected: enhanced_tabbed_dashboard_20250616.html
2025-06-16 12:38:25 | INFO | 📊 Parsing dashboard: enhanced_tabbed_dashboard_20250616.html
2025-06-16 12:38:25 | INFO | 📈 Extracted trend: -73
2025-06-16 12:38:25 | INFO | 🎯 Confidence: 95.0%
2025-06-16 12:38:25 | INFO | 💰 Combined flow: 30.47M
2025-06-16 12:38:25 | INFO | ✅ Dashboard parsed successfully
2025-06-16 12:38:25 | INFO | 🔍 Analyzing signal...
2025-06-16 12:38:25 | INFO |    Cumulative Trend: -73
2025-06-16 12:38:25 | INFO |    Confidence: 95.0%
2025-06-16 12:38:25 | INFO |    Combined Flow: +30.47M
2025-06-16 12:38:25 | INFO |    Trend Strength: WEAK
2025-06-16 12:38:25 | INFO | ❌ SKIP SIGNAL: Trend too weak (below 1k threshold)
2025-06-16 12:38:25 | INFO | 💾 Signal saved: S_20250616_123825
2025-06-16 12:38:25 | INFO | ⏭️  Signal skipped: Trend too weak (below 1k threshold)
2025-06-16 12:38:45 | INFO | ⏰ Enhanced Loop #312: 12:38:45 [SELL STRATEGY MODE]
2025-06-16 12:38:45 | INFO | 📊 New enhanced dashboard data detected: enhanced_tabbed_dashboard_20250616.html
2025-06-16 12:38:45 | INFO | 📊 Parsing dashboard: enhanced_tabbed_dashboard_20250616.html
2025-06-16 12:38:45 | INFO | 📈 Extracted trend: -73
2025-06-16 12:38:45 | INFO | 🎯 Confidence: 95.0%
2025-06-16 12:38:45 | INFO | 💰 Combined flow: 30.47M
2025-06-16 12:38:45 | INFO | ✅ Dashboard parsed successfully
2025-06-16 12:38:45 | INFO | 🔍 Enhanced Signal Analysis...
2025-06-16 12:38:45 | INFO |    Cumulative Trend: -73
2025-06-16 12:38:45 | INFO |    Confidence: 95.0%
2025-06-16 12:38:45 | INFO |    Combined Flow: +30.47M
2025-06-16 12:38:46 | INFO | 📈 Real Spot Price: ₹24911.05 at 2025-06-16 12:35:35
2025-06-16 12:38:46 | INFO | 📊 Market Regime Detection:
2025-06-16 12:38:46 | INFO |    Primary Regime: RANGE_BOUND_LOW_VOL
2025-06-16 12:38:46 | INFO |    Volatility: LOW_VOLATILITY (10.0%ile)
2025-06-16 12:38:46 | INFO |    Range Status: RANGE_BOUND
2025-06-16 12:38:46 | INFO |    Recommended Strategy: SELL_PREMIUM
2025-06-16 12:38:46 | INFO |    Market Regime: RANGE_BOUND_LOW_VOL
2025-06-16 12:38:46 | INFO |    Recommended Strategy: SELL_PREMIUM
2025-06-16 12:38:46 | INFO | ❌ SKIP SELL SIGNAL: SELL strategy requires stronger signals (minimum MODERATE)
2025-06-16 12:38:46 | INFO | 💾 Enhanced signal saved: S_20250616_123846
2025-06-16 12:38:46 | INFO | ⏭️  Enhanced signal skipped: SELL strategy requires stronger signals (minimum MODERATE)
2025-06-16 12:38:55 | INFO | ⏰ Loop #318: 12:38:55 [REAL DATA MODE]
2025-06-16 12:39:16 | INFO | ⏰ Enhanced Loop #313: 12:39:16 [SELL STRATEGY MODE]
2025-06-16 12:39:25 | INFO | ⏰ Loop #319: 12:39:25 [REAL DATA MODE]
2025-06-16 12:39:25 | INFO | 📊 New dashboard data detected: enhanced_tabbed_dashboard_20250616.html
2025-06-16 12:39:25 | INFO | 📊 Parsing dashboard: enhanced_tabbed_dashboard_20250616.html
2025-06-16 12:39:25 | INFO | 📈 Extracted trend: -73
2025-06-16 12:39:25 | INFO | 🎯 Confidence: 95.0%
2025-06-16 12:39:25 | INFO | 💰 Combined flow: 30.47M
2025-06-16 12:39:25 | INFO | ✅ Dashboard parsed successfully
2025-06-16 12:39:25 | INFO | 🔍 Analyzing signal...
2025-06-16 12:39:25 | INFO |    Cumulative Trend: -73
2025-06-16 12:39:25 | INFO |    Confidence: 95.0%
2025-06-16 12:39:25 | INFO |    Combined Flow: +30.47M
2025-06-16 12:39:25 | INFO |    Trend Strength: WEAK
2025-06-16 12:39:25 | INFO | ❌ SKIP SIGNAL: Trend too weak (below 1k threshold)
2025-06-16 12:39:25 | INFO | 💾 Signal saved: S_20250616_123925
2025-06-16 12:39:25 | INFO | ⏭️  Signal skipped: Trend too weak (below 1k threshold)
2025-06-16 12:39:46 | INFO | ⏰ Enhanced Loop #314: 12:39:46 [SELL STRATEGY MODE]
2025-06-16 12:39:46 | INFO | 📊 New enhanced dashboard data detected: enhanced_tabbed_dashboard_20250616.html
2025-06-16 12:39:46 | INFO | 📊 Parsing dashboard: enhanced_tabbed_dashboard_20250616.html
2025-06-16 12:39:46 | INFO | 📈 Extracted trend: -73
2025-06-16 12:39:46 | INFO | 🎯 Confidence: 95.0%
2025-06-16 12:39:46 | INFO | 💰 Combined flow: 30.47M
2025-06-16 12:39:46 | INFO | ✅ Dashboard parsed successfully
2025-06-16 12:39:46 | INFO | 🔍 Enhanced Signal Analysis...
2025-06-16 12:39:46 | INFO |    Cumulative Trend: -73
2025-06-16 12:39:46 | INFO |    Confidence: 95.0%
2025-06-16 12:39:46 | INFO |    Combined Flow: +30.47M
2025-06-16 12:39:46 | INFO | 📈 Real Spot Price: ₹24911.05 at 2025-06-16 12:35:35
2025-06-16 12:39:46 | INFO | 📊 Market Regime Detection:
2025-06-16 12:39:46 | INFO |    Primary Regime: RANGE_BOUND_LOW_VOL
2025-06-16 12:39:46 | INFO |    Volatility: LOW_VOLATILITY (10.0%ile)
2025-06-16 12:39:46 | INFO |    Range Status: RANGE_BOUND
2025-06-16 12:39:46 | INFO |    Recommended Strategy: SELL_PREMIUM
2025-06-16 12:39:46 | INFO |    Market Regime: RANGE_BOUND_LOW_VOL
2025-06-16 12:39:46 | INFO |    Recommended Strategy: SELL_PREMIUM
2025-06-16 12:39:46 | INFO | ❌ SKIP SELL SIGNAL: SELL strategy requires stronger signals (minimum MODERATE)
2025-06-16 12:39:46 | INFO | 💾 Enhanced signal saved: S_20250616_123946
2025-06-16 12:39:46 | INFO | ⏭️  Enhanced signal skipped: SELL strategy requires stronger signals (minimum MODERATE)
2025-06-16 12:39:55 | INFO | ⏰ Loop #320: 12:39:55 [REAL DATA MODE]
2025-06-16 12:39:55 | INFO | 
======================================================================
2025-06-16 12:39:55 | INFO | 📊 ENHANCED SYSTEM STATUS
2025-06-16 12:39:55 | INFO | ======================================================================
2025-06-16 12:39:55 | INFO | System Status: 🟢 RUNNING
2025-06-16 12:39:55 | INFO | Trading Status: 🟢 ENABLED
2025-06-16 12:39:55 | INFO | 💰 Current Capital: ₹100,000.00
2025-06-16 12:39:55 | INFO | 💸 Available Capital: ₹100,000.00
2025-06-16 12:39:55 | INFO | ⚖️  Capital at Risk: ₹0.00
2025-06-16 12:39:55 | INFO | 📈 Daily P&L: ₹+0.00
2025-06-16 12:39:55 | INFO | 💼 Active Positions: 0
2025-06-16 12:39:55 | INFO | 📊 Trades Today: 0
2025-06-16 12:39:55 | INFO | 🟢 Risk Exposure: 0.0%
2025-06-16 12:39:55 | INFO | 📊 Latest Dashboard: enhanced_tabbed_dashboard_20250616.html
2025-06-16 12:39:55 | INFO | 🕒 Dashboard Modified: 2025-06-16 12:39:24
2025-06-16 12:39:55 | INFO | 📡 Signals Today: 153
2025-06-16 12:39:55 | INFO | 🕒 Last Check: 12:39:55
2025-06-16 12:39:55 | INFO | 
🎯 SIGNAL THRESHOLDS:
2025-06-16 12:39:55 | INFO |    SUPER_EXTREME: ±100,000 (4 lots)
2025-06-16 12:39:55 | INFO |    EXTREME: ±50,000 (3 lots)
2025-06-16 12:39:55 | INFO |    STRONG:  ±15,000 (2 lots)
2025-06-16 12:39:55 | INFO |    MODERATE: ±5,000 (1 lot)
2025-06-16 12:39:55 | INFO | ======================================================================
2025-06-16 12:39:56 | INFO | 
==================================================
2025-06-16 12:39:56 | INFO | 📊 REAL-TIME DATA STATUS
2025-06-16 12:39:56 | INFO | ==================================================
2025-06-16 12:39:56 | INFO | 📈 Current Nifty Spot: ₹24911.05
2025-06-16 12:39:56 | INFO | 🕒 Data Source: Real-time option chain database
2025-06-16 12:39:56 | INFO | 🔄 Update Frequency: Every 5 minutes
2025-06-16 12:39:56 | INFO | ==================================================
2025-06-16 12:40:16 | INFO | ⏰ Enhanced Loop #315: 12:40:16 [SELL STRATEGY MODE]
2025-06-16 12:40:26 | INFO | ⏰ Loop #321: 12:40:26 [REAL DATA MODE]
2025-06-16 12:40:26 | INFO | 📊 New dashboard data detected: enhanced_tabbed_dashboard_20250616.html
2025-06-16 12:40:26 | INFO | 📊 Parsing dashboard: enhanced_tabbed_dashboard_20250616.html
2025-06-16 12:40:26 | INFO | 📈 Extracted trend: -73
2025-06-16 12:40:26 | INFO | 🎯 Confidence: 95.0%
2025-06-16 12:40:26 | INFO | 💰 Combined flow: 30.47M
2025-06-16 12:40:26 | INFO | ✅ Dashboard parsed successfully
2025-06-16 12:40:26 | INFO | 🔍 Analyzing signal...
2025-06-16 12:40:26 | INFO |    Cumulative Trend: -73
2025-06-16 12:40:26 | INFO |    Confidence: 95.0%
2025-06-16 12:40:26 | INFO |    Combined Flow: +30.47M
2025-06-16 12:40:26 | INFO |    Trend Strength: WEAK
2025-06-16 12:40:26 | INFO | ❌ SKIP SIGNAL: Trend too weak (below 1k threshold)
2025-06-16 12:40:26 | INFO | 💾 Signal saved: S_20250616_124026
2025-06-16 12:40:26 | INFO | ⏭️  Signal skipped: Trend too weak (below 1k threshold)
2025-06-16 12:40:46 | INFO | ⏰ Enhanced Loop #316: 12:40:46 [SELL STRATEGY MODE]
2025-06-16 12:40:46 | INFO | 📊 New enhanced dashboard data detected: enhanced_tabbed_dashboard_20250616.html
2025-06-16 12:40:46 | INFO | 📊 Parsing dashboard: enhanced_tabbed_dashboard_20250616.html
2025-06-16 12:40:46 | INFO | 📈 Extracted trend: -73
2025-06-16 12:40:46 | INFO | 🎯 Confidence: 95.0%
2025-06-16 12:40:46 | INFO | 💰 Combined flow: 30.47M
2025-06-16 12:40:46 | INFO | ✅ Dashboard parsed successfully
2025-06-16 12:40:46 | INFO | 🔍 Enhanced Signal Analysis...
2025-06-16 12:40:46 | INFO |    Cumulative Trend: -73
2025-06-16 12:40:46 | INFO |    Confidence: 95.0%
2025-06-16 12:40:46 | INFO |    Combined Flow: +30.47M
2025-06-16 12:40:47 | INFO | 📈 Real Spot Price: ₹24928.65 at 2025-06-16 12:40:41
2025-06-16 12:40:47 | INFO | 📊 Market Regime Detection:
2025-06-16 12:40:47 | INFO |    Primary Regime: NORMAL_TRENDING
2025-06-16 12:40:47 | INFO |    Volatility: NORMAL_VOLATILITY (40.0%ile)
2025-06-16 12:40:47 | INFO |    Range Status: RANGE_BOUND
2025-06-16 12:40:47 | INFO |    Recommended Strategy: BUY_OPTIONS
2025-06-16 12:40:47 | INFO |    Market Regime: NORMAL_TRENDING
2025-06-16 12:40:47 | INFO |    Recommended Strategy: BUY_OPTIONS
2025-06-16 12:40:47 | INFO | 🔍 Analyzing signal...
2025-06-16 12:40:47 | INFO |    Cumulative Trend: -73
2025-06-16 12:40:47 | INFO |    Confidence: 95.0%
2025-06-16 12:40:47 | INFO |    Combined Flow: +30.47M
2025-06-16 12:40:47 | INFO |    Trend Strength: WEAK
2025-06-16 12:40:47 | INFO | ❌ SKIP SIGNAL: Trend too weak (below 1k threshold)
2025-06-16 12:40:47 | INFO | 💾 Enhanced signal saved: S_20250616_124047
2025-06-16 12:40:47 | INFO | ⏭️  Enhanced signal skipped: Trend too weak (below 1k threshold)
2025-06-16 12:40:56 | INFO | ⏰ Loop #322: 12:40:56 [REAL DATA MODE]
2025-06-16 12:41:17 | INFO | ⏰ Enhanced Loop #317: 12:41:17 [SELL STRATEGY MODE]
2025-06-16 12:41:26 | INFO | ⏰ Loop #323: 12:41:26 [REAL DATA MODE]
2025-06-16 12:41:47 | INFO | ⏰ Enhanced Loop #318: 12:41:47 [SELL STRATEGY MODE]
2025-06-16 12:41:47 | INFO | 📊 New enhanced dashboard data detected: enhanced_tabbed_dashboard_20250616.html
2025-06-16 12:41:47 | INFO | 📊 Parsing dashboard: enhanced_tabbed_dashboard_20250616.html
2025-06-16 12:41:47 | INFO | 📈 Extracted trend: -37
2025-06-16 12:41:47 | INFO | 🎯 Confidence: 95.0%
2025-06-16 12:41:47 | INFO | 💰 Combined flow: 9.47M
2025-06-16 12:41:47 | INFO | ✅ Dashboard parsed successfully
2025-06-16 12:41:47 | INFO | 🔍 Enhanced Signal Analysis...
2025-06-16 12:41:47 | INFO |    Cumulative Trend: -37
2025-06-16 12:41:47 | INFO |    Confidence: 95.0%
2025-06-16 12:41:47 | INFO |    Combined Flow: +9.47M
2025-06-16 12:41:48 | INFO | 📈 Real Spot Price: ₹24928.65 at 2025-06-16 12:40:41
2025-06-16 12:41:48 | INFO | 📊 Market Regime Detection:
2025-06-16 12:41:48 | INFO |    Primary Regime: RANGE_BOUND_LOW_VOL
2025-06-16 12:41:48 | INFO |    Volatility: LOW_VOLATILITY (20.0%ile)
2025-06-16 12:41:48 | INFO |    Range Status: RANGE_BOUND
2025-06-16 12:41:48 | INFO |    Recommended Strategy: SELL_PREMIUM
2025-06-16 12:41:48 | INFO |    Market Regime: RANGE_BOUND_LOW_VOL
2025-06-16 12:41:48 | INFO |    Recommended Strategy: SELL_PREMIUM
2025-06-16 12:41:48 | INFO | ❌ SKIP SELL SIGNAL: SELL strategy requires stronger signals (minimum MODERATE)
2025-06-16 12:41:48 | INFO | 💾 Enhanced signal saved: S_20250616_124148
2025-06-16 12:41:48 | INFO | ⏭️  Enhanced signal skipped: SELL strategy requires stronger signals (minimum MODERATE)
2025-06-16 12:41:56 | INFO | ⏰ Loop #324: 12:41:56 [REAL DATA MODE]
2025-06-16 12:41:56 | INFO | 📊 New dashboard data detected: enhanced_tabbed_dashboard_20250616.html
2025-06-16 12:41:56 | INFO | 📊 Parsing dashboard: enhanced_tabbed_dashboard_20250616.html
2025-06-16 12:41:56 | INFO | 📈 Extracted trend: -37
2025-06-16 12:41:56 | INFO | 🎯 Confidence: 95.0%
2025-06-16 12:41:56 | INFO | 💰 Combined flow: 9.47M
2025-06-16 12:41:56 | INFO | ✅ Dashboard parsed successfully
2025-06-16 12:41:56 | INFO | 🔍 Analyzing signal...
2025-06-16 12:41:56 | INFO |    Cumulative Trend: -37
2025-06-16 12:41:56 | INFO |    Confidence: 95.0%
2025-06-16 12:41:56 | INFO |    Combined Flow: +9.47M
2025-06-16 12:41:56 | INFO |    Trend Strength: WEAK
2025-06-16 12:41:56 | INFO | ❌ SKIP SIGNAL: Trend too weak (below 1k threshold)
2025-06-16 12:41:56 | INFO | 💾 Signal saved: S_20250616_124156
2025-06-16 12:41:56 | INFO | ⏭️  Signal skipped: Trend too weak (below 1k threshold)
2025-06-16 12:42:18 | INFO | ⏰ Enhanced Loop #319: 12:42:18 [SELL STRATEGY MODE]
2025-06-16 12:42:26 | INFO | ⏰ Loop #325: 12:42:26 [REAL DATA MODE]
2025-06-16 12:42:48 | INFO | ⏰ Enhanced Loop #320: 12:42:48 [SELL STRATEGY MODE]
2025-06-16 12:42:48 | INFO | 📊 New enhanced dashboard data detected: enhanced_tabbed_dashboard_20250616.html
2025-06-16 12:42:48 | INFO | 📊 Parsing dashboard: enhanced_tabbed_dashboard_20250616.html
2025-06-16 12:42:48 | INFO | 📈 Extracted trend: -37
2025-06-16 12:42:48 | INFO | 🎯 Confidence: 95.0%
2025-06-16 12:42:48 | INFO | 💰 Combined flow: 9.47M
2025-06-16 12:42:48 | INFO | ✅ Dashboard parsed successfully
2025-06-16 12:42:48 | INFO | 🔍 Enhanced Signal Analysis...
2025-06-16 12:42:48 | INFO |    Cumulative Trend: -37
2025-06-16 12:42:48 | INFO |    Confidence: 95.0%
2025-06-16 12:42:48 | INFO |    Combined Flow: +9.47M
2025-06-16 12:42:48 | INFO | 📈 Real Spot Price: ₹24928.65 at 2025-06-16 12:40:41
2025-06-16 12:42:48 | INFO | 📊 Market Regime Detection:
2025-06-16 12:42:48 | INFO |    Primary Regime: POST_GAP_CONSOLIDATION
2025-06-16 12:42:48 | INFO |    Volatility: NORMAL_VOLATILITY (60.0%ile)
2025-06-16 12:42:48 | INFO |    Range Status: RANGE_BOUND
2025-06-16 12:42:48 | INFO |    Recommended Strategy: SELL_PREMIUM
2025-06-16 12:42:48 | INFO |    Market Regime: POST_GAP_CONSOLIDATION
2025-06-16 12:42:48 | INFO |    Recommended Strategy: SELL_PREMIUM
2025-06-16 12:42:48 | INFO | ❌ SKIP SELL SIGNAL: SELL strategy requires stronger signals (minimum MODERATE)
2025-06-16 12:42:48 | INFO | 💾 Enhanced signal saved: S_20250616_124248
2025-06-16 12:42:48 | INFO | ⏭️  Enhanced signal skipped: SELL strategy requires stronger signals (minimum MODERATE)
2025-06-16 12:42:48 | ERROR | ❌ Risk check failed: 'EnhancedPortfolioManager' object has no attribute 'get_portfolio_summary'
2025-06-16 12:42:48 | INFO | 
======================================================================
2025-06-16 12:42:48 | INFO | 📊 ENHANCED SYSTEM STATUS (SELL STRATEGY ENABLED)
2025-06-16 12:42:48 | INFO | ======================================================================
2025-06-16 12:42:48 | INFO | System Status: 🟢 RUNNING
2025-06-16 12:42:48 | INFO | Trading Status: 🟢 ENABLED
2025-06-16 12:42:48 | INFO | 💰 Current Capital: ₹100,000.00
2025-06-16 12:42:48 | INFO | 💸 Available Capital: ₹100,000.00
2025-06-16 12:42:48 | INFO | ⚖️  Capital at Risk (BUY): ₹0.00
2025-06-16 12:42:48 | INFO | 🏦 Margin Utilized (SELL): ₹0.00
2025-06-16 12:42:48 | INFO | 💵 Premium Collected: ₹0.00
2025-06-16 12:42:48 | INFO | 📈 Daily P&L: ₹+0.00
2025-06-16 12:42:48 | INFO | 💼 Total Active Positions: 0
2025-06-16 12:42:48 | INFO | 📊 BUY Positions: 0 | SELL Positions: 0
2025-06-16 12:42:48 | INFO | 📊 Trades Today: 0
2025-06-16 12:42:48 | INFO | 🟢 Total Risk Exposure: 0.0%
2025-06-16 12:42:49 | INFO | 📈 Real Spot Price: ₹24928.65 at 2025-06-16 12:40:41
2025-06-16 12:42:49 | INFO | 📊 Market Regime Detection:
2025-06-16 12:42:49 | INFO |    Primary Regime: HIGH_VOLATILITY_TRENDING
2025-06-16 12:42:49 | INFO |    Volatility: HIGH_VOLATILITY (80.0%ile)
2025-06-16 12:42:49 | INFO |    Range Status: RANGE_BOUND
2025-06-16 12:42:49 | INFO |    Recommended Strategy: BUY_OPTIONS
2025-06-16 12:42:49 | INFO | 🏛️  Market Regime: HIGH_VOLATILITY_TRENDING
2025-06-16 12:42:49 | INFO | 📊 Volatility: 80%ile (HIGH_VOLATILITY)
2025-06-16 12:42:49 | INFO | 🎯 Recommended Strategy: BUY_OPTIONS
2025-06-16 12:42:49 | INFO | 
🎯 ENHANCED STRATEGY THRESHOLDS:
2025-06-16 12:42:49 | INFO |   BUY Strategy (Trending Markets):
2025-06-16 12:42:49 | INFO |     SUPER_EXTREME: ±100,000 (4 lots)
2025-06-16 12:42:49 | INFO |     EXTREME: ±50,000 (3 lots)
2025-06-16 12:42:49 | INFO |   SELL Strategy (Range-bound/Low Vol):
2025-06-16 12:42:49 | INFO |     Range Detection: <2.0% price range
2025-06-16 12:42:49 | INFO |     Volatility Threshold: 15-35%ile
2025-06-16 12:42:49 | INFO |     Max SELL Positions: 2
2025-06-16 12:42:49 | INFO |     Max Margin Utilization: 60%
2025-06-16 12:42:49 | INFO | ======================================================================
2025-06-16 12:42:50 | INFO | 📈 Real Spot Price: ₹24928.65 at 2025-06-16 12:40:41
2025-06-16 12:42:50 | INFO | 
==================================================
2025-06-16 12:42:50 | INFO | 📊 ENHANCED REAL-TIME DATA STATUS
2025-06-16 12:42:50 | INFO | ==================================================
2025-06-16 12:42:50 | INFO | 📈 Current Nifty Spot: ₹24928.65
2025-06-16 12:42:50 | INFO | 📈 Real Spot Price: ₹24928.65 at 2025-06-16 12:40:41
2025-06-16 12:42:50 | INFO | 📊 Market Regime Detection:
2025-06-16 12:42:50 | INFO |    Primary Regime: NORMAL_TRENDING
2025-06-16 12:42:50 | INFO |    Volatility: NORMAL_VOLATILITY (40.0%ile)
2025-06-16 12:42:50 | INFO |    Range Status: RANGE_BOUND
2025-06-16 12:42:50 | INFO |    Recommended Strategy: BUY_OPTIONS
2025-06-16 12:42:50 | INFO | 🏛️  Current Market Regime: NORMAL_TRENDING
2025-06-16 12:42:50 | INFO | 📊 Volatility Regime: NORMAL_VOLATILITY
2025-06-16 12:42:50 | INFO | 🎯 Strategy Recommendation: BUY_OPTIONS
2025-06-16 12:42:50 | INFO | 🕒 Data Source: Real-time option chain database
2025-06-16 12:42:50 | INFO | 🔄 Update Frequency: Every 5 minutes
2025-06-16 12:42:50 | INFO | 🎯 SELL Strategy: ACTIVE
2025-06-16 12:42:50 | INFO | ==================================================
2025-06-16 12:42:56 | INFO | ⏰ Loop #326: 12:42:56 [REAL DATA MODE]
2025-06-16 12:42:56 | INFO | 📊 New dashboard data detected: enhanced_tabbed_dashboard_20250616.html
2025-06-16 12:42:56 | INFO | 📊 Parsing dashboard: enhanced_tabbed_dashboard_20250616.html
2025-06-16 12:42:56 | INFO | 📈 Extracted trend: -37
2025-06-16 12:42:56 | INFO | 🎯 Confidence: 95.0%
2025-06-16 12:42:56 | INFO | 💰 Combined flow: 9.47M
2025-06-16 12:42:56 | INFO | ✅ Dashboard parsed successfully
2025-06-16 12:42:56 | INFO | 🔍 Analyzing signal...
2025-06-16 12:42:56 | INFO |    Cumulative Trend: -37
2025-06-16 12:42:56 | INFO |    Confidence: 95.0%
2025-06-16 12:42:56 | INFO |    Combined Flow: +9.47M
2025-06-16 12:42:56 | INFO |    Trend Strength: WEAK
2025-06-16 12:42:56 | INFO | ❌ SKIP SIGNAL: Trend too weak (below 1k threshold)
2025-06-16 12:42:56 | INFO | 💾 Signal saved: S_20250616_124256
2025-06-16 12:42:56 | INFO | ⏭️  Signal skipped: Trend too weak (below 1k threshold)
2025-06-16 12:43:20 | INFO | ⏰ Enhanced Loop #321: 12:43:20 [SELL STRATEGY MODE]
2025-06-16 12:43:26 | INFO | ⏰ Loop #327: 12:43:26 [REAL DATA MODE]
2025-06-16 12:43:50 | INFO | ⏰ Enhanced Loop #322: 12:43:50 [SELL STRATEGY MODE]
2025-06-16 12:43:50 | INFO | 📊 New enhanced dashboard data detected: enhanced_tabbed_dashboard_20250616.html
2025-06-16 12:43:50 | INFO | 📊 Parsing dashboard: enhanced_tabbed_dashboard_20250616.html
2025-06-16 12:43:50 | INFO | 📈 Extracted trend: -37
2025-06-16 12:43:50 | INFO | 🎯 Confidence: 95.0%
2025-06-16 12:43:50 | INFO | 💰 Combined flow: 9.47M
2025-06-16 12:43:50 | INFO | ✅ Dashboard parsed successfully
2025-06-16 12:43:50 | INFO | 🔍 Enhanced Signal Analysis...
2025-06-16 12:43:50 | INFO |    Cumulative Trend: -37
2025-06-16 12:43:50 | INFO |    Confidence: 95.0%
2025-06-16 12:43:50 | INFO |    Combined Flow: +9.47M
2025-06-16 12:43:51 | INFO | 📈 Real Spot Price: ₹24928.65 at 2025-06-16 12:40:41
2025-06-16 12:43:51 | INFO | 📊 Market Regime Detection:
2025-06-16 12:43:51 | INFO |    Primary Regime: NORMAL_TRENDING
2025-06-16 12:43:51 | INFO |    Volatility: NORMAL_VOLATILITY (40.0%ile)
2025-06-16 12:43:51 | INFO |    Range Status: RANGE_BOUND
2025-06-16 12:43:51 | INFO |    Recommended Strategy: BUY_OPTIONS
2025-06-16 12:43:51 | INFO |    Market Regime: NORMAL_TRENDING
2025-06-16 12:43:51 | INFO |    Recommended Strategy: BUY_OPTIONS
2025-06-16 12:43:51 | INFO | 🔍 Analyzing signal...
2025-06-16 12:43:51 | INFO |    Cumulative Trend: -37
2025-06-16 12:43:51 | INFO |    Confidence: 95.0%
2025-06-16 12:43:51 | INFO |    Combined Flow: +9.47M
2025-06-16 12:43:51 | INFO |    Trend Strength: WEAK
2025-06-16 12:43:51 | INFO | ❌ SKIP SIGNAL: Trend too weak (below 1k threshold)
2025-06-16 12:43:51 | INFO | 💾 Enhanced signal saved: S_20250616_124351
2025-06-16 12:43:51 | INFO | ⏭️  Enhanced signal skipped: Trend too weak (below 1k threshold)
2025-06-16 12:43:56 | INFO | ⏰ Loop #328: 12:43:56 [REAL DATA MODE]
2025-06-16 12:43:56 | INFO | 📊 New dashboard data detected: enhanced_tabbed_dashboard_20250616.html
2025-06-16 12:43:56 | INFO | 📊 Parsing dashboard: enhanced_tabbed_dashboard_20250616.html
2025-06-16 12:43:56 | INFO | 📈 Extracted trend: -37
2025-06-16 12:43:56 | INFO | 🎯 Confidence: 95.0%
2025-06-16 12:43:56 | INFO | 💰 Combined flow: 9.47M
2025-06-16 12:43:56 | INFO | ✅ Dashboard parsed successfully
2025-06-16 12:43:56 | INFO | 🔍 Analyzing signal...
2025-06-16 12:43:56 | INFO |    Cumulative Trend: -37
2025-06-16 12:43:56 | INFO |    Confidence: 95.0%
2025-06-16 12:43:56 | INFO |    Combined Flow: +9.47M
2025-06-16 12:43:56 | INFO |    Trend Strength: WEAK
2025-06-16 12:43:56 | INFO | ❌ SKIP SIGNAL: Trend too weak (below 1k threshold)
2025-06-16 12:43:56 | INFO | 💾 Signal saved: S_20250616_124356
2025-06-16 12:43:56 | INFO | ⏭️  Signal skipped: Trend too weak (below 1k threshold)
2025-06-16 12:44:21 | INFO | ⏰ Enhanced Loop #323: 12:44:21 [SELL STRATEGY MODE]
2025-06-16 12:44:26 | INFO | ⏰ Loop #329: 12:44:26 [REAL DATA MODE]
2025-06-16 12:44:51 | INFO | ⏰ Enhanced Loop #324: 12:44:51 [SELL STRATEGY MODE]
2025-06-16 12:44:51 | INFO | 📊 New enhanced dashboard data detected: enhanced_tabbed_dashboard_20250616.html
2025-06-16 12:44:51 | INFO | 📊 Parsing dashboard: enhanced_tabbed_dashboard_20250616.html
2025-06-16 12:44:51 | INFO | 📈 Extracted trend: -17
2025-06-16 12:44:51 | INFO | 🎯 Confidence: 95.0%
2025-06-16 12:44:51 | INFO | 💰 Combined flow: 29.19M
2025-06-16 12:44:51 | INFO | ✅ Dashboard parsed successfully
2025-06-16 12:44:51 | INFO | 🔍 Enhanced Signal Analysis...
2025-06-16 12:44:51 | INFO |    Cumulative Trend: -17
2025-06-16 12:44:51 | INFO |    Confidence: 95.0%
2025-06-16 12:44:51 | INFO |    Combined Flow: +29.19M
2025-06-16 12:44:52 | INFO | 📈 Real Spot Price: ₹24928.65 at 2025-06-16 12:40:41
2025-06-16 12:44:52 | INFO | 📊 Market Regime Detection:
2025-06-16 12:44:52 | INFO |    Primary Regime: HIGH_VOLATILITY_TRENDING
2025-06-16 12:44:52 | INFO |    Volatility: HIGH_VOLATILITY (90.0%ile)
2025-06-16 12:44:52 | INFO |    Range Status: RANGE_BOUND
2025-06-16 12:44:52 | INFO |    Recommended Strategy: BUY_OPTIONS
2025-06-16 12:44:52 | INFO |    Market Regime: HIGH_VOLATILITY_TRENDING
2025-06-16 12:44:52 | INFO |    Recommended Strategy: BUY_OPTIONS
2025-06-16 12:44:52 | INFO | 🔍 Analyzing signal...
2025-06-16 12:44:52 | INFO |    Cumulative Trend: -17
2025-06-16 12:44:52 | INFO |    Confidence: 95.0%
2025-06-16 12:44:52 | INFO |    Combined Flow: +29.19M
2025-06-16 12:44:52 | INFO |    Trend Strength: WEAK
2025-06-16 12:44:52 | INFO | ❌ SKIP SIGNAL: Trend too weak (below 1k threshold)
2025-06-16 12:44:52 | INFO | 💾 Enhanced signal saved: S_20250616_124452
2025-06-16 12:44:52 | INFO | ⏭️  Enhanced signal skipped: Trend too weak (below 1k threshold)
2025-06-16 12:44:56 | INFO | ⏰ Loop #330: 12:44:56 [REAL DATA MODE]
2025-06-16 12:44:56 | INFO | 📊 New dashboard data detected: enhanced_tabbed_dashboard_20250616.html
2025-06-16 12:44:56 | INFO | 📊 Parsing dashboard: enhanced_tabbed_dashboard_20250616.html
2025-06-16 12:44:56 | INFO | 📈 Extracted trend: -17
2025-06-16 12:44:56 | INFO | 🎯 Confidence: 95.0%
2025-06-16 12:44:56 | INFO | 💰 Combined flow: 29.19M
2025-06-16 12:44:56 | INFO | ✅ Dashboard parsed successfully
2025-06-16 12:44:56 | INFO | 🔍 Analyzing signal...
2025-06-16 12:44:56 | INFO |    Cumulative Trend: -17
2025-06-16 12:44:56 | INFO |    Confidence: 95.0%
2025-06-16 12:44:56 | INFO |    Combined Flow: +29.19M
2025-06-16 12:44:56 | INFO |    Trend Strength: WEAK
2025-06-16 12:44:56 | INFO | ❌ SKIP SIGNAL: Trend too weak (below 1k threshold)
2025-06-16 12:44:56 | INFO | 💾 Signal saved: S_20250616_124456
2025-06-16 12:44:56 | INFO | ⏭️  Signal skipped: Trend too weak (below 1k threshold)
2025-06-16 12:45:22 | INFO | ⏰ Enhanced Loop #325: 12:45:22 [SELL STRATEGY MODE]
2025-06-16 12:45:26 | INFO | ⏰ Loop #331: 12:45:26 [REAL DATA MODE]
2025-06-16 12:45:52 | INFO | ⏰ Enhanced Loop #326: 12:45:52 [SELL STRATEGY MODE]
2025-06-16 12:45:52 | INFO | 📊 New enhanced dashboard data detected: enhanced_tabbed_dashboard_20250616.html
2025-06-16 12:45:52 | INFO | 📊 Parsing dashboard: enhanced_tabbed_dashboard_20250616.html
2025-06-16 12:45:52 | INFO | 📈 Extracted trend: -17
2025-06-16 12:45:52 | INFO | 🎯 Confidence: 95.0%
2025-06-16 12:45:52 | INFO | 💰 Combined flow: 29.19M
2025-06-16 12:45:52 | INFO | ✅ Dashboard parsed successfully
2025-06-16 12:45:52 | INFO | 🔍 Enhanced Signal Analysis...
2025-06-16 12:45:52 | INFO |    Cumulative Trend: -17
2025-06-16 12:45:52 | INFO |    Confidence: 95.0%
2025-06-16 12:45:52 | INFO |    Combined Flow: +29.19M
2025-06-16 12:45:52 | INFO | 📈 Real Spot Price: ₹24945.50 at 2025-06-16 12:45:46
2025-06-16 12:45:52 | INFO | 📊 Market Regime Detection:
2025-06-16 12:45:52 | INFO |    Primary Regime: HIGH_VOLATILITY_TRENDING
2025-06-16 12:45:52 | INFO |    Volatility: HIGH_VOLATILITY (90.0%ile)
2025-06-16 12:45:52 | INFO |    Range Status: RANGE_BOUND
2025-06-16 12:45:52 | INFO |    Recommended Strategy: BUY_OPTIONS
2025-06-16 12:45:52 | INFO |    Market Regime: HIGH_VOLATILITY_TRENDING
2025-06-16 12:45:52 | INFO |    Recommended Strategy: BUY_OPTIONS
2025-06-16 12:45:52 | INFO | 🔍 Analyzing signal...
2025-06-16 12:45:52 | INFO |    Cumulative Trend: -17
2025-06-16 12:45:52 | INFO |    Confidence: 95.0%
2025-06-16 12:45:52 | INFO |    Combined Flow: +29.19M
2025-06-16 12:45:52 | INFO |    Trend Strength: WEAK
2025-06-16 12:45:52 | INFO | ❌ SKIP SIGNAL: Trend too weak (below 1k threshold)
2025-06-16 12:45:52 | INFO | 💾 Enhanced signal saved: S_20250616_124552
2025-06-16 12:45:52 | INFO | ⏭️  Enhanced signal skipped: Trend too weak (below 1k threshold)
2025-06-16 12:45:56 | INFO | ⏰ Loop #332: 12:45:56 [REAL DATA MODE]
2025-06-16 12:45:56 | INFO | 📊 New dashboard data detected: enhanced_tabbed_dashboard_20250616.html
2025-06-16 12:45:56 | INFO | 📊 Parsing dashboard: enhanced_tabbed_dashboard_20250616.html
2025-06-16 12:45:56 | INFO | 📈 Extracted trend: -17
2025-06-16 12:45:56 | INFO | 🎯 Confidence: 95.0%
2025-06-16 12:45:56 | INFO | 💰 Combined flow: 29.19M
2025-06-16 12:45:56 | INFO | ✅ Dashboard parsed successfully
2025-06-16 12:45:56 | INFO | 🔍 Analyzing signal...
2025-06-16 12:45:56 | INFO |    Cumulative Trend: -17
2025-06-16 12:45:56 | INFO |    Confidence: 95.0%
2025-06-16 12:45:56 | INFO |    Combined Flow: +29.19M
2025-06-16 12:45:56 | INFO |    Trend Strength: WEAK
2025-06-16 12:45:56 | INFO | ❌ SKIP SIGNAL: Trend too weak (below 1k threshold)
2025-06-16 12:45:56 | INFO | 💾 Signal saved: S_20250616_124556
2025-06-16 12:45:56 | INFO | ⏭️  Signal skipped: Trend too weak (below 1k threshold)
2025-06-16 12:46:22 | INFO | ⏰ Enhanced Loop #327: 12:46:22 [SELL STRATEGY MODE]
2025-06-16 12:46:26 | INFO | ⏰ Loop #333: 12:46:26 [REAL DATA MODE]
2025-06-16 12:46:52 | INFO | ⏰ Enhanced Loop #328: 12:46:52 [SELL STRATEGY MODE]
2025-06-16 12:46:52 | INFO | 📊 New enhanced dashboard data detected: enhanced_tabbed_dashboard_20250616.html
2025-06-16 12:46:52 | INFO | 📊 Parsing dashboard: enhanced_tabbed_dashboard_20250616.html
2025-06-16 12:46:52 | INFO | 📈 Extracted trend: -17
2025-06-16 12:46:52 | INFO | 🎯 Confidence: 95.0%
2025-06-16 12:46:52 | INFO | 💰 Combined flow: 29.19M
2025-06-16 12:46:52 | INFO | ✅ Dashboard parsed successfully
2025-06-16 12:46:52 | INFO | 🔍 Enhanced Signal Analysis...
2025-06-16 12:46:52 | INFO |    Cumulative Trend: -17
2025-06-16 12:46:52 | INFO |    Confidence: 95.0%
2025-06-16 12:46:52 | INFO |    Combined Flow: +29.19M
2025-06-16 12:46:53 | INFO | 📈 Real Spot Price: ₹24945.50 at 2025-06-16 12:45:46
2025-06-16 12:46:53 | INFO | 📊 Market Regime Detection:
2025-06-16 12:46:53 | INFO |    Primary Regime: NORMAL_TRENDING
2025-06-16 12:46:53 | INFO |    Volatility: NORMAL_VOLATILITY (50.0%ile)
2025-06-16 12:46:53 | INFO |    Range Status: RANGE_BOUND
2025-06-16 12:46:53 | INFO |    Recommended Strategy: BUY_OPTIONS
2025-06-16 12:46:53 | INFO |    Market Regime: NORMAL_TRENDING
2025-06-16 12:46:53 | INFO |    Recommended Strategy: BUY_OPTIONS
2025-06-16 12:46:53 | INFO | 🔍 Analyzing signal...
2025-06-16 12:46:53 | INFO |    Cumulative Trend: -17
2025-06-16 12:46:53 | INFO |    Confidence: 95.0%
2025-06-16 12:46:53 | INFO |    Combined Flow: +29.19M
2025-06-16 12:46:53 | INFO |    Trend Strength: WEAK
2025-06-16 12:46:53 | INFO | ❌ SKIP SIGNAL: Trend too weak (below 1k threshold)
2025-06-16 12:46:53 | INFO | 💾 Enhanced signal saved: S_20250616_124653
2025-06-16 12:46:53 | INFO | ⏭️  Enhanced signal skipped: Trend too weak (below 1k threshold)
2025-06-16 12:46:56 | INFO | ⏰ Loop #334: 12:46:56 [REAL DATA MODE]
2025-06-16 12:46:56 | INFO | 📊 New dashboard data detected: enhanced_tabbed_dashboard_20250616.html
2025-06-16 12:46:56 | INFO | 📊 Parsing dashboard: enhanced_tabbed_dashboard_20250616.html
2025-06-16 12:46:56 | INFO | 📈 Extracted trend: -17
2025-06-16 12:46:56 | INFO | 🎯 Confidence: 95.0%
2025-06-16 12:46:56 | INFO | 💰 Combined flow: 29.19M
2025-06-16 12:46:56 | INFO | ✅ Dashboard parsed successfully
2025-06-16 12:46:56 | INFO | 🔍 Analyzing signal...
2025-06-16 12:46:56 | INFO |    Cumulative Trend: -17
2025-06-16 12:46:56 | INFO |    Confidence: 95.0%
2025-06-16 12:46:56 | INFO |    Combined Flow: +29.19M
2025-06-16 12:46:56 | INFO |    Trend Strength: WEAK
2025-06-16 12:46:56 | INFO | ❌ SKIP SIGNAL: Trend too weak (below 1k threshold)
2025-06-16 12:46:56 | INFO | 💾 Signal saved: S_20250616_124656
2025-06-16 12:46:56 | INFO | ⏭️  Signal skipped: Trend too weak (below 1k threshold)
2025-06-16 12:47:23 | INFO | ⏰ Enhanced Loop #329: 12:47:23 [SELL STRATEGY MODE]
2025-06-16 12:47:26 | INFO | ⏰ Loop #335: 12:47:26 [REAL DATA MODE]
2025-06-16 12:47:53 | INFO | ⏰ Enhanced Loop #330: 12:47:53 [SELL STRATEGY MODE]
2025-06-16 12:47:53 | INFO | 📊 New enhanced dashboard data detected: enhanced_tabbed_dashboard_20250616.html
2025-06-16 12:47:53 | INFO | 📊 Parsing dashboard: enhanced_tabbed_dashboard_20250616.html
2025-06-16 12:47:53 | INFO | 📈 Extracted trend: 15
2025-06-16 12:47:53 | INFO | 🎯 Confidence: 95.0%
2025-06-16 12:47:53 | INFO | 💰 Combined flow: 20.11M
2025-06-16 12:47:53 | INFO | ✅ Dashboard parsed successfully
2025-06-16 12:47:53 | INFO | 🔍 Enhanced Signal Analysis...
2025-06-16 12:47:53 | INFO |    Cumulative Trend: 15
2025-06-16 12:47:53 | INFO |    Confidence: 95.0%
2025-06-16 12:47:53 | INFO |    Combined Flow: +20.11M
2025-06-16 12:47:54 | INFO | 📈 Real Spot Price: ₹24945.50 at 2025-06-16 12:45:46
2025-06-16 12:47:54 | INFO | 📊 Market Regime Detection:
2025-06-16 12:47:54 | INFO |    Primary Regime: NORMAL_TRENDING
2025-06-16 12:47:54 | INFO |    Volatility: NORMAL_VOLATILITY (30.0%ile)
2025-06-16 12:47:54 | INFO |    Range Status: RANGE_BOUND
2025-06-16 12:47:54 | INFO |    Recommended Strategy: BUY_OPTIONS
2025-06-16 12:47:54 | INFO |    Market Regime: NORMAL_TRENDING
2025-06-16 12:47:54 | INFO |    Recommended Strategy: BUY_OPTIONS
2025-06-16 12:47:54 | INFO | 🔍 Analyzing signal...
2025-06-16 12:47:54 | INFO |    Cumulative Trend: 15
2025-06-16 12:47:54 | INFO |    Confidence: 95.0%
2025-06-16 12:47:54 | INFO |    Combined Flow: +20.11M
2025-06-16 12:47:54 | INFO |    Trend Strength: WEAK
2025-06-16 12:47:54 | INFO | ❌ SKIP SIGNAL: Trend too weak (below 1k threshold)
2025-06-16 12:47:54 | INFO | 💾 Enhanced signal saved: S_20250616_124754
2025-06-16 12:47:54 | INFO | ⏭️  Enhanced signal skipped: Trend too weak (below 1k threshold)
2025-06-16 12:47:54 | ERROR | ❌ Risk check failed: 'EnhancedPortfolioManager' object has no attribute 'get_portfolio_summary'
2025-06-16 12:47:56 | INFO | ⏰ Loop #336: 12:47:56 [REAL DATA MODE]
2025-06-16 12:47:56 | INFO | 📊 New dashboard data detected: enhanced_tabbed_dashboard_20250616.html
2025-06-16 12:47:56 | INFO | 📊 Parsing dashboard: enhanced_tabbed_dashboard_20250616.html
2025-06-16 12:47:56 | INFO | 📈 Extracted trend: 15
2025-06-16 12:47:56 | INFO | 🎯 Confidence: 95.0%
2025-06-16 12:47:56 | INFO | 💰 Combined flow: 20.11M
2025-06-16 12:47:56 | INFO | ✅ Dashboard parsed successfully
2025-06-16 12:47:56 | INFO | 🔍 Analyzing signal...
2025-06-16 12:47:56 | INFO |    Cumulative Trend: 15
2025-06-16 12:47:56 | INFO |    Confidence: 95.0%
2025-06-16 12:47:56 | INFO |    Combined Flow: +20.11M
2025-06-16 12:47:56 | INFO |    Trend Strength: WEAK
2025-06-16 12:47:56 | INFO | ❌ SKIP SIGNAL: Trend too weak (below 1k threshold)
2025-06-16 12:47:56 | INFO | 💾 Signal saved: S_20250616_124756
2025-06-16 12:47:56 | INFO | ⏭️  Signal skipped: Trend too weak (below 1k threshold)
2025-06-16 12:48:24 | INFO | ⏰ Enhanced Loop #331: 12:48:24 [SELL STRATEGY MODE]
2025-06-16 12:48:26 | INFO | ⏰ Loop #337: 12:48:26 [REAL DATA MODE]
2025-06-16 12:48:54 | INFO | ⏰ Enhanced Loop #332: 12:48:54 [SELL STRATEGY MODE]
2025-06-16 12:48:54 | INFO | 📊 New enhanced dashboard data detected: enhanced_tabbed_dashboard_20250616.html
2025-06-16 12:48:54 | INFO | 📊 Parsing dashboard: enhanced_tabbed_dashboard_20250616.html
2025-06-16 12:48:54 | INFO | 📈 Extracted trend: 15
2025-06-16 12:48:54 | INFO | 🎯 Confidence: 95.0%
2025-06-16 12:48:54 | INFO | 💰 Combined flow: 20.11M
2025-06-16 12:48:54 | INFO | ✅ Dashboard parsed successfully
2025-06-16 12:48:54 | INFO | 🔍 Enhanced Signal Analysis...
2025-06-16 12:48:54 | INFO |    Cumulative Trend: 15
2025-06-16 12:48:54 | INFO |    Confidence: 95.0%
2025-06-16 12:48:54 | INFO |    Combined Flow: +20.11M
2025-06-16 12:48:55 | INFO | 📈 Real Spot Price: ₹24945.50 at 2025-06-16 12:45:46
2025-06-16 12:48:55 | INFO | 📊 Market Regime Detection:
2025-06-16 12:48:55 | INFO |    Primary Regime: RANGE_BOUND_LOW_VOL
2025-06-16 12:48:55 | INFO |    Volatility: LOW_VOLATILITY (20.0%ile)
2025-06-16 12:48:55 | INFO |    Range Status: RANGE_BOUND
2025-06-16 12:48:55 | INFO |    Recommended Strategy: SELL_PREMIUM
2025-06-16 12:48:55 | INFO |    Market Regime: RANGE_BOUND_LOW_VOL
2025-06-16 12:48:55 | INFO |    Recommended Strategy: SELL_PREMIUM
2025-06-16 12:48:55 | INFO | ❌ SKIP SELL SIGNAL: SELL strategy requires stronger signals (minimum MODERATE)
2025-06-16 12:48:55 | INFO | 💾 Enhanced signal saved: S_20250616_124855
2025-06-16 12:48:55 | INFO | ⏭️  Enhanced signal skipped: SELL strategy requires stronger signals (minimum MODERATE)
2025-06-16 12:48:56 | INFO | ⏰ Loop #338: 12:48:56 [REAL DATA MODE]
2025-06-16 12:48:56 | INFO | 📊 New dashboard data detected: enhanced_tabbed_dashboard_20250616.html
2025-06-16 12:48:56 | INFO | 📊 Parsing dashboard: enhanced_tabbed_dashboard_20250616.html
2025-06-16 12:48:56 | INFO | 📈 Extracted trend: 15
2025-06-16 12:48:56 | INFO | 🎯 Confidence: 95.0%
2025-06-16 12:48:56 | INFO | 💰 Combined flow: 20.11M
2025-06-16 12:48:56 | INFO | ✅ Dashboard parsed successfully
2025-06-16 12:48:56 | INFO | 🔍 Analyzing signal...
2025-06-16 12:48:56 | INFO |    Cumulative Trend: 15
2025-06-16 12:48:56 | INFO |    Confidence: 95.0%
2025-06-16 12:48:56 | INFO |    Combined Flow: +20.11M
2025-06-16 12:48:56 | INFO |    Trend Strength: WEAK
2025-06-16 12:48:56 | INFO | ❌ SKIP SIGNAL: Trend too weak (below 1k threshold)
2025-06-16 12:48:56 | INFO | 💾 Signal saved: S_20250616_124856
2025-06-16 12:48:56 | INFO | ⏭️  Signal skipped: Trend too weak (below 1k threshold)
2025-06-16 12:49:25 | INFO | ⏰ Enhanced Loop #333: 12:49:25 [SELL STRATEGY MODE]
2025-06-16 12:49:26 | INFO | ⏰ Loop #339: 12:49:26 [REAL DATA MODE]
2025-06-16 12:49:55 | INFO | ⏰ Enhanced Loop #334: 12:49:55 [SELL STRATEGY MODE]
2025-06-16 12:49:55 | INFO | 📊 New enhanced dashboard data detected: enhanced_tabbed_dashboard_20250616.html
2025-06-16 12:49:55 | INFO | 📊 Parsing dashboard: enhanced_tabbed_dashboard_20250616.html
2025-06-16 12:49:55 | INFO | 📈 Extracted trend: 15
2025-06-16 12:49:55 | INFO | 🎯 Confidence: 95.0%
2025-06-16 12:49:55 | INFO | 💰 Combined flow: 20.11M
2025-06-16 12:49:55 | INFO | ✅ Dashboard parsed successfully
2025-06-16 12:49:55 | INFO | 🔍 Enhanced Signal Analysis...
2025-06-16 12:49:55 | INFO |    Cumulative Trend: 15
2025-06-16 12:49:55 | INFO |    Confidence: 95.0%
2025-06-16 12:49:55 | INFO |    Combined Flow: +20.11M
2025-06-16 12:49:55 | INFO | 📈 Real Spot Price: ₹24945.50 at 2025-06-16 12:45:46
2025-06-16 12:49:55 | INFO | 📊 Market Regime Detection:
2025-06-16 12:49:55 | INFO |    Primary Regime: NORMAL_TRENDING
2025-06-16 12:49:55 | INFO |    Volatility: NORMAL_VOLATILITY (40.0%ile)
2025-06-16 12:49:55 | INFO |    Range Status: RANGE_BOUND
2025-06-16 12:49:55 | INFO |    Recommended Strategy: BUY_OPTIONS
2025-06-16 12:49:55 | INFO |    Market Regime: NORMAL_TRENDING
2025-06-16 12:49:55 | INFO |    Recommended Strategy: BUY_OPTIONS
2025-06-16 12:49:55 | INFO | 🔍 Analyzing signal...
2025-06-16 12:49:55 | INFO |    Cumulative Trend: 15
2025-06-16 12:49:55 | INFO |    Confidence: 95.0%
2025-06-16 12:49:55 | INFO |    Combined Flow: +20.11M
2025-06-16 12:49:55 | INFO |    Trend Strength: WEAK
2025-06-16 12:49:55 | INFO | ❌ SKIP SIGNAL: Trend too weak (below 1k threshold)
2025-06-16 12:49:55 | INFO | 💾 Enhanced signal saved: S_20250616_124955
2025-06-16 12:49:55 | INFO | ⏭️  Enhanced signal skipped: Trend too weak (below 1k threshold)
2025-06-16 12:49:56 | INFO | ⏰ Loop #340: 12:49:56 [REAL DATA MODE]
2025-06-16 12:49:56 | INFO | 📊 New dashboard data detected: enhanced_tabbed_dashboard_20250616.html
2025-06-16 12:49:56 | INFO | 📊 Parsing dashboard: enhanced_tabbed_dashboard_20250616.html
2025-06-16 12:49:56 | INFO | 📈 Extracted trend: 15
2025-06-16 12:49:56 | INFO | 🎯 Confidence: 95.0%
2025-06-16 12:49:56 | INFO | 💰 Combined flow: 20.11M
2025-06-16 12:49:56 | INFO | ✅ Dashboard parsed successfully
2025-06-16 12:49:56 | INFO | 🔍 Analyzing signal...
2025-06-16 12:49:56 | INFO |    Cumulative Trend: 15
2025-06-16 12:49:56 | INFO |    Confidence: 95.0%
2025-06-16 12:49:56 | INFO |    Combined Flow: +20.11M
2025-06-16 12:49:56 | INFO |    Trend Strength: WEAK
2025-06-16 12:49:56 | INFO | ❌ SKIP SIGNAL: Trend too weak (below 1k threshold)
2025-06-16 12:49:56 | INFO | 💾 Signal saved: S_20250616_124956
2025-06-16 12:49:56 | INFO | ⏭️  Signal skipped: Trend too weak (below 1k threshold)
2025-06-16 12:49:56 | INFO | 
======================================================================
2025-06-16 12:49:56 | INFO | 📊 ENHANCED SYSTEM STATUS
2025-06-16 12:49:56 | INFO | ======================================================================
2025-06-16 12:49:56 | INFO | System Status: 🟢 RUNNING
2025-06-16 12:49:56 | INFO | Trading Status: 🟢 ENABLED
2025-06-16 12:49:56 | INFO | 💰 Current Capital: ₹100,000.00
2025-06-16 12:49:56 | INFO | 💸 Available Capital: ₹100,000.00
2025-06-16 12:49:56 | INFO | ⚖️  Capital at Risk: ₹0.00
2025-06-16 12:49:56 | INFO | 📈 Daily P&L: ₹+0.00
2025-06-16 12:49:56 | INFO | 💼 Active Positions: 0
2025-06-16 12:49:56 | INFO | 📊 Trades Today: 0
2025-06-16 12:49:56 | INFO | 🟢 Risk Exposure: 0.0%
2025-06-16 12:49:56 | INFO | 📊 Latest Dashboard: enhanced_tabbed_dashboard_20250616.html
2025-06-16 12:49:56 | INFO | 🕒 Dashboard Modified: 2025-06-16 12:49:36
2025-06-16 12:49:56 | INFO | 📡 Signals Today: 163
2025-06-16 12:49:56 | INFO | 🕒 Last Check: 12:49:56
2025-06-16 12:49:56 | INFO | 
🎯 SIGNAL THRESHOLDS:
2025-06-16 12:49:56 | INFO |    SUPER_EXTREME: ±100,000 (4 lots)
2025-06-16 12:49:56 | INFO |    EXTREME: ±50,000 (3 lots)
2025-06-16 12:49:56 | INFO |    STRONG:  ±15,000 (2 lots)
2025-06-16 12:49:56 | INFO |    MODERATE: ±5,000 (1 lot)
2025-06-16 12:49:56 | INFO | ======================================================================
2025-06-16 12:49:57 | INFO | 
==================================================
2025-06-16 12:49:57 | INFO | 📊 REAL-TIME DATA STATUS
2025-06-16 12:49:57 | INFO | ==================================================
2025-06-16 12:49:57 | INFO | 📈 Current Nifty Spot: ₹24945.50
2025-06-16 12:49:57 | INFO | 🕒 Data Source: Real-time option chain database
2025-06-16 12:49:57 | INFO | 🔄 Update Frequency: Every 5 minutes
2025-06-16 12:49:57 | INFO | ==================================================
2025-06-16 12:50:25 | INFO | ⏰ Enhanced Loop #335: 12:50:25 [SELL STRATEGY MODE]
2025-06-16 12:50:27 | INFO | ⏰ Loop #341: 12:50:27 [REAL DATA MODE]
2025-06-16 12:50:55 | INFO | ⏰ Enhanced Loop #336: 12:50:55 [SELL STRATEGY MODE]
2025-06-16 12:50:55 | INFO | 📊 New enhanced dashboard data detected: enhanced_tabbed_dashboard_20250616.html
2025-06-16 12:50:55 | INFO | 📊 Parsing dashboard: enhanced_tabbed_dashboard_20250616.html
2025-06-16 12:50:55 | INFO | 📈 Extracted trend: 12
2025-06-16 12:50:55 | INFO | 🎯 Confidence: 95.0%
2025-06-16 12:50:55 | INFO | 💰 Combined flow: 16.35M
2025-06-16 12:50:55 | INFO | ✅ Dashboard parsed successfully
2025-06-16 12:50:55 | INFO | 🔍 Enhanced Signal Analysis...
2025-06-16 12:50:55 | INFO |    Cumulative Trend: 12
2025-06-16 12:50:55 | INFO |    Confidence: 95.0%
2025-06-16 12:50:55 | INFO |    Combined Flow: +16.35M
2025-06-16 12:50:56 | INFO | 📈 Real Spot Price: ₹24939.10 at 2025-06-16 12:50:52
2025-06-16 12:50:56 | INFO | 📊 Market Regime Detection:
2025-06-16 12:50:56 | INFO |    Primary Regime: NORMAL_TRENDING
2025-06-16 12:50:56 | INFO |    Volatility: NORMAL_VOLATILITY (60.0%ile)
2025-06-16 12:50:56 | INFO |    Range Status: RANGE_BOUND
2025-06-16 12:50:56 | INFO |    Recommended Strategy: BUY_OPTIONS
2025-06-16 12:50:56 | INFO |    Market Regime: NORMAL_TRENDING
2025-06-16 12:50:56 | INFO |    Recommended Strategy: BUY_OPTIONS
2025-06-16 12:50:56 | INFO | 🔍 Analyzing signal...
2025-06-16 12:50:56 | INFO |    Cumulative Trend: 12
2025-06-16 12:50:56 | INFO |    Confidence: 95.0%
2025-06-16 12:50:56 | INFO |    Combined Flow: +16.35M
2025-06-16 12:50:56 | INFO |    Trend Strength: WEAK
2025-06-16 12:50:56 | INFO | ❌ SKIP SIGNAL: Trend too weak (below 1k threshold)
2025-06-16 12:50:56 | INFO | 💾 Enhanced signal saved: S_20250616_125056
2025-06-16 12:50:56 | INFO | ⏭️  Enhanced signal skipped: Trend too weak (below 1k threshold)
2025-06-16 12:50:57 | INFO | ⏰ Loop #342: 12:50:57 [REAL DATA MODE]
2025-06-16 12:50:57 | INFO | 📊 New dashboard data detected: enhanced_tabbed_dashboard_20250616.html
2025-06-16 12:50:57 | INFO | 📊 Parsing dashboard: enhanced_tabbed_dashboard_20250616.html
2025-06-16 12:50:57 | INFO | 📈 Extracted trend: 12
2025-06-16 12:50:57 | INFO | 🎯 Confidence: 95.0%
2025-06-16 12:50:57 | INFO | 💰 Combined flow: 16.35M
2025-06-16 12:50:57 | INFO | ✅ Dashboard parsed successfully
2025-06-16 12:50:57 | INFO | 🔍 Analyzing signal...
2025-06-16 12:50:57 | INFO |    Cumulative Trend: 12
2025-06-16 12:50:57 | INFO |    Confidence: 95.0%
2025-06-16 12:50:57 | INFO |    Combined Flow: +16.35M
2025-06-16 12:50:57 | INFO |    Trend Strength: WEAK
2025-06-16 12:50:57 | INFO | ❌ SKIP SIGNAL: Trend too weak (below 1k threshold)
2025-06-16 12:50:57 | INFO | 💾 Signal saved: S_20250616_125057
2025-06-16 12:50:57 | INFO | ⏭️  Signal skipped: Trend too weak (below 1k threshold)
2025-06-16 12:51:26 | INFO | ⏰ Enhanced Loop #337: 12:51:26 [SELL STRATEGY MODE]
2025-06-16 12:51:27 | INFO | ⏰ Loop #343: 12:51:27 [REAL DATA MODE]
2025-06-16 12:51:56 | INFO | ⏰ Enhanced Loop #338: 12:51:56 [SELL STRATEGY MODE]
2025-06-16 12:51:56 | INFO | 📊 New enhanced dashboard data detected: enhanced_tabbed_dashboard_20250616.html
2025-06-16 12:51:56 | INFO | 📊 Parsing dashboard: enhanced_tabbed_dashboard_20250616.html
2025-06-16 12:51:56 | INFO | 📈 Extracted trend: 12
2025-06-16 12:51:56 | INFO | 🎯 Confidence: 95.0%
2025-06-16 12:51:56 | INFO | 💰 Combined flow: 16.35M
2025-06-16 12:51:56 | INFO | ✅ Dashboard parsed successfully
2025-06-16 12:51:56 | INFO | 🔍 Enhanced Signal Analysis...
2025-06-16 12:51:56 | INFO |    Cumulative Trend: 12
2025-06-16 12:51:56 | INFO |    Confidence: 95.0%
2025-06-16 12:51:56 | INFO |    Combined Flow: +16.35M
2025-06-16 12:51:57 | INFO | 📈 Real Spot Price: ₹24939.10 at 2025-06-16 12:50:52
2025-06-16 12:51:57 | INFO | 📊 Market Regime Detection:
2025-06-16 12:51:57 | INFO |    Primary Regime: RANGE_BOUND_LOW_VOL
2025-06-16 12:51:57 | INFO |    Volatility: LOW_VOLATILITY (0.0%ile)
2025-06-16 12:51:57 | INFO |    Range Status: RANGE_BOUND
2025-06-16 12:51:57 | INFO |    Recommended Strategy: SELL_PREMIUM
2025-06-16 12:51:57 | INFO |    Market Regime: RANGE_BOUND_LOW_VOL
2025-06-16 12:51:57 | INFO |    Recommended Strategy: SELL_PREMIUM
2025-06-16 12:51:57 | INFO | ❌ SKIP SELL SIGNAL: SELL strategy requires stronger signals (minimum MODERATE)
2025-06-16 12:51:57 | INFO | 💾 Enhanced signal saved: S_20250616_125157
2025-06-16 12:51:57 | INFO | ⏭️  Enhanced signal skipped: SELL strategy requires stronger signals (minimum MODERATE)
2025-06-16 12:51:57 | INFO | ⏰ Loop #344: 12:51:57 [REAL DATA MODE]
2025-06-16 12:51:57 | INFO | 📊 New dashboard data detected: enhanced_tabbed_dashboard_20250616.html
2025-06-16 12:51:57 | INFO | 📊 Parsing dashboard: enhanced_tabbed_dashboard_20250616.html
2025-06-16 12:51:57 | INFO | 📈 Extracted trend: 12
2025-06-16 12:51:57 | INFO | 🎯 Confidence: 95.0%
2025-06-16 12:51:57 | INFO | 💰 Combined flow: 16.35M
2025-06-16 12:51:57 | INFO | ✅ Dashboard parsed successfully
2025-06-16 12:51:57 | INFO | 🔍 Analyzing signal...
2025-06-16 12:51:57 | INFO |    Cumulative Trend: 12
2025-06-16 12:51:57 | INFO |    Confidence: 95.0%
2025-06-16 12:51:57 | INFO |    Combined Flow: +16.35M
2025-06-16 12:51:57 | INFO |    Trend Strength: WEAK
2025-06-16 12:51:57 | INFO | ❌ SKIP SIGNAL: Trend too weak (below 1k threshold)
2025-06-16 12:51:57 | ERROR | ❌ Failed to save signal: UNIQUE constraint failed: signal_history.signal_id
2025-06-16 12:51:57 | INFO | ⏭️  Signal skipped: Trend too weak (below 1k threshold)
2025-06-16 12:52:27 | INFO | ⏰ Enhanced Loop #339: 12:52:27 [SELL STRATEGY MODE]
2025-06-16 12:52:27 | INFO | ⏰ Loop #345: 12:52:27 [REAL DATA MODE]
2025-06-16 12:52:57 | INFO | ⏰ Enhanced Loop #340: 12:52:57 [SELL STRATEGY MODE]
2025-06-16 12:52:57 | INFO | 📊 New enhanced dashboard data detected: enhanced_tabbed_dashboard_20250616.html
2025-06-16 12:52:57 | INFO | 📊 Parsing dashboard: enhanced_tabbed_dashboard_20250616.html
2025-06-16 12:52:57 | INFO | ⏰ Loop #346: 12:52:57 [REAL DATA MODE]
2025-06-16 12:52:57 | INFO | 📊 New dashboard data detected: enhanced_tabbed_dashboard_20250616.html
2025-06-16 12:52:57 | INFO | 📊 Parsing dashboard: enhanced_tabbed_dashboard_20250616.html
2025-06-16 12:52:57 | INFO | 📈 Extracted trend: 12
2025-06-16 12:52:57 | INFO | 🎯 Confidence: 95.0%
2025-06-16 12:52:57 | INFO | 💰 Combined flow: 16.35M
2025-06-16 12:52:57 | INFO | 📈 Extracted trend: 12
2025-06-16 12:52:57 | INFO | ✅ Dashboard parsed successfully
2025-06-16 12:52:57 | INFO | 🔍 Enhanced Signal Analysis...
2025-06-16 12:52:57 | INFO | 🎯 Confidence: 95.0%
2025-06-16 12:52:57 | INFO | 💰 Combined flow: 16.35M
2025-06-16 12:52:57 | INFO |    Cumulative Trend: 12
2025-06-16 12:52:57 | INFO | ✅ Dashboard parsed successfully
2025-06-16 12:52:57 | INFO |    Confidence: 95.0%
2025-06-16 12:52:57 | INFO | 🔍 Analyzing signal...
2025-06-16 12:52:57 | INFO |    Cumulative Trend: 12
2025-06-16 12:52:57 | INFO |    Combined Flow: +16.35M
2025-06-16 12:52:57 | INFO |    Confidence: 95.0%
2025-06-16 12:52:57 | INFO |    Combined Flow: +16.35M
2025-06-16 12:52:57 | INFO |    Trend Strength: WEAK
2025-06-16 12:52:57 | INFO | ❌ SKIP SIGNAL: Trend too weak (below 1k threshold)
2025-06-16 12:52:57 | INFO | 💾 Signal saved: S_20250616_125257
2025-06-16 12:52:57 | INFO | ⏭️  Signal skipped: Trend too weak (below 1k threshold)
2025-06-16 12:52:57 | INFO | 📈 Real Spot Price: ₹24939.10 at 2025-06-16 12:50:52
2025-06-16 12:52:57 | INFO | 📊 Market Regime Detection:
2025-06-16 12:52:57 | INFO |    Primary Regime: RANGE_BOUND_LOW_VOL
2025-06-16 12:52:57 | INFO |    Volatility: LOW_VOLATILITY (20.0%ile)
2025-06-16 12:52:57 | INFO |    Range Status: RANGE_BOUND
2025-06-16 12:52:57 | INFO |    Recommended Strategy: SELL_PREMIUM
2025-06-16 12:52:57 | INFO |    Market Regime: RANGE_BOUND_LOW_VOL
2025-06-16 12:52:57 | INFO |    Recommended Strategy: SELL_PREMIUM
2025-06-16 12:52:57 | INFO | ❌ SKIP SELL SIGNAL: SELL strategy requires stronger signals (minimum MODERATE)
2025-06-16 12:52:57 | ERROR | ❌ Failed to save signal: UNIQUE constraint failed: signal_history.signal_id
2025-06-16 12:52:57 | INFO | ⏭️  Enhanced signal skipped: SELL strategy requires stronger signals (minimum MODERATE)
2025-06-16 12:52:57 | ERROR | ❌ Risk check failed: 'EnhancedPortfolioManager' object has no attribute 'get_portfolio_summary'
2025-06-16 12:52:57 | INFO | 
======================================================================
2025-06-16 12:52:57 | INFO | 📊 ENHANCED SYSTEM STATUS (SELL STRATEGY ENABLED)
2025-06-16 12:52:57 | INFO | ======================================================================
2025-06-16 12:52:57 | INFO | System Status: 🟢 RUNNING
2025-06-16 12:52:57 | INFO | Trading Status: 🟢 ENABLED
2025-06-16 12:52:57 | INFO | 💰 Current Capital: ₹100,000.00
2025-06-16 12:52:57 | INFO | 💸 Available Capital: ₹100,000.00
2025-06-16 12:52:57 | INFO | ⚖️  Capital at Risk (BUY): ₹0.00
2025-06-16 12:52:57 | INFO | 🏦 Margin Utilized (SELL): ₹0.00
2025-06-16 12:52:57 | INFO | 💵 Premium Collected: ₹0.00
2025-06-16 12:52:57 | INFO | 📈 Daily P&L: ₹+0.00
2025-06-16 12:52:57 | INFO | 💼 Total Active Positions: 0
2025-06-16 12:52:57 | INFO | 📊 BUY Positions: 0 | SELL Positions: 0
2025-06-16 12:52:57 | INFO | 📊 Trades Today: 0
2025-06-16 12:52:57 | INFO | 🟢 Total Risk Exposure: 0.0%
2025-06-16 12:52:58 | INFO | 📈 Real Spot Price: ₹24939.10 at 2025-06-16 12:50:52
2025-06-16 12:52:58 | INFO | 📊 Market Regime Detection:
2025-06-16 12:52:58 | INFO |    Primary Regime: RANGE_BOUND_LOW_VOL
2025-06-16 12:52:58 | INFO |    Volatility: LOW_VOLATILITY (10.0%ile)
2025-06-16 12:52:58 | INFO |    Range Status: RANGE_BOUND
2025-06-16 12:52:58 | INFO |    Recommended Strategy: SELL_PREMIUM
2025-06-16 12:52:58 | INFO | 🏛️  Market Regime: RANGE_BOUND_LOW_VOL
2025-06-16 12:52:58 | INFO | 📊 Volatility: 10%ile (LOW_VOLATILITY)
2025-06-16 12:52:58 | INFO | 🎯 Recommended Strategy: SELL_PREMIUM
2025-06-16 12:52:58 | INFO | 
🎯 ENHANCED STRATEGY THRESHOLDS:
2025-06-16 12:52:58 | INFO |   BUY Strategy (Trending Markets):
2025-06-16 12:52:58 | INFO |     SUPER_EXTREME: ±100,000 (4 lots)
2025-06-16 12:52:58 | INFO |     EXTREME: ±50,000 (3 lots)
2025-06-16 12:52:58 | INFO |   SELL Strategy (Range-bound/Low Vol):
2025-06-16 12:52:58 | INFO |     Range Detection: <2.0% price range
2025-06-16 12:52:58 | INFO |     Volatility Threshold: 15-35%ile
2025-06-16 12:52:58 | INFO |     Max SELL Positions: 2
2025-06-16 12:52:58 | INFO |     Max Margin Utilization: 60%
2025-06-16 12:52:58 | INFO | ======================================================================
2025-06-16 12:52:59 | INFO | 📈 Real Spot Price: ₹24939.10 at 2025-06-16 12:50:52
2025-06-16 12:52:59 | INFO | 
==================================================
2025-06-16 12:52:59 | INFO | 📊 ENHANCED REAL-TIME DATA STATUS
2025-06-16 12:52:59 | INFO | ==================================================
2025-06-16 12:52:59 | INFO | 📈 Current Nifty Spot: ₹24939.10
2025-06-16 12:52:59 | INFO | 📈 Real Spot Price: ₹24939.10 at 2025-06-16 12:50:52
2025-06-16 12:52:59 | INFO | 📊 Market Regime Detection:
2025-06-16 12:52:59 | INFO |    Primary Regime: NORMAL_TRENDING
2025-06-16 12:52:59 | INFO |    Volatility: NORMAL_VOLATILITY (70.0%ile)
2025-06-16 12:52:59 | INFO |    Range Status: RANGE_BOUND
2025-06-16 12:52:59 | INFO |    Recommended Strategy: BUY_OPTIONS
2025-06-16 12:52:59 | INFO | 🏛️  Current Market Regime: NORMAL_TRENDING
2025-06-16 12:52:59 | INFO | 📊 Volatility Regime: NORMAL_VOLATILITY
2025-06-16 12:52:59 | INFO | 🎯 Strategy Recommendation: BUY_OPTIONS
2025-06-16 12:52:59 | INFO | 🕒 Data Source: Real-time option chain database
2025-06-16 12:52:59 | INFO | 🔄 Update Frequency: Every 5 minutes
2025-06-16 12:52:59 | INFO | 🎯 SELL Strategy: ACTIVE
2025-06-16 12:52:59 | INFO | ==================================================
2025-06-16 12:53:27 | INFO | ⏰ Loop #347: 12:53:27 [REAL DATA MODE]
2025-06-16 12:53:29 | INFO | ⏰ Enhanced Loop #341: 12:53:29 [SELL STRATEGY MODE]
2025-06-16 12:53:57 | INFO | ⏰ Loop #348: 12:53:57 [REAL DATA MODE]
2025-06-16 12:53:57 | INFO | 📊 New dashboard data detected: enhanced_tabbed_dashboard_20250616.html
2025-06-16 12:53:57 | INFO | 📊 Parsing dashboard: enhanced_tabbed_dashboard_20250616.html
2025-06-16 12:53:57 | INFO | 📈 Extracted trend: 10
2025-06-16 12:53:57 | INFO | 🎯 Confidence: 95.0%
2025-06-16 12:53:57 | INFO | 💰 Combined flow: -1.32M
2025-06-16 12:53:57 | INFO | ✅ Dashboard parsed successfully
2025-06-16 12:53:57 | INFO | 🔍 Analyzing signal...
2025-06-16 12:53:57 | INFO |    Cumulative Trend: 10
2025-06-16 12:53:57 | INFO |    Confidence: 95.0%
2025-06-16 12:53:57 | INFO |    Combined Flow: -1.32M
2025-06-16 12:53:57 | INFO |    Trend Strength: WEAK
2025-06-16 12:53:57 | INFO | ❌ SKIP SIGNAL: Trend too weak (below 1k threshold)
2025-06-16 12:53:59 | INFO | ⏰ Enhanced Loop #342: 12:53:59 [SELL STRATEGY MODE]
2025-06-16 12:53:59 | INFO | 📊 New enhanced dashboard data detected: enhanced_tabbed_dashboard_20250616.html
2025-06-16 12:53:59 | INFO | 📊 Parsing dashboard: enhanced_tabbed_dashboard_20250616.html
2025-06-16 12:53:59 | INFO | 📈 Extracted trend: 10
2025-06-16 12:53:59 | INFO | 🎯 Confidence: 95.0%
2025-06-16 12:53:59 | INFO | 💰 Combined flow: -1.32M
2025-06-16 12:53:59 | INFO | ✅ Dashboard parsed successfully
2025-06-16 12:53:59 | INFO | 🔍 Enhanced Signal Analysis...
2025-06-16 12:53:59 | INFO |    Cumulative Trend: 10
2025-06-16 12:53:59 | INFO |    Confidence: 95.0%
2025-06-16 12:53:59 | INFO |    Combined Flow: -1.32M
2025-06-16 12:53:59 | INFO | 💾 Signal saved: S_20250616_125357
2025-06-16 12:53:59 | INFO | ⏭️  Signal skipped: Trend too weak (below 1k threshold)
2025-06-16 12:54:00 | INFO | 📈 Real Spot Price: ₹24939.10 at 2025-06-16 12:50:52
2025-06-16 12:54:00 | INFO | 📊 Market Regime Detection:
2025-06-16 12:54:00 | INFO |    Primary Regime: NORMAL_TRENDING
2025-06-16 12:54:00 | INFO |    Volatility: NORMAL_VOLATILITY (40.0%ile)
2025-06-16 12:54:00 | INFO |    Range Status: RANGE_BOUND
2025-06-16 12:54:00 | INFO |    Recommended Strategy: BUY_OPTIONS
2025-06-16 12:54:00 | INFO |    Market Regime: NORMAL_TRENDING
2025-06-16 12:54:00 | INFO |    Recommended Strategy: BUY_OPTIONS
2025-06-16 12:54:00 | INFO | 🔍 Analyzing signal...
2025-06-16 12:54:00 | INFO |    Cumulative Trend: 10
2025-06-16 12:54:00 | INFO |    Confidence: 95.0%
2025-06-16 12:54:00 | INFO |    Combined Flow: -1.32M
2025-06-16 12:54:00 | INFO |    Trend Strength: WEAK
2025-06-16 12:54:00 | INFO | ❌ SKIP SIGNAL: Trend too weak (below 1k threshold)
2025-06-16 12:54:00 | INFO | 💾 Enhanced signal saved: S_20250616_125400
2025-06-16 12:54:00 | INFO | ⏭️  Enhanced signal skipped: Trend too weak (below 1k threshold)
2025-06-16 12:54:29 | INFO | ⏰ Loop #349: 12:54:29 [REAL DATA MODE]
2025-06-16 12:54:30 | INFO | ⏰ Enhanced Loop #343: 12:54:30 [SELL STRATEGY MODE]
2025-06-16 12:54:59 | INFO | ⏰ Loop #350: 12:54:59 [REAL DATA MODE]
2025-06-16 12:54:59 | INFO | 📊 New dashboard data detected: enhanced_tabbed_dashboard_20250616.html
2025-06-16 12:54:59 | INFO | 📊 Parsing dashboard: enhanced_tabbed_dashboard_20250616.html
2025-06-16 12:54:59 | INFO | 📈 Extracted trend: 10
2025-06-16 12:54:59 | INFO | 🎯 Confidence: 95.0%
2025-06-16 12:54:59 | INFO | 💰 Combined flow: -1.32M
2025-06-16 12:54:59 | INFO | ✅ Dashboard parsed successfully
2025-06-16 12:54:59 | INFO | 🔍 Analyzing signal...
2025-06-16 12:54:59 | INFO |    Cumulative Trend: 10
2025-06-16 12:54:59 | INFO |    Confidence: 95.0%
2025-06-16 12:54:59 | INFO |    Combined Flow: -1.32M
2025-06-16 12:54:59 | INFO |    Trend Strength: WEAK
2025-06-16 12:54:59 | INFO | ❌ SKIP SIGNAL: Trend too weak (below 1k threshold)
2025-06-16 12:54:59 | INFO | 💾 Signal saved: S_20250616_125459
2025-06-16 12:54:59 | INFO | ⏭️  Signal skipped: Trend too weak (below 1k threshold)
2025-06-16 12:55:00 | INFO | ⏰ Enhanced Loop #344: 12:55:00 [SELL STRATEGY MODE]
2025-06-16 12:55:00 | INFO | 📊 New enhanced dashboard data detected: enhanced_tabbed_dashboard_20250616.html
2025-06-16 12:55:00 | INFO | 📊 Parsing dashboard: enhanced_tabbed_dashboard_20250616.html
2025-06-16 12:55:00 | INFO | 📈 Extracted trend: 10
2025-06-16 12:55:00 | INFO | 🎯 Confidence: 95.0%
2025-06-16 12:55:00 | INFO | 💰 Combined flow: -1.32M
2025-06-16 12:55:00 | INFO | ✅ Dashboard parsed successfully
2025-06-16 12:55:00 | INFO | 🔍 Enhanced Signal Analysis...
2025-06-16 12:55:00 | INFO |    Cumulative Trend: 10
2025-06-16 12:55:00 | INFO |    Confidence: 95.0%
2025-06-16 12:55:00 | INFO |    Combined Flow: -1.32M
2025-06-16 12:55:01 | INFO | 📈 Real Spot Price: ₹24939.10 at 2025-06-16 12:50:52
2025-06-16 12:55:01 | INFO | 📊 Market Regime Detection:
2025-06-16 12:55:01 | INFO |    Primary Regime: RANGE_BOUND_LOW_VOL
2025-06-16 12:55:01 | INFO |    Volatility: LOW_VOLATILITY (20.0%ile)
2025-06-16 12:55:01 | INFO |    Range Status: RANGE_BOUND
2025-06-16 12:55:01 | INFO |    Recommended Strategy: SELL_PREMIUM
2025-06-16 12:55:01 | INFO |    Market Regime: RANGE_BOUND_LOW_VOL
2025-06-16 12:55:01 | INFO |    Recommended Strategy: SELL_PREMIUM
2025-06-16 12:55:01 | INFO | ❌ SKIP SELL SIGNAL: SELL strategy requires stronger signals (minimum MODERATE)
2025-06-16 12:55:01 | INFO | 💾 Enhanced signal saved: S_20250616_125501
2025-06-16 12:55:01 | INFO | ⏭️  Enhanced signal skipped: SELL strategy requires stronger signals (minimum MODERATE)
2025-06-16 12:55:29 | INFO | ⏰ Loop #351: 12:55:29 [REAL DATA MODE]
2025-06-16 12:55:31 | INFO | ⏰ Enhanced Loop #345: 12:55:31 [SELL STRATEGY MODE]
2025-06-16 12:55:59 | INFO | ⏰ Loop #352: 12:55:59 [REAL DATA MODE]
2025-06-16 12:55:59 | INFO | 📊 New dashboard data detected: enhanced_tabbed_dashboard_20250616.html
2025-06-16 12:55:59 | INFO | 📊 Parsing dashboard: enhanced_tabbed_dashboard_20250616.html
2025-06-16 12:55:59 | INFO | 📈 Extracted trend: 10
2025-06-16 12:55:59 | INFO | 🎯 Confidence: 95.0%
2025-06-16 12:56:00 | INFO | 💰 Combined flow: -1.32M
2025-06-16 12:56:00 | INFO | ✅ Dashboard parsed successfully
2025-06-16 12:56:00 | INFO | 🔍 Analyzing signal...
2025-06-16 12:56:00 | INFO |    Cumulative Trend: 10
2025-06-16 12:56:00 | INFO |    Confidence: 95.0%
2025-06-16 12:56:00 | INFO |    Combined Flow: -1.32M
2025-06-16 12:56:00 | INFO |    Trend Strength: WEAK
2025-06-16 12:56:00 | INFO | ❌ SKIP SIGNAL: Trend too weak (below 1k threshold)
2025-06-16 12:56:00 | INFO | 💾 Signal saved: S_20250616_125600
2025-06-16 12:56:00 | INFO | ⏭️  Signal skipped: Trend too weak (below 1k threshold)
2025-06-16 12:56:01 | INFO | ⏰ Enhanced Loop #346: 12:56:01 [SELL STRATEGY MODE]
2025-06-16 12:56:01 | INFO | 📊 New enhanced dashboard data detected: enhanced_tabbed_dashboard_20250616.html
2025-06-16 12:56:01 | INFO | 📊 Parsing dashboard: enhanced_tabbed_dashboard_20250616.html
2025-06-16 12:56:01 | INFO | 📈 Extracted trend: 10
2025-06-16 12:56:01 | INFO | 🎯 Confidence: 95.0%
2025-06-16 12:56:01 | INFO | 💰 Combined flow: -1.32M
2025-06-16 12:56:01 | INFO | ✅ Dashboard parsed successfully
2025-06-16 12:56:01 | INFO | 🔍 Enhanced Signal Analysis...
2025-06-16 12:56:01 | INFO |    Cumulative Trend: 10
2025-06-16 12:56:01 | INFO |    Confidence: 95.0%
2025-06-16 12:56:01 | INFO |    Combined Flow: -1.32M
2025-06-16 12:56:01 | INFO | 📈 Real Spot Price: ₹24922.80 at 2025-06-16 12:55:57
2025-06-16 12:56:01 | INFO | 📊 Market Regime Detection:
2025-06-16 12:56:01 | INFO |    Primary Regime: NORMAL_TRENDING
2025-06-16 12:56:01 | INFO |    Volatility: NORMAL_VOLATILITY (50.0%ile)
2025-06-16 12:56:01 | INFO |    Range Status: RANGE_BOUND
2025-06-16 12:56:01 | INFO |    Recommended Strategy: BUY_OPTIONS
2025-06-16 12:56:01 | INFO |    Market Regime: NORMAL_TRENDING
2025-06-16 12:56:01 | INFO |    Recommended Strategy: BUY_OPTIONS
2025-06-16 12:56:01 | INFO | 🔍 Analyzing signal...
2025-06-16 12:56:01 | INFO |    Cumulative Trend: 10
2025-06-16 12:56:01 | INFO |    Confidence: 95.0%
2025-06-16 12:56:01 | INFO |    Combined Flow: -1.32M
2025-06-16 12:56:01 | INFO |    Trend Strength: WEAK
2025-06-16 12:56:01 | INFO | ❌ SKIP SIGNAL: Trend too weak (below 1k threshold)
2025-06-16 12:56:01 | INFO | 💾 Enhanced signal saved: S_20250616_125601
2025-06-16 12:56:01 | INFO | ⏭️  Enhanced signal skipped: Trend too weak (below 1k threshold)
2025-06-16 12:56:30 | INFO | ⏰ Loop #353: 12:56:30 [REAL DATA MODE]
2025-06-16 12:56:31 | INFO | ⏰ Enhanced Loop #347: 12:56:31 [SELL STRATEGY MODE]
2025-06-16 12:57:00 | INFO | ⏰ Loop #354: 12:57:00 [REAL DATA MODE]
2025-06-16 12:57:00 | INFO | 📊 New dashboard data detected: enhanced_tabbed_dashboard_20250616.html
2025-06-16 12:57:00 | INFO | 📊 Parsing dashboard: enhanced_tabbed_dashboard_20250616.html
2025-06-16 12:57:00 | INFO | 📈 Extracted trend: 2
2025-06-16 12:57:00 | INFO | 🎯 Confidence: 95.0%
2025-06-16 12:57:00 | INFO | 💰 Combined flow: 4.96M
2025-06-16 12:57:00 | INFO | ✅ Dashboard parsed successfully
2025-06-16 12:57:00 | INFO | 🔍 Analyzing signal...
2025-06-16 12:57:00 | INFO |    Cumulative Trend: 2
2025-06-16 12:57:00 | INFO |    Confidence: 95.0%
2025-06-16 12:57:00 | INFO |    Combined Flow: +4.96M
2025-06-16 12:57:00 | INFO |    Trend Strength: WEAK
2025-06-16 12:57:00 | INFO | ❌ SKIP SIGNAL: Trend too weak (below 1k threshold)
2025-06-16 12:57:00 | INFO | 💾 Signal saved: S_20250616_125700
2025-06-16 12:57:00 | INFO | ⏭️  Signal skipped: Trend too weak (below 1k threshold)
2025-06-16 12:57:01 | INFO | ⏰ Enhanced Loop #348: 12:57:01 [SELL STRATEGY MODE]
2025-06-16 12:57:01 | INFO | 📊 New enhanced dashboard data detected: enhanced_tabbed_dashboard_20250616.html
2025-06-16 12:57:01 | INFO | 📊 Parsing dashboard: enhanced_tabbed_dashboard_20250616.html
2025-06-16 12:57:01 | INFO | 📈 Extracted trend: 2
2025-06-16 12:57:01 | INFO | 🎯 Confidence: 95.0%
2025-06-16 12:57:01 | INFO | 💰 Combined flow: 4.96M
2025-06-16 12:57:01 | INFO | ✅ Dashboard parsed successfully
2025-06-16 12:57:01 | INFO | 🔍 Enhanced Signal Analysis...
2025-06-16 12:57:01 | INFO |    Cumulative Trend: 2
2025-06-16 12:57:01 | INFO |    Confidence: 95.0%
2025-06-16 12:57:01 | INFO |    Combined Flow: +4.96M
2025-06-16 12:57:02 | INFO | 📈 Real Spot Price: ₹24922.80 at 2025-06-16 12:55:57
2025-06-16 12:57:02 | INFO | 📊 Market Regime Detection:
2025-06-16 12:57:02 | INFO |    Primary Regime: POST_GAP_CONSOLIDATION
2025-06-16 12:57:02 | INFO |    Volatility: NORMAL_VOLATILITY (60.0%ile)
2025-06-16 12:57:02 | INFO |    Range Status: RANGE_BOUND
2025-06-16 12:57:02 | INFO |    Recommended Strategy: SELL_PREMIUM
2025-06-16 12:57:02 | INFO |    Market Regime: POST_GAP_CONSOLIDATION
2025-06-16 12:57:02 | INFO |    Recommended Strategy: SELL_PREMIUM
2025-06-16 12:57:02 | INFO | ❌ SKIP SELL SIGNAL: SELL strategy requires stronger signals (minimum MODERATE)
2025-06-16 12:57:02 | INFO | 💾 Enhanced signal saved: S_20250616_125702
2025-06-16 12:57:02 | INFO | ⏭️  Enhanced signal skipped: SELL strategy requires stronger signals (minimum MODERATE)
2025-06-16 12:57:30 | INFO | ⏰ Loop #355: 12:57:30 [REAL DATA MODE]
2025-06-16 12:57:32 | INFO | ⏰ Enhanced Loop #349: 12:57:32 [SELL STRATEGY MODE]
2025-06-16 12:58:00 | INFO | ⏰ Loop #356: 12:58:00 [REAL DATA MODE]
2025-06-16 12:58:00 | INFO | 📊 New dashboard data detected: enhanced_tabbed_dashboard_20250616.html
2025-06-16 12:58:00 | INFO | 📊 Parsing dashboard: enhanced_tabbed_dashboard_20250616.html
2025-06-16 12:58:00 | INFO | 📈 Extracted trend: 2
2025-06-16 12:58:00 | INFO | 🎯 Confidence: 95.0%
2025-06-16 12:58:00 | INFO | 💰 Combined flow: 4.96M
2025-06-16 12:58:00 | INFO | ✅ Dashboard parsed successfully
2025-06-16 12:58:00 | INFO | 🔍 Analyzing signal...
2025-06-16 12:58:00 | INFO |    Cumulative Trend: 2
2025-06-16 12:58:00 | INFO |    Confidence: 95.0%
2025-06-16 12:58:00 | INFO |    Combined Flow: +4.96M
2025-06-16 12:58:00 | INFO |    Trend Strength: WEAK
2025-06-16 12:58:00 | INFO | ❌ SKIP SIGNAL: Trend too weak (below 1k threshold)
2025-06-16 12:58:00 | INFO | 💾 Signal saved: S_20250616_125800
2025-06-16 12:58:00 | INFO | ⏭️  Signal skipped: Trend too weak (below 1k threshold)
2025-06-16 12:58:02 | INFO | ⏰ Enhanced Loop #350: 12:58:02 [SELL STRATEGY MODE]
2025-06-16 12:58:02 | INFO | 📊 New enhanced dashboard data detected: enhanced_tabbed_dashboard_20250616.html
2025-06-16 12:58:02 | INFO | 📊 Parsing dashboard: enhanced_tabbed_dashboard_20250616.html
2025-06-16 12:58:02 | INFO | 📈 Extracted trend: 2
2025-06-16 12:58:02 | INFO | 🎯 Confidence: 95.0%
2025-06-16 12:58:02 | INFO | 💰 Combined flow: 4.96M
2025-06-16 12:58:02 | INFO | ✅ Dashboard parsed successfully
2025-06-16 12:58:02 | INFO | 🔍 Enhanced Signal Analysis...
2025-06-16 12:58:02 | INFO |    Cumulative Trend: 2
2025-06-16 12:58:02 | INFO |    Confidence: 95.0%
2025-06-16 12:58:02 | INFO |    Combined Flow: +4.96M
2025-06-16 12:58:03 | INFO | 📈 Real Spot Price: ₹24922.80 at 2025-06-16 12:55:57
2025-06-16 12:58:03 | INFO | 📊 Market Regime Detection:
2025-06-16 12:58:03 | INFO |    Primary Regime: NORMAL_TRENDING
2025-06-16 12:58:03 | INFO |    Volatility: NORMAL_VOLATILITY (60.0%ile)
2025-06-16 12:58:03 | INFO |    Range Status: RANGE_BOUND
2025-06-16 12:58:03 | INFO |    Recommended Strategy: BUY_OPTIONS
2025-06-16 12:58:03 | INFO |    Market Regime: NORMAL_TRENDING
2025-06-16 12:58:03 | INFO |    Recommended Strategy: BUY_OPTIONS
2025-06-16 12:58:03 | INFO | 🔍 Analyzing signal...
2025-06-16 12:58:03 | INFO |    Cumulative Trend: 2
2025-06-16 12:58:03 | INFO |    Confidence: 95.0%
2025-06-16 12:58:03 | INFO |    Combined Flow: +4.96M
2025-06-16 12:58:03 | INFO |    Trend Strength: WEAK
2025-06-16 12:58:03 | INFO | ❌ SKIP SIGNAL: Trend too weak (below 1k threshold)
2025-06-16 12:58:03 | INFO | 💾 Enhanced signal saved: S_20250616_125803
2025-06-16 12:58:03 | INFO | ⏭️  Enhanced signal skipped: Trend too weak (below 1k threshold)
2025-06-16 12:58:03 | ERROR | ❌ Risk check failed: 'EnhancedPortfolioManager' object has no attribute 'get_portfolio_summary'
2025-06-16 12:58:30 | INFO | ⏰ Loop #357: 12:58:30 [REAL DATA MODE]
2025-06-16 12:58:33 | INFO | ⏰ Enhanced Loop #351: 12:58:33 [SELL STRATEGY MODE]
2025-06-16 12:59:00 | INFO | ⏰ Loop #358: 12:59:00 [REAL DATA MODE]
2025-06-16 12:59:00 | INFO | 📊 New dashboard data detected: enhanced_tabbed_dashboard_20250616.html
2025-06-16 12:59:00 | INFO | 📊 Parsing dashboard: enhanced_tabbed_dashboard_20250616.html
2025-06-16 12:59:00 | INFO | 📈 Extracted trend: 2
2025-06-16 12:59:00 | INFO | 🎯 Confidence: 95.0%
2025-06-16 12:59:00 | INFO | 💰 Combined flow: 4.96M
2025-06-16 12:59:00 | INFO | ✅ Dashboard parsed successfully
2025-06-16 12:59:00 | INFO | 🔍 Analyzing signal...
2025-06-16 12:59:00 | INFO |    Cumulative Trend: 2
2025-06-16 12:59:00 | INFO |    Confidence: 95.0%
2025-06-16 12:59:00 | INFO |    Combined Flow: +4.96M
2025-06-16 12:59:00 | INFO |    Trend Strength: WEAK
2025-06-16 12:59:00 | INFO | ❌ SKIP SIGNAL: Trend too weak (below 1k threshold)
2025-06-16 12:59:00 | INFO | 💾 Signal saved: S_20250616_125900
2025-06-16 12:59:00 | INFO | ⏭️  Signal skipped: Trend too weak (below 1k threshold)
2025-06-16 12:59:03 | INFO | ⏰ Enhanced Loop #352: 12:59:03 [SELL STRATEGY MODE]
2025-06-16 12:59:03 | INFO | 📊 New enhanced dashboard data detected: enhanced_tabbed_dashboard_20250616.html
2025-06-16 12:59:03 | INFO | 📊 Parsing dashboard: enhanced_tabbed_dashboard_20250616.html
2025-06-16 12:59:03 | INFO | 📈 Extracted trend: 2
2025-06-16 12:59:03 | INFO | 🎯 Confidence: 95.0%
2025-06-16 12:59:03 | INFO | 💰 Combined flow: 4.96M
2025-06-16 12:59:03 | INFO | ✅ Dashboard parsed successfully
2025-06-16 12:59:03 | INFO | 🔍 Enhanced Signal Analysis...
2025-06-16 12:59:03 | INFO |    Cumulative Trend: 2
2025-06-16 12:59:03 | INFO |    Confidence: 95.0%
2025-06-16 12:59:03 | INFO |    Combined Flow: +4.96M
2025-06-16 12:59:03 | INFO | 📈 Real Spot Price: ₹24922.80 at 2025-06-16 12:55:57
2025-06-16 12:59:03 | INFO | 📊 Market Regime Detection:
2025-06-16 12:59:03 | INFO |    Primary Regime: NORMAL_TRENDING
2025-06-16 12:59:03 | INFO |    Volatility: NORMAL_VOLATILITY (30.0%ile)
2025-06-16 12:59:03 | INFO |    Range Status: RANGE_BOUND
2025-06-16 12:59:03 | INFO |    Recommended Strategy: BUY_OPTIONS
2025-06-16 12:59:03 | INFO |    Market Regime: NORMAL_TRENDING
2025-06-16 12:59:03 | INFO |    Recommended Strategy: BUY_OPTIONS
2025-06-16 12:59:03 | INFO | 🔍 Analyzing signal...
2025-06-16 12:59:03 | INFO |    Cumulative Trend: 2
2025-06-16 12:59:03 | INFO |    Confidence: 95.0%
2025-06-16 12:59:03 | INFO |    Combined Flow: +4.96M
2025-06-16 12:59:03 | INFO |    Trend Strength: WEAK
2025-06-16 12:59:03 | INFO | ❌ SKIP SIGNAL: Trend too weak (below 1k threshold)
2025-06-16 12:59:03 | INFO | 💾 Enhanced signal saved: S_20250616_125903
2025-06-16 12:59:03 | INFO | ⏭️  Enhanced signal skipped: Trend too weak (below 1k threshold)
2025-06-16 12:59:30 | INFO | ⏰ Loop #359: 12:59:30 [REAL DATA MODE]
2025-06-16 12:59:33 | INFO | ⏰ Enhanced Loop #353: 12:59:33 [SELL STRATEGY MODE]
2025-06-16 13:00:00 | INFO | ⏰ Loop #360: 13:00:00 [REAL DATA MODE]
2025-06-16 13:00:00 | INFO | 📊 New dashboard data detected: enhanced_tabbed_dashboard_20250616.html
2025-06-16 13:00:00 | INFO | 📊 Parsing dashboard: enhanced_tabbed_dashboard_20250616.html
2025-06-16 13:00:00 | INFO | 📈 Extracted trend: -14
2025-06-16 13:00:00 | INFO | 🎯 Confidence: 95.0%
2025-06-16 13:00:00 | INFO | 💰 Combined flow: -11.19M
2025-06-16 13:00:00 | INFO | ✅ Dashboard parsed successfully
2025-06-16 13:00:00 | INFO | 🔍 Analyzing signal...
2025-06-16 13:00:00 | INFO |    Cumulative Trend: -14
2025-06-16 13:00:00 | INFO |    Confidence: 95.0%
2025-06-16 13:00:00 | INFO |    Combined Flow: -11.19M
2025-06-16 13:00:00 | INFO |    Trend Strength: WEAK
2025-06-16 13:00:00 | INFO | ❌ SKIP SIGNAL: Trend too weak (below 1k threshold)
2025-06-16 13:00:00 | INFO | 💾 Signal saved: S_20250616_130000
2025-06-16 13:00:00 | INFO | ⏭️  Signal skipped: Trend too weak (below 1k threshold)
2025-06-16 13:00:00 | INFO | 
======================================================================
2025-06-16 13:00:00 | INFO | 📊 ENHANCED SYSTEM STATUS
2025-06-16 13:00:00 | INFO | ======================================================================
2025-06-16 13:00:00 | INFO | System Status: 🟢 RUNNING
2025-06-16 13:00:00 | INFO | Trading Status: 🟢 ENABLED
2025-06-16 13:00:00 | INFO | 💰 Current Capital: ₹100,000.00
2025-06-16 13:00:00 | INFO | 💸 Available Capital: ₹100,000.00
2025-06-16 13:00:00 | INFO | ⚖️  Capital at Risk: ₹0.00
2025-06-16 13:00:00 | INFO | 📈 Daily P&L: ₹+0.00
2025-06-16 13:00:00 | INFO | 💼 Active Positions: 0
2025-06-16 13:00:00 | INFO | 📊 Trades Today: 0
2025-06-16 13:00:00 | INFO | 🟢 Risk Exposure: 0.0%
2025-06-16 13:00:00 | INFO | 📊 Latest Dashboard: enhanced_tabbed_dashboard_20250616.html
2025-06-16 13:00:00 | INFO | 🕒 Dashboard Modified: 2025-06-16 12:59:48
2025-06-16 13:00:00 | INFO | 📡 Signals Today: 172
2025-06-16 13:00:00 | INFO | 🕒 Last Check: 13:00:00
2025-06-16 13:00:00 | INFO | 
🎯 SIGNAL THRESHOLDS:
2025-06-16 13:00:00 | INFO |    SUPER_EXTREME: ±100,000 (4 lots)
2025-06-16 13:00:00 | INFO |    EXTREME: ±50,000 (3 lots)
2025-06-16 13:00:00 | INFO |    STRONG:  ±15,000 (2 lots)
2025-06-16 13:00:00 | INFO |    MODERATE: ±5,000 (1 lot)
2025-06-16 13:00:00 | INFO | ======================================================================
2025-06-16 13:00:01 | INFO | 
==================================================
2025-06-16 13:00:01 | INFO | 📊 REAL-TIME DATA STATUS
2025-06-16 13:00:01 | INFO | ==================================================
2025-06-16 13:00:01 | INFO | 📈 Current Nifty Spot: ₹24922.80
2025-06-16 13:00:01 | INFO | 🕒 Data Source: Real-time option chain database
2025-06-16 13:00:01 | INFO | 🔄 Update Frequency: Every 5 minutes
2025-06-16 13:00:01 | INFO | ==================================================
2025-06-16 13:00:03 | INFO | ⏰ Enhanced Loop #354: 13:00:03 [SELL STRATEGY MODE]
2025-06-16 13:00:03 | INFO | 📊 New enhanced dashboard data detected: enhanced_tabbed_dashboard_20250616.html
2025-06-16 13:00:03 | INFO | 📊 Parsing dashboard: enhanced_tabbed_dashboard_20250616.html
2025-06-16 13:00:03 | INFO | 📈 Extracted trend: -14
2025-06-16 13:00:03 | INFO | 🎯 Confidence: 95.0%
2025-06-16 13:00:03 | INFO | 💰 Combined flow: -11.19M
2025-06-16 13:00:03 | INFO | ✅ Dashboard parsed successfully
2025-06-16 13:00:03 | INFO | 🔍 Enhanced Signal Analysis...
2025-06-16 13:00:03 | INFO |    Cumulative Trend: -14
2025-06-16 13:00:03 | INFO |    Confidence: 95.0%
2025-06-16 13:00:03 | INFO |    Combined Flow: -11.19M
2025-06-16 13:00:04 | INFO | 📈 Real Spot Price: ₹24922.80 at 2025-06-16 12:55:57
2025-06-16 13:00:04 | INFO | 📊 Market Regime Detection:
2025-06-16 13:00:04 | INFO |    Primary Regime: NORMAL_TRENDING
2025-06-16 13:00:04 | INFO |    Volatility: NORMAL_VOLATILITY (30.0%ile)
2025-06-16 13:00:04 | INFO |    Range Status: RANGE_BOUND
2025-06-16 13:00:04 | INFO |    Recommended Strategy: BUY_OPTIONS
2025-06-16 13:00:04 | INFO |    Market Regime: NORMAL_TRENDING
2025-06-16 13:00:04 | INFO |    Recommended Strategy: BUY_OPTIONS
2025-06-16 13:00:04 | INFO | 🔍 Analyzing signal...
2025-06-16 13:00:04 | INFO |    Cumulative Trend: -14
2025-06-16 13:00:04 | INFO |    Confidence: 95.0%
2025-06-16 13:00:04 | INFO |    Combined Flow: -11.19M
2025-06-16 13:00:04 | INFO |    Trend Strength: WEAK
2025-06-16 13:00:04 | INFO | ❌ SKIP SIGNAL: Trend too weak (below 1k threshold)
2025-06-16 13:00:04 | INFO | 💾 Enhanced signal saved: S_20250616_130004
2025-06-16 13:00:04 | INFO | ⏭️  Enhanced signal skipped: Trend too weak (below 1k threshold)
2025-06-16 13:00:31 | INFO | ⏰ Loop #361: 13:00:31 [REAL DATA MODE]
2025-06-16 13:00:34 | INFO | ⏰ Enhanced Loop #355: 13:00:34 [SELL STRATEGY MODE]
2025-06-16 13:01:01 | INFO | ⏰ Loop #362: 13:01:01 [REAL DATA MODE]
2025-06-16 13:01:01 | INFO | 📊 New dashboard data detected: enhanced_tabbed_dashboard_20250616.html
2025-06-16 13:01:01 | INFO | 📊 Parsing dashboard: enhanced_tabbed_dashboard_20250616.html
2025-06-16 13:01:01 | INFO | 📈 Extracted trend: -14
2025-06-16 13:01:01 | INFO | 🎯 Confidence: 95.0%
2025-06-16 13:01:01 | INFO | 💰 Combined flow: -11.19M
2025-06-16 13:01:01 | INFO | ✅ Dashboard parsed successfully
2025-06-16 13:01:01 | INFO | 🔍 Analyzing signal...
2025-06-16 13:01:01 | INFO |    Cumulative Trend: -14
2025-06-16 13:01:01 | INFO |    Confidence: 95.0%
2025-06-16 13:01:01 | INFO |    Combined Flow: -11.19M
2025-06-16 13:01:01 | INFO |    Trend Strength: WEAK
2025-06-16 13:01:01 | INFO | ❌ SKIP SIGNAL: Trend too weak (below 1k threshold)
2025-06-16 13:01:01 | INFO | 💾 Signal saved: S_20250616_130101
2025-06-16 13:01:01 | INFO | ⏭️  Signal skipped: Trend too weak (below 1k threshold)
2025-06-16 13:01:04 | INFO | ⏰ Enhanced Loop #356: 13:01:04 [SELL STRATEGY MODE]
2025-06-16 13:01:04 | INFO | 📊 New enhanced dashboard data detected: enhanced_tabbed_dashboard_20250616.html
2025-06-16 13:01:04 | INFO | 📊 Parsing dashboard: enhanced_tabbed_dashboard_20250616.html
2025-06-16 13:01:04 | INFO | 📈 Extracted trend: -14
2025-06-16 13:01:04 | INFO | 🎯 Confidence: 95.0%
2025-06-16 13:01:04 | INFO | 💰 Combined flow: -11.19M
2025-06-16 13:01:04 | INFO | ✅ Dashboard parsed successfully
2025-06-16 13:01:04 | INFO | 🔍 Enhanced Signal Analysis...
2025-06-16 13:01:04 | INFO |    Cumulative Trend: -14
2025-06-16 13:01:04 | INFO |    Confidence: 95.0%
2025-06-16 13:01:04 | INFO |    Combined Flow: -11.19M
2025-06-16 13:01:04 | INFO | 📈 Real Spot Price: ₹24924.95 at 2025-06-16 13:01:03
2025-06-16 13:01:04 | INFO | 📊 Market Regime Detection:
2025-06-16 13:01:04 | INFO |    Primary Regime: HIGH_VOLATILITY_TRENDING
2025-06-16 13:01:04 | INFO |    Volatility: HIGH_VOLATILITY (90.0%ile)
2025-06-16 13:01:04 | INFO |    Range Status: RANGE_BOUND
2025-06-16 13:01:04 | INFO |    Recommended Strategy: BUY_OPTIONS
2025-06-16 13:01:04 | INFO |    Market Regime: HIGH_VOLATILITY_TRENDING
2025-06-16 13:01:04 | INFO |    Recommended Strategy: BUY_OPTIONS
2025-06-16 13:01:04 | INFO | 🔍 Analyzing signal...
2025-06-16 13:01:04 | INFO |    Cumulative Trend: -14
2025-06-16 13:01:04 | INFO |    Confidence: 95.0%
2025-06-16 13:01:04 | INFO |    Combined Flow: -11.19M
2025-06-16 13:01:04 | INFO |    Trend Strength: WEAK
2025-06-16 13:01:04 | INFO | ❌ SKIP SIGNAL: Trend too weak (below 1k threshold)
2025-06-16 13:01:04 | INFO | 💾 Enhanced signal saved: S_20250616_130104
2025-06-16 13:01:04 | INFO | ⏭️  Enhanced signal skipped: Trend too weak (below 1k threshold)
2025-06-16 13:01:31 | INFO | ⏰ Loop #363: 13:01:31 [REAL DATA MODE]
2025-06-16 13:01:34 | INFO | ⏰ Enhanced Loop #357: 13:01:34 [SELL STRATEGY MODE]
2025-06-16 13:02:01 | INFO | ⏰ Loop #364: 13:02:01 [REAL DATA MODE]
2025-06-16 13:02:01 | INFO | 📊 New dashboard data detected: enhanced_tabbed_dashboard_20250616.html
2025-06-16 13:02:01 | INFO | 📊 Parsing dashboard: enhanced_tabbed_dashboard_20250616.html
2025-06-16 13:02:01 | INFO | 📈 Extracted trend: -14
2025-06-16 13:02:01 | INFO | 🎯 Confidence: 95.0%
2025-06-16 13:02:01 | INFO | 💰 Combined flow: -11.19M
2025-06-16 13:02:01 | INFO | ✅ Dashboard parsed successfully
2025-06-16 13:02:01 | INFO | 🔍 Analyzing signal...
2025-06-16 13:02:01 | INFO |    Cumulative Trend: -14
2025-06-16 13:02:01 | INFO |    Confidence: 95.0%
2025-06-16 13:02:01 | INFO |    Combined Flow: -11.19M
2025-06-16 13:02:01 | INFO |    Trend Strength: WEAK
2025-06-16 13:02:01 | INFO | ❌ SKIP SIGNAL: Trend too weak (below 1k threshold)
2025-06-16 13:02:01 | INFO | 💾 Signal saved: S_20250616_130201
2025-06-16 13:02:01 | INFO | ⏭️  Signal skipped: Trend too weak (below 1k threshold)
2025-06-16 13:02:04 | INFO | ⏰ Enhanced Loop #358: 13:02:04 [SELL STRATEGY MODE]
2025-06-16 13:02:04 | INFO | 📊 New enhanced dashboard data detected: enhanced_tabbed_dashboard_20250616.html
2025-06-16 13:02:04 | INFO | 📊 Parsing dashboard: enhanced_tabbed_dashboard_20250616.html
2025-06-16 13:02:04 | INFO | 📈 Extracted trend: -14
2025-06-16 13:02:04 | INFO | 🎯 Confidence: 95.0%
2025-06-16 13:02:04 | INFO | 💰 Combined flow: -11.19M
2025-06-16 13:02:04 | INFO | ✅ Dashboard parsed successfully
2025-06-16 13:02:04 | INFO | 🔍 Enhanced Signal Analysis...
2025-06-16 13:02:04 | INFO |    Cumulative Trend: -14
2025-06-16 13:02:04 | INFO |    Confidence: 95.0%
2025-06-16 13:02:04 | INFO |    Combined Flow: -11.19M
2025-06-16 13:02:05 | INFO | 📈 Real Spot Price: ₹24924.95 at 2025-06-16 13:01:03
2025-06-16 13:02:05 | INFO | 📊 Market Regime Detection:
2025-06-16 13:02:05 | INFO |    Primary Regime: NORMAL_TRENDING
2025-06-16 13:02:05 | INFO |    Volatility: NORMAL_VOLATILITY (60.0%ile)
2025-06-16 13:02:05 | INFO |    Range Status: RANGE_BOUND
2025-06-16 13:02:05 | INFO |    Recommended Strategy: BUY_OPTIONS
2025-06-16 13:02:05 | INFO |    Market Regime: NORMAL_TRENDING
2025-06-16 13:02:05 | INFO |    Recommended Strategy: BUY_OPTIONS
2025-06-16 13:02:05 | INFO | 🔍 Analyzing signal...
2025-06-16 13:02:05 | INFO |    Cumulative Trend: -14
2025-06-16 13:02:05 | INFO |    Confidence: 95.0%
2025-06-16 13:02:05 | INFO |    Combined Flow: -11.19M
2025-06-16 13:02:05 | INFO |    Trend Strength: WEAK
2025-06-16 13:02:05 | INFO | ❌ SKIP SIGNAL: Trend too weak (below 1k threshold)
2025-06-16 13:02:05 | INFO | 💾 Enhanced signal saved: S_20250616_130205
2025-06-16 13:02:05 | INFO | ⏭️  Enhanced signal skipped: Trend too weak (below 1k threshold)
2025-06-16 13:02:31 | INFO | ⏰ Loop #365: 13:02:31 [REAL DATA MODE]
2025-06-16 13:02:35 | INFO | ⏰ Enhanced Loop #359: 13:02:35 [SELL STRATEGY MODE]
2025-06-16 13:03:01 | INFO | ⏰ Loop #366: 13:03:01 [REAL DATA MODE]
2025-06-16 13:03:01 | INFO | 📊 New dashboard data detected: enhanced_tabbed_dashboard_20250616.html
2025-06-16 13:03:01 | INFO | 📊 Parsing dashboard: enhanced_tabbed_dashboard_20250616.html
2025-06-16 13:03:01 | INFO | 📈 Extracted trend: -34
2025-06-16 13:03:01 | INFO | 🎯 Confidence: 95.0%
2025-06-16 13:03:01 | INFO | 💰 Combined flow: -13.20M
2025-06-16 13:03:01 | INFO | ✅ Dashboard parsed successfully
2025-06-16 13:03:01 | INFO | 🔍 Analyzing signal...
2025-06-16 13:03:01 | INFO |    Cumulative Trend: -34
2025-06-16 13:03:01 | INFO |    Confidence: 95.0%
2025-06-16 13:03:01 | INFO |    Combined Flow: -13.20M
2025-06-16 13:03:01 | INFO |    Trend Strength: WEAK
2025-06-16 13:03:01 | INFO | ❌ SKIP SIGNAL: Trend too weak (below 1k threshold)
2025-06-16 13:03:01 | INFO | 💾 Signal saved: S_20250616_130301
2025-06-16 13:03:01 | INFO | ⏭️  Signal skipped: Trend too weak (below 1k threshold)
2025-06-16 13:03:05 | INFO | ⏰ Enhanced Loop #360: 13:03:05 [SELL STRATEGY MODE]
2025-06-16 13:03:05 | INFO | 📊 New enhanced dashboard data detected: enhanced_tabbed_dashboard_20250616.html
2025-06-16 13:03:05 | INFO | 📊 Parsing dashboard: enhanced_tabbed_dashboard_20250616.html
2025-06-16 13:03:05 | INFO | 📈 Extracted trend: -34
2025-06-16 13:03:05 | INFO | 🎯 Confidence: 95.0%
2025-06-16 13:03:05 | INFO | 💰 Combined flow: -13.20M
2025-06-16 13:03:05 | INFO | ✅ Dashboard parsed successfully
2025-06-16 13:03:05 | INFO | 🔍 Enhanced Signal Analysis...
2025-06-16 13:03:05 | INFO |    Cumulative Trend: -34
2025-06-16 13:03:05 | INFO |    Confidence: 95.0%
2025-06-16 13:03:05 | INFO |    Combined Flow: -13.20M
2025-06-16 13:03:06 | INFO | 📈 Real Spot Price: ₹24924.95 at 2025-06-16 13:01:03
2025-06-16 13:03:06 | INFO | 📊 Market Regime Detection:
2025-06-16 13:03:06 | INFO |    Primary Regime: HIGH_VOLATILITY_TRENDING
2025-06-16 13:03:06 | INFO |    Volatility: HIGH_VOLATILITY (90.0%ile)
2025-06-16 13:03:06 | INFO |    Range Status: RANGE_BOUND
2025-06-16 13:03:06 | INFO |    Recommended Strategy: BUY_OPTIONS
2025-06-16 13:03:06 | INFO |    Market Regime: HIGH_VOLATILITY_TRENDING
2025-06-16 13:03:06 | INFO |    Recommended Strategy: BUY_OPTIONS
2025-06-16 13:03:06 | INFO | 🔍 Analyzing signal...
2025-06-16 13:03:06 | INFO |    Cumulative Trend: -34
2025-06-16 13:03:06 | INFO |    Confidence: 95.0%
2025-06-16 13:03:06 | INFO |    Combined Flow: -13.20M
2025-06-16 13:03:06 | INFO |    Trend Strength: WEAK
2025-06-16 13:03:06 | INFO | ❌ SKIP SIGNAL: Trend too weak (below 1k threshold)
2025-06-16 13:03:06 | INFO | 💾 Enhanced signal saved: S_20250616_130306
2025-06-16 13:03:06 | INFO | ⏭️  Enhanced signal skipped: Trend too weak (below 1k threshold)
2025-06-16 13:03:06 | ERROR | ❌ Risk check failed: 'EnhancedPortfolioManager' object has no attribute 'get_portfolio_summary'
2025-06-16 13:03:06 | INFO | 
======================================================================
2025-06-16 13:03:06 | INFO | 📊 ENHANCED SYSTEM STATUS (SELL STRATEGY ENABLED)
2025-06-16 13:03:06 | INFO | ======================================================================
2025-06-16 13:03:06 | INFO | System Status: 🟢 RUNNING
2025-06-16 13:03:06 | INFO | Trading Status: 🟢 ENABLED
2025-06-16 13:03:06 | INFO | 💰 Current Capital: ₹100,000.00
2025-06-16 13:03:06 | INFO | 💸 Available Capital: ₹100,000.00
2025-06-16 13:03:06 | INFO | ⚖️  Capital at Risk (BUY): ₹0.00
2025-06-16 13:03:06 | INFO | 🏦 Margin Utilized (SELL): ₹0.00
2025-06-16 13:03:06 | INFO | 💵 Premium Collected: ₹0.00
2025-06-16 13:03:06 | INFO | 📈 Daily P&L: ₹+0.00
2025-06-16 13:03:06 | INFO | 💼 Total Active Positions: 0
2025-06-16 13:03:06 | INFO | 📊 BUY Positions: 0 | SELL Positions: 0
2025-06-16 13:03:06 | INFO | 📊 Trades Today: 0
2025-06-16 13:03:06 | INFO | 🟢 Total Risk Exposure: 0.0%
2025-06-16 13:03:06 | INFO | 📈 Real Spot Price: ₹24924.95 at 2025-06-16 13:01:03
2025-06-16 13:03:06 | INFO | 📊 Market Regime Detection:
2025-06-16 13:03:06 | INFO |    Primary Regime: RANGE_BOUND_LOW_VOL
2025-06-16 13:03:06 | INFO |    Volatility: LOW_VOLATILITY (20.0%ile)
2025-06-16 13:03:06 | INFO |    Range Status: RANGE_BOUND
2025-06-16 13:03:06 | INFO |    Recommended Strategy: SELL_PREMIUM
2025-06-16 13:03:06 | INFO | 🏛️  Market Regime: RANGE_BOUND_LOW_VOL
2025-06-16 13:03:06 | INFO | 📊 Volatility: 20%ile (LOW_VOLATILITY)
2025-06-16 13:03:06 | INFO | 🎯 Recommended Strategy: SELL_PREMIUM
2025-06-16 13:03:06 | INFO | 
🎯 ENHANCED STRATEGY THRESHOLDS:
2025-06-16 13:03:06 | INFO |   BUY Strategy (Trending Markets):
2025-06-16 13:03:06 | INFO |     SUPER_EXTREME: ±100,000 (4 lots)
2025-06-16 13:03:06 | INFO |     EXTREME: ±50,000 (3 lots)
2025-06-16 13:03:06 | INFO |   SELL Strategy (Range-bound/Low Vol):
2025-06-16 13:03:06 | INFO |     Range Detection: <2.0% price range
2025-06-16 13:03:06 | INFO |     Volatility Threshold: 15-35%ile
2025-06-16 13:03:06 | INFO |     Max SELL Positions: 2
2025-06-16 13:03:06 | INFO |     Max Margin Utilization: 60%
2025-06-16 13:03:06 | INFO | ======================================================================
2025-06-16 13:03:07 | INFO | 📈 Real Spot Price: ₹24924.95 at 2025-06-16 13:01:03
2025-06-16 13:03:07 | INFO | 
==================================================
2025-06-16 13:03:07 | INFO | 📊 ENHANCED REAL-TIME DATA STATUS
2025-06-16 13:03:07 | INFO | ==================================================
2025-06-16 13:03:07 | INFO | 📈 Current Nifty Spot: ₹24924.95
2025-06-16 13:03:08 | INFO | 📈 Real Spot Price: ₹24924.95 at 2025-06-16 13:01:03
2025-06-16 13:03:08 | INFO | 📊 Market Regime Detection:
2025-06-16 13:03:08 | INFO |    Primary Regime: HIGH_VOLATILITY_TRENDING
2025-06-16 13:03:08 | INFO |    Volatility: HIGH_VOLATILITY (90.0%ile)
2025-06-16 13:03:08 | INFO |    Range Status: RANGE_BOUND
2025-06-16 13:03:08 | INFO |    Recommended Strategy: BUY_OPTIONS
2025-06-16 13:03:08 | INFO | 🏛️  Current Market Regime: HIGH_VOLATILITY_TRENDING
2025-06-16 13:03:08 | INFO | 📊 Volatility Regime: HIGH_VOLATILITY
2025-06-16 13:03:08 | INFO | 🎯 Strategy Recommendation: BUY_OPTIONS
2025-06-16 13:03:08 | INFO | 🕒 Data Source: Real-time option chain database
2025-06-16 13:03:08 | INFO | 🔄 Update Frequency: Every 5 minutes
2025-06-16 13:03:08 | INFO | 🎯 SELL Strategy: ACTIVE
2025-06-16 13:03:08 | INFO | ==================================================
2025-06-16 13:03:31 | INFO | ⏰ Loop #367: 13:03:31 [REAL DATA MODE]
2025-06-16 13:03:38 | INFO | ⏰ Enhanced Loop #361: 13:03:38 [SELL STRATEGY MODE]
2025-06-16 13:04:01 | INFO | ⏰ Loop #368: 13:04:01 [REAL DATA MODE]
2025-06-16 13:04:01 | INFO | 📊 New dashboard data detected: enhanced_tabbed_dashboard_20250616.html
2025-06-16 13:04:01 | INFO | 📊 Parsing dashboard: enhanced_tabbed_dashboard_20250616.html
2025-06-16 13:04:01 | INFO | 📈 Extracted trend: -34
2025-06-16 13:04:01 | INFO | 🎯 Confidence: 95.0%
2025-06-16 13:04:01 | INFO | 💰 Combined flow: -13.20M
2025-06-16 13:04:01 | INFO | ✅ Dashboard parsed successfully
2025-06-16 13:04:01 | INFO | 🔍 Analyzing signal...
2025-06-16 13:04:01 | INFO |    Cumulative Trend: -34
2025-06-16 13:04:01 | INFO |    Confidence: 95.0%
2025-06-16 13:04:01 | INFO |    Combined Flow: -13.20M
2025-06-16 13:04:01 | INFO |    Trend Strength: WEAK
2025-06-16 13:04:01 | INFO | ❌ SKIP SIGNAL: Trend too weak (below 1k threshold)
2025-06-16 13:04:01 | INFO | 💾 Signal saved: S_20250616_130401
2025-06-16 13:04:01 | INFO | ⏭️  Signal skipped: Trend too weak (below 1k threshold)
2025-06-16 13:04:08 | INFO | ⏰ Enhanced Loop #362: 13:04:08 [SELL STRATEGY MODE]
2025-06-16 13:04:08 | INFO | 📊 New enhanced dashboard data detected: enhanced_tabbed_dashboard_20250616.html
2025-06-16 13:04:08 | INFO | 📊 Parsing dashboard: enhanced_tabbed_dashboard_20250616.html
2025-06-16 13:04:08 | INFO | 📈 Extracted trend: -34
2025-06-16 13:04:08 | INFO | 🎯 Confidence: 95.0%
2025-06-16 13:04:08 | INFO | 💰 Combined flow: -13.20M
2025-06-16 13:04:08 | INFO | ✅ Dashboard parsed successfully
2025-06-16 13:04:08 | INFO | 🔍 Enhanced Signal Analysis...
2025-06-16 13:04:08 | INFO |    Cumulative Trend: -34
2025-06-16 13:04:08 | INFO |    Confidence: 95.0%
2025-06-16 13:04:08 | INFO |    Combined Flow: -13.20M
2025-06-16 13:04:08 | INFO | 📈 Real Spot Price: ₹24924.95 at 2025-06-16 13:01:03
2025-06-16 13:04:08 | INFO | 📊 Market Regime Detection:
2025-06-16 13:04:08 | INFO |    Primary Regime: HIGH_VOLATILITY_TRENDING
2025-06-16 13:04:08 | INFO |    Volatility: HIGH_VOLATILITY (90.0%ile)
2025-06-16 13:04:08 | INFO |    Range Status: RANGE_BOUND
2025-06-16 13:04:08 | INFO |    Recommended Strategy: BUY_OPTIONS
2025-06-16 13:04:08 | INFO |    Market Regime: HIGH_VOLATILITY_TRENDING
2025-06-16 13:04:08 | INFO |    Recommended Strategy: BUY_OPTIONS
2025-06-16 13:04:08 | INFO | 🔍 Analyzing signal...
2025-06-16 13:04:08 | INFO |    Cumulative Trend: -34
2025-06-16 13:04:08 | INFO |    Confidence: 95.0%
2025-06-16 13:04:08 | INFO |    Combined Flow: -13.20M
2025-06-16 13:04:08 | INFO |    Trend Strength: WEAK
2025-06-16 13:04:08 | INFO | ❌ SKIP SIGNAL: Trend too weak (below 1k threshold)
2025-06-16 13:04:08 | INFO | 💾 Enhanced signal saved: S_20250616_130408
2025-06-16 13:04:08 | INFO | ⏭️  Enhanced signal skipped: Trend too weak (below 1k threshold)
2025-06-16 13:04:31 | INFO | ⏰ Loop #369: 13:04:31 [REAL DATA MODE]
2025-06-16 13:04:38 | INFO | ⏰ Enhanced Loop #363: 13:04:38 [SELL STRATEGY MODE]
2025-06-16 13:05:01 | INFO | ⏰ Loop #370: 13:05:01 [REAL DATA MODE]
2025-06-16 13:05:01 | INFO | 📊 New dashboard data detected: enhanced_tabbed_dashboard_20250616.html
2025-06-16 13:05:01 | INFO | 📊 Parsing dashboard: enhanced_tabbed_dashboard_20250616.html
2025-06-16 13:05:01 | INFO | 📈 Extracted trend: -34
2025-06-16 13:05:01 | INFO | 🎯 Confidence: 95.0%
2025-06-16 13:05:01 | INFO | 💰 Combined flow: -13.20M
2025-06-16 13:05:01 | INFO | ✅ Dashboard parsed successfully
2025-06-16 13:05:01 | INFO | 🔍 Analyzing signal...
2025-06-16 13:05:01 | INFO |    Cumulative Trend: -34
2025-06-16 13:05:01 | INFO |    Confidence: 95.0%
2025-06-16 13:05:01 | INFO |    Combined Flow: -13.20M
2025-06-16 13:05:01 | INFO |    Trend Strength: WEAK
2025-06-16 13:05:01 | INFO | ❌ SKIP SIGNAL: Trend too weak (below 1k threshold)
2025-06-16 13:05:01 | INFO | 💾 Signal saved: S_20250616_130501
2025-06-16 13:05:01 | INFO | ⏭️  Signal skipped: Trend too weak (below 1k threshold)
2025-06-16 13:05:08 | INFO | ⏰ Enhanced Loop #364: 13:05:08 [SELL STRATEGY MODE]
2025-06-16 13:05:08 | INFO | 📊 New enhanced dashboard data detected: enhanced_tabbed_dashboard_20250616.html
2025-06-16 13:05:08 | INFO | 📊 Parsing dashboard: enhanced_tabbed_dashboard_20250616.html
2025-06-16 13:05:08 | INFO | 📈 Extracted trend: -34
2025-06-16 13:05:08 | INFO | 🎯 Confidence: 95.0%
2025-06-16 13:05:08 | INFO | 💰 Combined flow: -13.20M
2025-06-16 13:05:08 | INFO | ✅ Dashboard parsed successfully
2025-06-16 13:05:08 | INFO | 🔍 Enhanced Signal Analysis...
2025-06-16 13:05:08 | INFO |    Cumulative Trend: -34
2025-06-16 13:05:08 | INFO |    Confidence: 95.0%
2025-06-16 13:05:08 | INFO |    Combined Flow: -13.20M
2025-06-16 13:05:09 | INFO | 📈 Real Spot Price: ₹24924.95 at 2025-06-16 13:01:03
2025-06-16 13:05:09 | INFO | 📊 Market Regime Detection:
2025-06-16 13:05:09 | INFO |    Primary Regime: POST_GAP_CONSOLIDATION
2025-06-16 13:05:09 | INFO |    Volatility: NORMAL_VOLATILITY (60.0%ile)
2025-06-16 13:05:09 | INFO |    Range Status: RANGE_BOUND
2025-06-16 13:05:09 | INFO |    Recommended Strategy: SELL_PREMIUM
2025-06-16 13:05:09 | INFO |    Market Regime: POST_GAP_CONSOLIDATION
2025-06-16 13:05:09 | INFO |    Recommended Strategy: SELL_PREMIUM
2025-06-16 13:05:09 | INFO | ❌ SKIP SELL SIGNAL: SELL strategy requires stronger signals (minimum MODERATE)
2025-06-16 13:05:09 | INFO | 💾 Enhanced signal saved: S_20250616_130509
2025-06-16 13:05:09 | INFO | ⏭️  Enhanced signal skipped: SELL strategy requires stronger signals (minimum MODERATE)
2025-06-16 13:05:31 | INFO | ⏰ Loop #371: 13:05:31 [REAL DATA MODE]
2025-06-16 13:05:39 | INFO | ⏰ Enhanced Loop #365: 13:05:39 [SELL STRATEGY MODE]
2025-06-16 13:06:01 | INFO | ⏰ Loop #372: 13:06:01 [REAL DATA MODE]
2025-06-16 13:06:01 | INFO | 📊 New dashboard data detected: enhanced_tabbed_dashboard_20250616.html
2025-06-16 13:06:01 | INFO | 📊 Parsing dashboard: enhanced_tabbed_dashboard_20250616.html
2025-06-16 13:06:01 | INFO | 📈 Extracted trend: -13
2025-06-16 13:06:01 | INFO | 🎯 Confidence: 95.0%
2025-06-16 13:06:01 | INFO | 💰 Combined flow: 7.18M
2025-06-16 13:06:01 | INFO | ✅ Dashboard parsed successfully
2025-06-16 13:06:01 | INFO | 🔍 Analyzing signal...
2025-06-16 13:06:01 | INFO |    Cumulative Trend: -13
2025-06-16 13:06:01 | INFO |    Confidence: 95.0%
2025-06-16 13:06:01 | INFO |    Combined Flow: +7.18M
2025-06-16 13:06:01 | INFO |    Trend Strength: WEAK
2025-06-16 13:06:01 | INFO | ❌ SKIP SIGNAL: Trend too weak (below 1k threshold)
2025-06-16 13:06:01 | INFO | 💾 Signal saved: S_20250616_130601
2025-06-16 13:06:01 | INFO | ⏭️  Signal skipped: Trend too weak (below 1k threshold)
2025-06-16 13:06:09 | INFO | ⏰ Enhanced Loop #366: 13:06:09 [SELL STRATEGY MODE]
2025-06-16 13:06:09 | INFO | 📊 New enhanced dashboard data detected: enhanced_tabbed_dashboard_20250616.html
2025-06-16 13:06:09 | INFO | 📊 Parsing dashboard: enhanced_tabbed_dashboard_20250616.html
2025-06-16 13:06:09 | INFO | 📈 Extracted trend: -13
2025-06-16 13:06:09 | INFO | 🎯 Confidence: 95.0%
2025-06-16 13:06:09 | INFO | 💰 Combined flow: 7.18M
2025-06-16 13:06:09 | INFO | ✅ Dashboard parsed successfully
2025-06-16 13:06:09 | INFO | 🔍 Enhanced Signal Analysis...
2025-06-16 13:06:09 | INFO |    Cumulative Trend: -13
2025-06-16 13:06:09 | INFO |    Confidence: 95.0%
2025-06-16 13:06:09 | INFO |    Combined Flow: +7.18M
2025-06-16 13:06:10 | INFO | 📈 Real Spot Price: ₹24931.25 at 2025-06-16 13:06:08
2025-06-16 13:06:10 | INFO | 📊 Market Regime Detection:
2025-06-16 13:06:10 | INFO |    Primary Regime: NORMAL_TRENDING
2025-06-16 13:06:10 | INFO |    Volatility: NORMAL_VOLATILITY (40.0%ile)
2025-06-16 13:06:10 | INFO |    Range Status: RANGE_BOUND
2025-06-16 13:06:10 | INFO |    Recommended Strategy: BUY_OPTIONS
2025-06-16 13:06:10 | INFO |    Market Regime: NORMAL_TRENDING
2025-06-16 13:06:10 | INFO |    Recommended Strategy: BUY_OPTIONS
2025-06-16 13:06:10 | INFO | 🔍 Analyzing signal...
2025-06-16 13:06:10 | INFO |    Cumulative Trend: -13
2025-06-16 13:06:10 | INFO |    Confidence: 95.0%
2025-06-16 13:06:10 | INFO |    Combined Flow: +7.18M
2025-06-16 13:06:10 | INFO |    Trend Strength: WEAK
2025-06-16 13:06:10 | INFO | ❌ SKIP SIGNAL: Trend too weak (below 1k threshold)
2025-06-16 13:06:10 | INFO | 💾 Enhanced signal saved: S_20250616_130610
2025-06-16 13:06:10 | INFO | ⏭️  Enhanced signal skipped: Trend too weak (below 1k threshold)
2025-06-16 13:06:31 | INFO | ⏰ Loop #373: 13:06:31 [REAL DATA MODE]
2025-06-16 13:06:40 | INFO | ⏰ Enhanced Loop #367: 13:06:40 [SELL STRATEGY MODE]
2025-06-16 13:07:01 | INFO | ⏰ Loop #374: 13:07:01 [REAL DATA MODE]
2025-06-16 13:07:01 | INFO | 📊 New dashboard data detected: enhanced_tabbed_dashboard_20250616.html
2025-06-16 13:07:01 | INFO | 📊 Parsing dashboard: enhanced_tabbed_dashboard_20250616.html
2025-06-16 13:07:01 | INFO | 📈 Extracted trend: -13
2025-06-16 13:07:01 | INFO | 🎯 Confidence: 95.0%
2025-06-16 13:07:01 | INFO | 💰 Combined flow: 7.18M
2025-06-16 13:07:01 | INFO | ✅ Dashboard parsed successfully
2025-06-16 13:07:01 | INFO | 🔍 Analyzing signal...
2025-06-16 13:07:01 | INFO |    Cumulative Trend: -13
2025-06-16 13:07:01 | INFO |    Confidence: 95.0%
2025-06-16 13:07:01 | INFO |    Combined Flow: +7.18M
2025-06-16 13:07:01 | INFO |    Trend Strength: WEAK
2025-06-16 13:07:01 | INFO | ❌ SKIP SIGNAL: Trend too weak (below 1k threshold)
2025-06-16 13:07:01 | INFO | 💾 Signal saved: S_20250616_130701
2025-06-16 13:07:01 | INFO | ⏭️  Signal skipped: Trend too weak (below 1k threshold)
2025-06-16 13:07:10 | INFO | ⏰ Enhanced Loop #368: 13:07:10 [SELL STRATEGY MODE]
2025-06-16 13:07:10 | INFO | 📊 New enhanced dashboard data detected: enhanced_tabbed_dashboard_20250616.html
2025-06-16 13:07:10 | INFO | 📊 Parsing dashboard: enhanced_tabbed_dashboard_20250616.html
2025-06-16 13:07:10 | INFO | 📈 Extracted trend: -13
2025-06-16 13:07:10 | INFO | 🎯 Confidence: 95.0%
2025-06-16 13:07:10 | INFO | 💰 Combined flow: 7.18M
2025-06-16 13:07:10 | INFO | ✅ Dashboard parsed successfully
2025-06-16 13:07:10 | INFO | 🔍 Enhanced Signal Analysis...
2025-06-16 13:07:10 | INFO |    Cumulative Trend: -13
2025-06-16 13:07:10 | INFO |    Confidence: 95.0%
2025-06-16 13:07:10 | INFO |    Combined Flow: +7.18M
2025-06-16 13:07:10 | INFO | 📈 Real Spot Price: ₹24931.25 at 2025-06-16 13:06:08
2025-06-16 13:07:10 | INFO | 📊 Market Regime Detection:
2025-06-16 13:07:10 | INFO |    Primary Regime: NORMAL_TRENDING
2025-06-16 13:07:10 | INFO |    Volatility: NORMAL_VOLATILITY (70.0%ile)
2025-06-16 13:07:10 | INFO |    Range Status: RANGE_BOUND
2025-06-16 13:07:10 | INFO |    Recommended Strategy: BUY_OPTIONS
2025-06-16 13:07:10 | INFO |    Market Regime: NORMAL_TRENDING
2025-06-16 13:07:10 | INFO |    Recommended Strategy: BUY_OPTIONS
2025-06-16 13:07:10 | INFO | 🔍 Analyzing signal...
2025-06-16 13:07:10 | INFO |    Cumulative Trend: -13
2025-06-16 13:07:10 | INFO |    Confidence: 95.0%
2025-06-16 13:07:10 | INFO |    Combined Flow: +7.18M
2025-06-16 13:07:10 | INFO |    Trend Strength: WEAK
2025-06-16 13:07:10 | INFO | ❌ SKIP SIGNAL: Trend too weak (below 1k threshold)
2025-06-16 13:07:10 | INFO | 💾 Enhanced signal saved: S_20250616_130710
2025-06-16 13:07:10 | INFO | ⏭️  Enhanced signal skipped: Trend too weak (below 1k threshold)
2025-06-16 13:07:31 | INFO | ⏰ Loop #375: 13:07:31 [REAL DATA MODE]
2025-06-16 13:07:40 | INFO | ⏰ Enhanced Loop #369: 13:07:40 [SELL STRATEGY MODE]
2025-06-16 13:08:01 | INFO | ⏰ Loop #376: 13:08:01 [REAL DATA MODE]
2025-06-16 13:08:01 | INFO | 📊 New dashboard data detected: enhanced_tabbed_dashboard_20250616.html
2025-06-16 13:08:01 | INFO | 📊 Parsing dashboard: enhanced_tabbed_dashboard_20250616.html
2025-06-16 13:08:01 | INFO | 📈 Extracted trend: -13
2025-06-16 13:08:01 | INFO | 🎯 Confidence: 95.0%
2025-06-16 13:08:01 | INFO | 💰 Combined flow: 7.18M
2025-06-16 13:08:01 | INFO | ✅ Dashboard parsed successfully
2025-06-16 13:08:01 | INFO | 🔍 Analyzing signal...
2025-06-16 13:08:01 | INFO |    Cumulative Trend: -13
2025-06-16 13:08:01 | INFO |    Confidence: 95.0%
2025-06-16 13:08:01 | INFO |    Combined Flow: +7.18M
2025-06-16 13:08:01 | INFO |    Trend Strength: WEAK
2025-06-16 13:08:01 | INFO | ❌ SKIP SIGNAL: Trend too weak (below 1k threshold)
2025-06-16 13:08:01 | INFO | 💾 Signal saved: S_20250616_130801
2025-06-16 13:08:01 | INFO | ⏭️  Signal skipped: Trend too weak (below 1k threshold)
2025-06-16 13:08:10 | INFO | ⏰ Enhanced Loop #370: 13:08:10 [SELL STRATEGY MODE]
2025-06-16 13:08:10 | INFO | 📊 New enhanced dashboard data detected: enhanced_tabbed_dashboard_20250616.html
2025-06-16 13:08:10 | INFO | 📊 Parsing dashboard: enhanced_tabbed_dashboard_20250616.html
2025-06-16 13:08:10 | INFO | 📈 Extracted trend: -13
2025-06-16 13:08:10 | INFO | 🎯 Confidence: 95.0%
2025-06-16 13:08:10 | INFO | 💰 Combined flow: 7.18M
2025-06-16 13:08:10 | INFO | ✅ Dashboard parsed successfully
2025-06-16 13:08:10 | INFO | 🔍 Enhanced Signal Analysis...
2025-06-16 13:08:10 | INFO |    Cumulative Trend: -13
2025-06-16 13:08:10 | INFO |    Confidence: 95.0%
2025-06-16 13:08:10 | INFO |    Combined Flow: +7.18M
2025-06-16 13:08:11 | INFO | 📈 Real Spot Price: ₹24931.25 at 2025-06-16 13:06:08
2025-06-16 13:08:11 | INFO | 📊 Market Regime Detection:
2025-06-16 13:08:11 | INFO |    Primary Regime: NORMAL_TRENDING
2025-06-16 13:08:11 | INFO |    Volatility: NORMAL_VOLATILITY (40.0%ile)
2025-06-16 13:08:11 | INFO |    Range Status: RANGE_BOUND
2025-06-16 13:08:11 | INFO |    Recommended Strategy: BUY_OPTIONS
2025-06-16 13:08:11 | INFO |    Market Regime: NORMAL_TRENDING
2025-06-16 13:08:11 | INFO |    Recommended Strategy: BUY_OPTIONS
2025-06-16 13:08:11 | INFO | 🔍 Analyzing signal...
2025-06-16 13:08:11 | INFO |    Cumulative Trend: -13
2025-06-16 13:08:11 | INFO |    Confidence: 95.0%
2025-06-16 13:08:11 | INFO |    Combined Flow: +7.18M
2025-06-16 13:08:11 | INFO |    Trend Strength: WEAK
2025-06-16 13:08:11 | INFO | ❌ SKIP SIGNAL: Trend too weak (below 1k threshold)
2025-06-16 13:08:11 | INFO | 💾 Enhanced signal saved: S_20250616_130811
2025-06-16 13:08:11 | INFO | ⏭️  Enhanced signal skipped: Trend too weak (below 1k threshold)
2025-06-16 13:08:11 | ERROR | ❌ Risk check failed: 'EnhancedPortfolioManager' object has no attribute 'get_portfolio_summary'
2025-06-16 13:08:31 | INFO | ⏰ Loop #377: 13:08:31 [REAL DATA MODE]
2025-06-16 13:08:41 | INFO | ⏰ Enhanced Loop #371: 13:08:41 [SELL STRATEGY MODE]
2025-06-16 13:09:01 | INFO | ⏰ Loop #378: 13:09:01 [REAL DATA MODE]
2025-06-16 13:09:01 | INFO | 📊 New dashboard data detected: enhanced_tabbed_dashboard_20250616.html
2025-06-16 13:09:01 | INFO | 📊 Parsing dashboard: enhanced_tabbed_dashboard_20250616.html
2025-06-16 13:09:01 | INFO | 📈 Extracted trend: -19
2025-06-16 13:09:01 | INFO | 🎯 Confidence: 95.0%
2025-06-16 13:09:01 | INFO | 💰 Combined flow: -2.11M
2025-06-16 13:09:01 | INFO | ✅ Dashboard parsed successfully
2025-06-16 13:09:01 | INFO | 🔍 Analyzing signal...
2025-06-16 13:09:01 | INFO |    Cumulative Trend: -19
2025-06-16 13:09:01 | INFO |    Confidence: 95.0%
2025-06-16 13:09:01 | INFO |    Combined Flow: -2.11M
2025-06-16 13:09:01 | INFO |    Trend Strength: WEAK
2025-06-16 13:09:01 | INFO | ❌ SKIP SIGNAL: Trend too weak (below 1k threshold)
2025-06-16 13:09:01 | INFO | 💾 Signal saved: S_20250616_130901
2025-06-16 13:09:01 | INFO | ⏭️  Signal skipped: Trend too weak (below 1k threshold)
2025-06-16 13:09:11 | INFO | ⏰ Enhanced Loop #372: 13:09:11 [SELL STRATEGY MODE]
2025-06-16 13:09:11 | INFO | 📊 New enhanced dashboard data detected: enhanced_tabbed_dashboard_20250616.html
2025-06-16 13:09:11 | INFO | 📊 Parsing dashboard: enhanced_tabbed_dashboard_20250616.html
2025-06-16 13:09:11 | INFO | 📈 Extracted trend: -19
2025-06-16 13:09:11 | INFO | 🎯 Confidence: 95.0%
2025-06-16 13:09:11 | INFO | 💰 Combined flow: -2.11M
2025-06-16 13:09:11 | INFO | ✅ Dashboard parsed successfully
2025-06-16 13:09:11 | INFO | 🔍 Enhanced Signal Analysis...
2025-06-16 13:09:11 | INFO |    Cumulative Trend: -19
2025-06-16 13:09:11 | INFO |    Confidence: 95.0%
2025-06-16 13:09:11 | INFO |    Combined Flow: -2.11M
2025-06-16 13:09:12 | INFO | 📈 Real Spot Price: ₹24931.25 at 2025-06-16 13:06:08
2025-06-16 13:09:12 | INFO | 📊 Market Regime Detection:
2025-06-16 13:09:12 | INFO |    Primary Regime: NORMAL_TRENDING
2025-06-16 13:09:12 | INFO |    Volatility: NORMAL_VOLATILITY (30.0%ile)
2025-06-16 13:09:12 | INFO |    Range Status: RANGE_BOUND
2025-06-16 13:09:12 | INFO |    Recommended Strategy: BUY_OPTIONS
2025-06-16 13:09:12 | INFO |    Market Regime: NORMAL_TRENDING
2025-06-16 13:09:12 | INFO |    Recommended Strategy: BUY_OPTIONS
2025-06-16 13:09:12 | INFO | 🔍 Analyzing signal...
2025-06-16 13:09:12 | INFO |    Cumulative Trend: -19
2025-06-16 13:09:12 | INFO |    Confidence: 95.0%
2025-06-16 13:09:12 | INFO |    Combined Flow: -2.11M
2025-06-16 13:09:12 | INFO |    Trend Strength: WEAK
2025-06-16 13:09:12 | INFO | ❌ SKIP SIGNAL: Trend too weak (below 1k threshold)
2025-06-16 13:09:12 | INFO | 💾 Enhanced signal saved: S_20250616_130912
2025-06-16 13:09:12 | INFO | ⏭️  Enhanced signal skipped: Trend too weak (below 1k threshold)
2025-06-16 13:09:31 | INFO | ⏰ Loop #379: 13:09:31 [REAL DATA MODE]
2025-06-16 13:09:42 | INFO | ⏰ Enhanced Loop #373: 13:09:42 [SELL STRATEGY MODE]
2025-06-16 13:10:01 | INFO | ⏰ Loop #380: 13:10:01 [REAL DATA MODE]
2025-06-16 13:10:01 | INFO | 📊 New dashboard data detected: enhanced_tabbed_dashboard_20250616.html
2025-06-16 13:10:01 | INFO | 📊 Parsing dashboard: enhanced_tabbed_dashboard_20250616.html
2025-06-16 13:10:01 | INFO | 📈 Extracted trend: -19
2025-06-16 13:10:01 | INFO | 🎯 Confidence: 95.0%
2025-06-16 13:10:01 | INFO | 💰 Combined flow: -2.11M
2025-06-16 13:10:01 | INFO | ✅ Dashboard parsed successfully
2025-06-16 13:10:01 | INFO | 🔍 Analyzing signal...
2025-06-16 13:10:01 | INFO |    Cumulative Trend: -19
2025-06-16 13:10:01 | INFO |    Confidence: 95.0%
2025-06-16 13:10:01 | INFO |    Combined Flow: -2.11M
2025-06-16 13:10:01 | INFO |    Trend Strength: WEAK
2025-06-16 13:10:01 | INFO | ❌ SKIP SIGNAL: Trend too weak (below 1k threshold)
2025-06-16 13:10:01 | INFO | 💾 Signal saved: S_20250616_131001
2025-06-16 13:10:01 | INFO | ⏭️  Signal skipped: Trend too weak (below 1k threshold)
2025-06-16 13:10:01 | INFO | 
======================================================================
2025-06-16 13:10:01 | INFO | 📊 ENHANCED SYSTEM STATUS
2025-06-16 13:10:01 | INFO | ======================================================================
2025-06-16 13:10:01 | INFO | System Status: 🟢 RUNNING
2025-06-16 13:10:01 | INFO | Trading Status: 🟢 ENABLED
2025-06-16 13:10:01 | INFO | 💰 Current Capital: ₹100,000.00
2025-06-16 13:10:01 | INFO | 💸 Available Capital: ₹100,000.00
2025-06-16 13:10:01 | INFO | ⚖️  Capital at Risk: ₹0.00
2025-06-16 13:10:01 | INFO | 📈 Daily P&L: ₹+0.00
2025-06-16 13:10:01 | INFO | 💼 Active Positions: 0
2025-06-16 13:10:01 | INFO | 📊 Trades Today: 0
2025-06-16 13:10:01 | INFO | 🟢 Risk Exposure: 0.0%
2025-06-16 13:10:01 | INFO | 📊 Latest Dashboard: enhanced_tabbed_dashboard_20250616.html
2025-06-16 13:10:01 | INFO | 🕒 Dashboard Modified: 2025-06-16 13:10:00
2025-06-16 13:10:01 | INFO | 📡 Signals Today: 182
2025-06-16 13:10:01 | INFO | 🕒 Last Check: 13:10:01
2025-06-16 13:10:01 | INFO | 
🎯 SIGNAL THRESHOLDS:
2025-06-16 13:10:01 | INFO |    SUPER_EXTREME: ±100,000 (4 lots)
2025-06-16 13:10:01 | INFO |    EXTREME: ±50,000 (3 lots)
2025-06-16 13:10:01 | INFO |    STRONG:  ±15,000 (2 lots)
2025-06-16 13:10:01 | INFO |    MODERATE: ±5,000 (1 lot)
2025-06-16 13:10:01 | INFO | ======================================================================
2025-06-16 13:10:02 | INFO | 
==================================================
2025-06-16 13:10:02 | INFO | 📊 REAL-TIME DATA STATUS
2025-06-16 13:10:02 | INFO | ==================================================
2025-06-16 13:10:02 | INFO | 📈 Current Nifty Spot: ₹24931.25
2025-06-16 13:10:02 | INFO | 🕒 Data Source: Real-time option chain database
2025-06-16 13:10:02 | INFO | 🔄 Update Frequency: Every 5 minutes
2025-06-16 13:10:02 | INFO | ==================================================
2025-06-16 13:10:12 | INFO | ⏰ Enhanced Loop #374: 13:10:12 [SELL STRATEGY MODE]
2025-06-16 13:10:12 | INFO | 📊 New enhanced dashboard data detected: enhanced_tabbed_dashboard_20250616.html
2025-06-16 13:10:12 | INFO | 📊 Parsing dashboard: enhanced_tabbed_dashboard_20250616.html
2025-06-16 13:10:12 | INFO | 📈 Extracted trend: -19
2025-06-16 13:10:12 | INFO | 🎯 Confidence: 95.0%
2025-06-16 13:10:12 | INFO | 💰 Combined flow: -2.11M
2025-06-16 13:10:12 | INFO | ✅ Dashboard parsed successfully
2025-06-16 13:10:12 | INFO | 🔍 Enhanced Signal Analysis...
2025-06-16 13:10:12 | INFO |    Cumulative Trend: -19
2025-06-16 13:10:12 | INFO |    Confidence: 95.0%
2025-06-16 13:10:12 | INFO |    Combined Flow: -2.11M
2025-06-16 13:10:12 | INFO | 📈 Real Spot Price: ₹24931.25 at 2025-06-16 13:06:08
2025-06-16 13:10:12 | INFO | 📊 Market Regime Detection:
2025-06-16 13:10:12 | INFO |    Primary Regime: NORMAL_TRENDING
2025-06-16 13:10:12 | INFO |    Volatility: NORMAL_VOLATILITY (40.0%ile)
2025-06-16 13:10:12 | INFO |    Range Status: RANGE_BOUND
2025-06-16 13:10:12 | INFO |    Recommended Strategy: BUY_OPTIONS
2025-06-16 13:10:12 | INFO |    Market Regime: NORMAL_TRENDING
2025-06-16 13:10:12 | INFO |    Recommended Strategy: BUY_OPTIONS
2025-06-16 13:10:12 | INFO | 🔍 Analyzing signal...
2025-06-16 13:10:12 | INFO |    Cumulative Trend: -19
2025-06-16 13:10:12 | INFO |    Confidence: 95.0%
2025-06-16 13:10:12 | INFO |    Combined Flow: -2.11M
2025-06-16 13:10:12 | INFO |    Trend Strength: WEAK
2025-06-16 13:10:12 | INFO | ❌ SKIP SIGNAL: Trend too weak (below 1k threshold)
2025-06-16 13:10:12 | INFO | 💾 Enhanced signal saved: S_20250616_131012
2025-06-16 13:10:12 | INFO | ⏭️  Enhanced signal skipped: Trend too weak (below 1k threshold)
2025-06-16 13:10:32 | INFO | ⏰ Loop #381: 13:10:32 [REAL DATA MODE]
2025-06-16 13:10:42 | INFO | ⏰ Enhanced Loop #375: 13:10:42 [SELL STRATEGY MODE]
2025-06-16 13:11:02 | INFO | ⏰ Loop #382: 13:11:02 [REAL DATA MODE]
2025-06-16 13:11:02 | INFO | 📊 New dashboard data detected: enhanced_tabbed_dashboard_20250616.html
2025-06-16 13:11:02 | INFO | 📊 Parsing dashboard: enhanced_tabbed_dashboard_20250616.html
2025-06-16 13:11:02 | INFO | 📈 Extracted trend: -19
2025-06-16 13:11:02 | INFO | 🎯 Confidence: 95.0%
2025-06-16 13:11:02 | INFO | 💰 Combined flow: -2.11M
2025-06-16 13:11:02 | INFO | ✅ Dashboard parsed successfully
2025-06-16 13:11:02 | INFO | 🔍 Analyzing signal...
2025-06-16 13:11:02 | INFO |    Cumulative Trend: -19
2025-06-16 13:11:02 | INFO |    Confidence: 95.0%
2025-06-16 13:11:02 | INFO |    Combined Flow: -2.11M
2025-06-16 13:11:02 | INFO |    Trend Strength: WEAK
2025-06-16 13:11:02 | INFO | ❌ SKIP SIGNAL: Trend too weak (below 1k threshold)
2025-06-16 13:11:02 | INFO | 💾 Signal saved: S_20250616_131102
2025-06-16 13:11:02 | INFO | ⏭️  Signal skipped: Trend too weak (below 1k threshold)
2025-06-16 13:11:12 | INFO | ⏰ Enhanced Loop #376: 13:11:12 [SELL STRATEGY MODE]
2025-06-16 13:11:12 | INFO | 📊 New enhanced dashboard data detected: enhanced_tabbed_dashboard_20250616.html
2025-06-16 13:11:12 | INFO | 📊 Parsing dashboard: enhanced_tabbed_dashboard_20250616.html
2025-06-16 13:11:12 | INFO | 📈 Extracted trend: -19
2025-06-16 13:11:12 | INFO | 🎯 Confidence: 95.0%
2025-06-16 13:11:12 | INFO | 💰 Combined flow: -2.11M
2025-06-16 13:11:12 | INFO | ✅ Dashboard parsed successfully
2025-06-16 13:11:12 | INFO | 🔍 Enhanced Signal Analysis...
2025-06-16 13:11:12 | INFO |    Cumulative Trend: -19
2025-06-16 13:11:12 | INFO |    Confidence: 95.0%
2025-06-16 13:11:12 | INFO |    Combined Flow: -2.11M
2025-06-16 13:11:13 | INFO | 📈 Real Spot Price: ₹24931.25 at 2025-06-16 13:06:08
2025-06-16 13:11:13 | INFO | 📊 Market Regime Detection:
2025-06-16 13:11:13 | INFO |    Primary Regime: POST_GAP_CONSOLIDATION
2025-06-16 13:11:13 | INFO |    Volatility: NORMAL_VOLATILITY (70.0%ile)
2025-06-16 13:11:13 | INFO |    Range Status: RANGE_BOUND
2025-06-16 13:11:13 | INFO |    Recommended Strategy: SELL_PREMIUM
2025-06-16 13:11:13 | INFO |    Market Regime: POST_GAP_CONSOLIDATION
2025-06-16 13:11:13 | INFO |    Recommended Strategy: SELL_PREMIUM
2025-06-16 13:11:13 | INFO | ❌ SKIP SELL SIGNAL: SELL strategy requires stronger signals (minimum MODERATE)
2025-06-16 13:11:13 | INFO | 💾 Enhanced signal saved: S_20250616_131113
2025-06-16 13:11:13 | INFO | ⏭️  Enhanced signal skipped: SELL strategy requires stronger signals (minimum MODERATE)
2025-06-16 13:11:32 | INFO | ⏰ Loop #383: 13:11:32 [REAL DATA MODE]
2025-06-16 13:11:43 | INFO | ⏰ Enhanced Loop #377: 13:11:43 [SELL STRATEGY MODE]
2025-06-16 13:12:02 | INFO | ⏰ Loop #384: 13:12:02 [REAL DATA MODE]
2025-06-16 13:12:13 | INFO | ⏰ Enhanced Loop #378: 13:12:13 [SELL STRATEGY MODE]
2025-06-16 13:12:13 | INFO | 📊 New enhanced dashboard data detected: enhanced_tabbed_dashboard_20250616.html
2025-06-16 13:12:13 | INFO | 📊 Parsing dashboard: enhanced_tabbed_dashboard_20250616.html
2025-06-16 13:12:13 | INFO | 📈 Extracted trend: 21
2025-06-16 13:12:13 | INFO | 🎯 Confidence: 95.0%
2025-06-16 13:12:13 | INFO | 💰 Combined flow: 2.84M
2025-06-16 13:12:13 | INFO | ✅ Dashboard parsed successfully
2025-06-16 13:12:13 | INFO | 🔍 Enhanced Signal Analysis...
2025-06-16 13:12:13 | INFO |    Cumulative Trend: 21
2025-06-16 13:12:13 | INFO |    Confidence: 95.0%
2025-06-16 13:12:13 | INFO |    Combined Flow: +2.84M
2025-06-16 13:12:14 | INFO | 📈 Real Spot Price: ₹24937.25 at 2025-06-16 13:11:14
2025-06-16 13:12:14 | INFO | 📊 Market Regime Detection:
2025-06-16 13:12:14 | INFO |    Primary Regime: RANGE_BOUND_LOW_VOL
2025-06-16 13:12:14 | INFO |    Volatility: LOW_VOLATILITY (10.0%ile)
2025-06-16 13:12:14 | INFO |    Range Status: RANGE_BOUND
2025-06-16 13:12:14 | INFO |    Recommended Strategy: SELL_PREMIUM
2025-06-16 13:12:14 | INFO |    Market Regime: RANGE_BOUND_LOW_VOL
2025-06-16 13:12:14 | INFO |    Recommended Strategy: SELL_PREMIUM
2025-06-16 13:12:14 | INFO | ❌ SKIP SELL SIGNAL: SELL strategy requires stronger signals (minimum MODERATE)
2025-06-16 13:12:14 | INFO | 💾 Enhanced signal saved: S_20250616_131214
2025-06-16 13:12:14 | INFO | ⏭️  Enhanced signal skipped: SELL strategy requires stronger signals (minimum MODERATE)
2025-06-16 13:12:32 | INFO | ⏰ Loop #385: 13:12:32 [REAL DATA MODE]
2025-06-16 13:12:32 | INFO | 📊 New dashboard data detected: enhanced_tabbed_dashboard_20250616.html
2025-06-16 13:12:32 | INFO | 📊 Parsing dashboard: enhanced_tabbed_dashboard_20250616.html
2025-06-16 13:12:32 | INFO | 📈 Extracted trend: 21
2025-06-16 13:12:32 | INFO | 🎯 Confidence: 95.0%
2025-06-16 13:12:32 | INFO | 💰 Combined flow: 2.84M
2025-06-16 13:12:32 | INFO | ✅ Dashboard parsed successfully
2025-06-16 13:12:32 | INFO | 🔍 Analyzing signal...
2025-06-16 13:12:32 | INFO |    Cumulative Trend: 21
2025-06-16 13:12:32 | INFO |    Confidence: 95.0%
2025-06-16 13:12:32 | INFO |    Combined Flow: +2.84M
2025-06-16 13:12:32 | INFO |    Trend Strength: WEAK
2025-06-16 13:12:32 | INFO | ❌ SKIP SIGNAL: Trend too weak (below 1k threshold)
2025-06-16 13:12:32 | INFO | 💾 Signal saved: S_20250616_131232
2025-06-16 13:12:32 | INFO | ⏭️  Signal skipped: Trend too weak (below 1k threshold)
2025-06-16 13:12:44 | INFO | ⏰ Enhanced Loop #379: 13:12:44 [SELL STRATEGY MODE]
2025-06-16 13:13:02 | INFO | ⏰ Loop #386: 13:13:02 [REAL DATA MODE]
2025-06-16 13:13:14 | INFO | ⏰ Enhanced Loop #380: 13:13:14 [SELL STRATEGY MODE]
2025-06-16 13:13:14 | INFO | 📊 New enhanced dashboard data detected: enhanced_tabbed_dashboard_20250616.html
2025-06-16 13:13:14 | INFO | 📊 Parsing dashboard: enhanced_tabbed_dashboard_20250616.html
2025-06-16 13:13:14 | INFO | 📈 Extracted trend: 21
2025-06-16 13:13:14 | INFO | 🎯 Confidence: 95.0%
2025-06-16 13:13:14 | INFO | 💰 Combined flow: 2.84M
2025-06-16 13:13:14 | INFO | ✅ Dashboard parsed successfully
2025-06-16 13:13:14 | INFO | 🔍 Enhanced Signal Analysis...
2025-06-16 13:13:14 | INFO |    Cumulative Trend: 21
2025-06-16 13:13:14 | INFO |    Confidence: 95.0%
2025-06-16 13:13:14 | INFO |    Combined Flow: +2.84M
2025-06-16 13:13:14 | INFO | 📈 Real Spot Price: ₹24937.25 at 2025-06-16 13:11:14
2025-06-16 13:13:14 | INFO | 📊 Market Regime Detection:
2025-06-16 13:13:14 | INFO |    Primary Regime: HIGH_VOLATILITY_TRENDING
2025-06-16 13:13:14 | INFO |    Volatility: HIGH_VOLATILITY (80.0%ile)
2025-06-16 13:13:14 | INFO |    Range Status: RANGE_BOUND
2025-06-16 13:13:14 | INFO |    Recommended Strategy: BUY_OPTIONS
2025-06-16 13:13:14 | INFO |    Market Regime: HIGH_VOLATILITY_TRENDING
2025-06-16 13:13:14 | INFO |    Recommended Strategy: BUY_OPTIONS
2025-06-16 13:13:14 | INFO | 🔍 Analyzing signal...
2025-06-16 13:13:14 | INFO |    Cumulative Trend: 21
2025-06-16 13:13:14 | INFO |    Confidence: 95.0%
2025-06-16 13:13:14 | INFO |    Combined Flow: +2.84M
2025-06-16 13:13:14 | INFO |    Trend Strength: WEAK
2025-06-16 13:13:14 | INFO | ❌ SKIP SIGNAL: Trend too weak (below 1k threshold)
2025-06-16 13:13:14 | INFO | 💾 Enhanced signal saved: S_20250616_131314
2025-06-16 13:13:14 | INFO | ⏭️  Enhanced signal skipped: Trend too weak (below 1k threshold)
2025-06-16 13:13:14 | ERROR | ❌ Risk check failed: 'EnhancedPortfolioManager' object has no attribute 'get_portfolio_summary'
2025-06-16 13:13:14 | INFO | 
======================================================================
2025-06-16 13:13:14 | INFO | 📊 ENHANCED SYSTEM STATUS (SELL STRATEGY ENABLED)
2025-06-16 13:13:14 | INFO | ======================================================================
2025-06-16 13:13:14 | INFO | System Status: 🟢 RUNNING
2025-06-16 13:13:14 | INFO | Trading Status: 🟢 ENABLED
2025-06-16 13:13:14 | INFO | 💰 Current Capital: ₹100,000.00
2025-06-16 13:13:14 | INFO | 💸 Available Capital: ₹100,000.00
2025-06-16 13:13:14 | INFO | ⚖️  Capital at Risk (BUY): ₹0.00
2025-06-16 13:13:14 | INFO | 🏦 Margin Utilized (SELL): ₹0.00
2025-06-16 13:13:14 | INFO | 💵 Premium Collected: ₹0.00
2025-06-16 13:13:14 | INFO | 📈 Daily P&L: ₹+0.00
2025-06-16 13:13:14 | INFO | 💼 Total Active Positions: 0
2025-06-16 13:13:14 | INFO | 📊 BUY Positions: 0 | SELL Positions: 0
2025-06-16 13:13:14 | INFO | 📊 Trades Today: 0
2025-06-16 13:13:14 | INFO | 🟢 Total Risk Exposure: 0.0%
2025-06-16 13:13:15 | INFO | 📈 Real Spot Price: ₹24937.25 at 2025-06-16 13:11:14
2025-06-16 13:13:15 | INFO | 📊 Market Regime Detection:
2025-06-16 13:13:15 | INFO |    Primary Regime: NORMAL_TRENDING
2025-06-16 13:13:15 | INFO |    Volatility: NORMAL_VOLATILITY (40.0%ile)
2025-06-16 13:13:15 | INFO |    Range Status: RANGE_BOUND
2025-06-16 13:13:15 | INFO |    Recommended Strategy: BUY_OPTIONS
2025-06-16 13:13:15 | INFO | 🏛️  Market Regime: NORMAL_TRENDING
2025-06-16 13:13:15 | INFO | 📊 Volatility: 40%ile (NORMAL_VOLATILITY)
2025-06-16 13:13:15 | INFO | 🎯 Recommended Strategy: BUY_OPTIONS
2025-06-16 13:13:15 | INFO | 
🎯 ENHANCED STRATEGY THRESHOLDS:
2025-06-16 13:13:15 | INFO |   BUY Strategy (Trending Markets):
2025-06-16 13:13:15 | INFO |     SUPER_EXTREME: ±100,000 (4 lots)
2025-06-16 13:13:15 | INFO |     EXTREME: ±50,000 (3 lots)
2025-06-16 13:13:15 | INFO |   SELL Strategy (Range-bound/Low Vol):
2025-06-16 13:13:15 | INFO |     Range Detection: <2.0% price range
2025-06-16 13:13:15 | INFO |     Volatility Threshold: 15-35%ile
2025-06-16 13:13:15 | INFO |     Max SELL Positions: 2
2025-06-16 13:13:15 | INFO |     Max Margin Utilization: 60%
2025-06-16 13:13:15 | INFO | ======================================================================
2025-06-16 13:13:16 | INFO | 📈 Real Spot Price: ₹24937.25 at 2025-06-16 13:11:14
2025-06-16 13:13:16 | INFO | 
==================================================
2025-06-16 13:13:16 | INFO | 📊 ENHANCED REAL-TIME DATA STATUS
2025-06-16 13:13:16 | INFO | ==================================================
2025-06-16 13:13:16 | INFO | 📈 Current Nifty Spot: ₹24937.25
2025-06-16 13:13:16 | INFO | 📈 Real Spot Price: ₹24937.25 at 2025-06-16 13:11:14
2025-06-16 13:13:16 | INFO | 📊 Market Regime Detection:
2025-06-16 13:13:16 | INFO |    Primary Regime: NORMAL_TRENDING
2025-06-16 13:13:16 | INFO |    Volatility: NORMAL_VOLATILITY (60.0%ile)
2025-06-16 13:13:16 | INFO |    Range Status: RANGE_BOUND
2025-06-16 13:13:16 | INFO |    Recommended Strategy: BUY_OPTIONS
2025-06-16 13:13:16 | INFO | 🏛️  Current Market Regime: NORMAL_TRENDING
2025-06-16 13:13:16 | INFO | 📊 Volatility Regime: NORMAL_VOLATILITY
2025-06-16 13:13:16 | INFO | 🎯 Strategy Recommendation: BUY_OPTIONS
2025-06-16 13:13:16 | INFO | 🕒 Data Source: Real-time option chain database
2025-06-16 13:13:16 | INFO | 🔄 Update Frequency: Every 5 minutes
2025-06-16 13:13:16 | INFO | 🎯 SELL Strategy: ACTIVE
2025-06-16 13:13:16 | INFO | ==================================================
2025-06-16 13:13:32 | INFO | ⏰ Loop #387: 13:13:32 [REAL DATA MODE]
2025-06-16 13:13:32 | INFO | 📊 New dashboard data detected: enhanced_tabbed_dashboard_20250616.html
2025-06-16 13:13:32 | INFO | 📊 Parsing dashboard: enhanced_tabbed_dashboard_20250616.html
2025-06-16 13:13:32 | INFO | 📈 Extracted trend: 21
2025-06-16 13:13:32 | INFO | 🎯 Confidence: 95.0%
2025-06-16 13:13:32 | INFO | 💰 Combined flow: 2.84M
2025-06-16 13:13:32 | INFO | ✅ Dashboard parsed successfully
2025-06-16 13:13:32 | INFO | 🔍 Analyzing signal...
2025-06-16 13:13:32 | INFO |    Cumulative Trend: 21
2025-06-16 13:13:32 | INFO |    Confidence: 95.0%
2025-06-16 13:13:32 | INFO |    Combined Flow: +2.84M
2025-06-16 13:13:32 | INFO |    Trend Strength: WEAK
2025-06-16 13:13:32 | INFO | ❌ SKIP SIGNAL: Trend too weak (below 1k threshold)
2025-06-16 13:13:32 | INFO | 💾 Signal saved: S_20250616_131332
2025-06-16 13:13:32 | INFO | ⏭️  Signal skipped: Trend too weak (below 1k threshold)
2025-06-16 13:13:46 | INFO | ⏰ Enhanced Loop #381: 13:13:46 [SELL STRATEGY MODE]
2025-06-16 13:14:02 | INFO | ⏰ Loop #388: 13:14:02 [REAL DATA MODE]
2025-06-16 13:14:16 | INFO | ⏰ Enhanced Loop #382: 13:14:16 [SELL STRATEGY MODE]
2025-06-16 13:14:16 | INFO | 📊 New enhanced dashboard data detected: enhanced_tabbed_dashboard_20250616.html
2025-06-16 13:14:16 | INFO | 📊 Parsing dashboard: enhanced_tabbed_dashboard_20250616.html
2025-06-16 13:14:16 | INFO | 📈 Extracted trend: 21
2025-06-16 13:14:16 | INFO | 🎯 Confidence: 95.0%
2025-06-16 13:14:16 | INFO | 💰 Combined flow: 2.84M
2025-06-16 13:14:16 | INFO | ✅ Dashboard parsed successfully
2025-06-16 13:14:16 | INFO | 🔍 Enhanced Signal Analysis...
2025-06-16 13:14:16 | INFO |    Cumulative Trend: 21
2025-06-16 13:14:16 | INFO |    Confidence: 95.0%
2025-06-16 13:14:16 | INFO |    Combined Flow: +2.84M
2025-06-16 13:14:17 | INFO | 📈 Real Spot Price: ₹24937.25 at 2025-06-16 13:11:14
2025-06-16 13:14:17 | INFO | 📊 Market Regime Detection:
2025-06-16 13:14:17 | INFO |    Primary Regime: POST_GAP_CONSOLIDATION
2025-06-16 13:14:17 | INFO |    Volatility: NORMAL_VOLATILITY (30.0%ile)
2025-06-16 13:14:17 | INFO |    Range Status: RANGE_BOUND
2025-06-16 13:14:17 | INFO |    Recommended Strategy: SELL_PREMIUM
2025-06-16 13:14:17 | INFO |    Market Regime: POST_GAP_CONSOLIDATION
2025-06-16 13:14:17 | INFO |    Recommended Strategy: SELL_PREMIUM
2025-06-16 13:14:17 | INFO | ❌ SKIP SELL SIGNAL: SELL strategy requires stronger signals (minimum MODERATE)
2025-06-16 13:14:17 | INFO | 💾 Enhanced signal saved: S_20250616_131417
2025-06-16 13:14:17 | INFO | ⏭️  Enhanced signal skipped: SELL strategy requires stronger signals (minimum MODERATE)
2025-06-16 13:14:32 | INFO | ⏰ Loop #389: 13:14:32 [REAL DATA MODE]
2025-06-16 13:14:32 | INFO | 📊 New dashboard data detected: enhanced_tabbed_dashboard_20250616.html
2025-06-16 13:14:32 | INFO | 📊 Parsing dashboard: enhanced_tabbed_dashboard_20250616.html
2025-06-16 13:14:32 | INFO | 📈 Extracted trend: 21
2025-06-16 13:14:32 | INFO | 🎯 Confidence: 95.0%
2025-06-16 13:14:32 | INFO | 💰 Combined flow: 2.84M
2025-06-16 13:14:32 | INFO | ✅ Dashboard parsed successfully
2025-06-16 13:14:32 | INFO | 🔍 Analyzing signal...
2025-06-16 13:14:32 | INFO |    Cumulative Trend: 21
2025-06-16 13:14:32 | INFO |    Confidence: 95.0%
2025-06-16 13:14:32 | INFO |    Combined Flow: +2.84M
2025-06-16 13:14:32 | INFO |    Trend Strength: WEAK
2025-06-16 13:14:32 | INFO | ❌ SKIP SIGNAL: Trend too weak (below 1k threshold)
2025-06-16 13:14:32 | INFO | 💾 Signal saved: S_20250616_131432
2025-06-16 13:14:32 | INFO | ⏭️  Signal skipped: Trend too weak (below 1k threshold)
2025-06-16 13:14:47 | INFO | ⏰ Enhanced Loop #383: 13:14:47 [SELL STRATEGY MODE]
2025-06-16 13:15:02 | INFO | ⏰ Loop #390: 13:15:02 [REAL DATA MODE]
2025-06-16 13:15:17 | INFO | ⏰ Enhanced Loop #384: 13:15:17 [SELL STRATEGY MODE]
2025-06-16 13:15:17 | INFO | 📊 New enhanced dashboard data detected: enhanced_tabbed_dashboard_20250616.html
2025-06-16 13:15:17 | INFO | 📊 Parsing dashboard: enhanced_tabbed_dashboard_20250616.html
2025-06-16 13:15:17 | INFO | 📈 Extracted trend: 26
2025-06-16 13:15:17 | INFO | 🎯 Confidence: 95.0%
2025-06-16 13:15:17 | INFO | 💰 Combined flow: 7.84M
2025-06-16 13:15:17 | INFO | ✅ Dashboard parsed successfully
2025-06-16 13:15:17 | INFO | 🔍 Enhanced Signal Analysis...
2025-06-16 13:15:17 | INFO |    Cumulative Trend: 26
2025-06-16 13:15:17 | INFO |    Confidence: 95.0%
2025-06-16 13:15:17 | INFO |    Combined Flow: +7.84M
2025-06-16 13:15:18 | INFO | 📈 Real Spot Price: ₹24937.25 at 2025-06-16 13:11:14
2025-06-16 13:15:18 | INFO | 📊 Market Regime Detection:
2025-06-16 13:15:18 | INFO |    Primary Regime: NORMAL_TRENDING
2025-06-16 13:15:18 | INFO |    Volatility: NORMAL_VOLATILITY (70.0%ile)
2025-06-16 13:15:18 | INFO |    Range Status: RANGE_BOUND
2025-06-16 13:15:18 | INFO |    Recommended Strategy: BUY_OPTIONS
2025-06-16 13:15:18 | INFO |    Market Regime: NORMAL_TRENDING
2025-06-16 13:15:18 | INFO |    Recommended Strategy: BUY_OPTIONS
2025-06-16 13:15:18 | INFO | 🔍 Analyzing signal...
2025-06-16 13:15:18 | INFO |    Cumulative Trend: 26
2025-06-16 13:15:18 | INFO |    Confidence: 95.0%
2025-06-16 13:15:18 | INFO |    Combined Flow: +7.84M
2025-06-16 13:15:18 | INFO |    Trend Strength: WEAK
2025-06-16 13:15:18 | INFO | ❌ SKIP SIGNAL: Trend too weak (below 1k threshold)
2025-06-16 13:15:18 | INFO | 💾 Enhanced signal saved: S_20250616_131518
2025-06-16 13:15:18 | INFO | ⏭️  Enhanced signal skipped: Trend too weak (below 1k threshold)
2025-06-16 13:15:32 | INFO | ⏰ Loop #391: 13:15:32 [REAL DATA MODE]
2025-06-16 13:15:32 | INFO | 📊 New dashboard data detected: enhanced_tabbed_dashboard_20250616.html
2025-06-16 13:15:32 | INFO | 📊 Parsing dashboard: enhanced_tabbed_dashboard_20250616.html
2025-06-16 13:15:32 | INFO | 📈 Extracted trend: 26
2025-06-16 13:15:32 | INFO | 🎯 Confidence: 95.0%
2025-06-16 13:15:32 | INFO | 💰 Combined flow: 7.84M
2025-06-16 13:15:32 | INFO | ✅ Dashboard parsed successfully
2025-06-16 13:15:32 | INFO | 🔍 Analyzing signal...
2025-06-16 13:15:32 | INFO |    Cumulative Trend: 26
2025-06-16 13:15:32 | INFO |    Confidence: 95.0%
2025-06-16 13:15:32 | INFO |    Combined Flow: +7.84M
2025-06-16 13:15:32 | INFO |    Trend Strength: WEAK
2025-06-16 13:15:32 | INFO | ❌ SKIP SIGNAL: Trend too weak (below 1k threshold)
2025-06-16 13:15:32 | INFO | 💾 Signal saved: S_20250616_131532
2025-06-16 13:15:32 | INFO | ⏭️  Signal skipped: Trend too weak (below 1k threshold)
2025-06-16 13:15:48 | INFO | ⏰ Enhanced Loop #385: 13:15:48 [SELL STRATEGY MODE]
2025-06-16 13:16:02 | INFO | ⏰ Loop #392: 13:16:02 [REAL DATA MODE]
2025-06-16 13:16:18 | INFO | ⏰ Enhanced Loop #386: 13:16:18 [SELL STRATEGY MODE]
2025-06-16 13:16:18 | INFO | 📊 New enhanced dashboard data detected: enhanced_tabbed_dashboard_20250616.html
2025-06-16 13:16:18 | INFO | 📊 Parsing dashboard: enhanced_tabbed_dashboard_20250616.html
2025-06-16 13:16:18 | INFO | 📈 Extracted trend: 26
2025-06-16 13:16:18 | INFO | 🎯 Confidence: 95.0%
2025-06-16 13:16:18 | INFO | 💰 Combined flow: 7.84M
2025-06-16 13:16:18 | INFO | ✅ Dashboard parsed successfully
2025-06-16 13:16:18 | INFO | 🔍 Enhanced Signal Analysis...
2025-06-16 13:16:18 | INFO |    Cumulative Trend: 26
2025-06-16 13:16:18 | INFO |    Confidence: 95.0%
2025-06-16 13:16:18 | INFO |    Combined Flow: +7.84M
2025-06-16 13:16:19 | INFO | 📈 Real Spot Price: ₹24937.25 at 2025-06-16 13:11:14
2025-06-16 13:16:19 | INFO | 📊 Market Regime Detection:
2025-06-16 13:16:19 | INFO |    Primary Regime: NORMAL_TRENDING
2025-06-16 13:16:19 | INFO |    Volatility: NORMAL_VOLATILITY (40.0%ile)
2025-06-16 13:16:19 | INFO |    Range Status: RANGE_BOUND
2025-06-16 13:16:19 | INFO |    Recommended Strategy: BUY_OPTIONS
2025-06-16 13:16:19 | INFO |    Market Regime: NORMAL_TRENDING
2025-06-16 13:16:19 | INFO |    Recommended Strategy: BUY_OPTIONS
2025-06-16 13:16:19 | INFO | 🔍 Analyzing signal...
2025-06-16 13:16:19 | INFO |    Cumulative Trend: 26
2025-06-16 13:16:19 | INFO |    Confidence: 95.0%
2025-06-16 13:16:19 | INFO |    Combined Flow: +7.84M
2025-06-16 13:16:19 | INFO |    Trend Strength: WEAK
2025-06-16 13:16:19 | INFO | ❌ SKIP SIGNAL: Trend too weak (below 1k threshold)
2025-06-16 13:16:19 | INFO | 💾 Enhanced signal saved: S_20250616_131619
2025-06-16 13:16:19 | INFO | ⏭️  Enhanced signal skipped: Trend too weak (below 1k threshold)
2025-06-16 13:16:32 | INFO | ⏰ Loop #393: 13:16:32 [REAL DATA MODE]
2025-06-16 13:16:32 | INFO | 📊 New dashboard data detected: enhanced_tabbed_dashboard_20250616.html
2025-06-16 13:16:32 | INFO | 📊 Parsing dashboard: enhanced_tabbed_dashboard_20250616.html
2025-06-16 13:16:32 | INFO | 📈 Extracted trend: 26
2025-06-16 13:16:32 | INFO | 🎯 Confidence: 95.0%
2025-06-16 13:16:32 | INFO | 💰 Combined flow: 7.84M
2025-06-16 13:16:32 | INFO | ✅ Dashboard parsed successfully
2025-06-16 13:16:32 | INFO | 🔍 Analyzing signal...
2025-06-16 13:16:32 | INFO |    Cumulative Trend: 26
2025-06-16 13:16:32 | INFO |    Confidence: 95.0%
2025-06-16 13:16:32 | INFO |    Combined Flow: +7.84M
2025-06-16 13:16:32 | INFO |    Trend Strength: WEAK
2025-06-16 13:16:32 | INFO | ❌ SKIP SIGNAL: Trend too weak (below 1k threshold)
2025-06-16 13:16:32 | INFO | 💾 Signal saved: S_20250616_131632
2025-06-16 13:16:32 | INFO | ⏭️  Signal skipped: Trend too weak (below 1k threshold)
2025-06-16 13:16:49 | INFO | ⏰ Enhanced Loop #387: 13:16:49 [SELL STRATEGY MODE]
2025-06-16 13:17:02 | INFO | ⏰ Loop #394: 13:17:02 [REAL DATA MODE]
2025-06-16 13:17:19 | INFO | ⏰ Enhanced Loop #388: 13:17:19 [SELL STRATEGY MODE]
2025-06-16 13:17:19 | INFO | 📊 New enhanced dashboard data detected: enhanced_tabbed_dashboard_20250616.html
2025-06-16 13:17:19 | INFO | 📊 Parsing dashboard: enhanced_tabbed_dashboard_20250616.html
2025-06-16 13:17:19 | INFO | 📈 Extracted trend: 26
2025-06-16 13:17:19 | INFO | 🎯 Confidence: 95.0%
2025-06-16 13:17:19 | INFO | 💰 Combined flow: 7.84M
2025-06-16 13:17:19 | INFO | ✅ Dashboard parsed successfully
2025-06-16 13:17:19 | INFO | 🔍 Enhanced Signal Analysis...
2025-06-16 13:17:19 | INFO |    Cumulative Trend: 26
2025-06-16 13:17:19 | INFO |    Confidence: 95.0%
2025-06-16 13:17:19 | INFO |    Combined Flow: +7.84M
2025-06-16 13:17:19 | INFO | 📈 Real Spot Price: ₹24933.95 at 2025-06-16 13:16:19
2025-06-16 13:17:19 | INFO | 📊 Market Regime Detection:
2025-06-16 13:17:19 | INFO |    Primary Regime: RANGE_BOUND_LOW_VOL
2025-06-16 13:17:19 | INFO |    Volatility: LOW_VOLATILITY (10.0%ile)
2025-06-16 13:17:19 | INFO |    Range Status: RANGE_BOUND
2025-06-16 13:17:19 | INFO |    Recommended Strategy: SELL_PREMIUM
2025-06-16 13:17:19 | INFO |    Market Regime: RANGE_BOUND_LOW_VOL
2025-06-16 13:17:19 | INFO |    Recommended Strategy: SELL_PREMIUM
2025-06-16 13:17:19 | INFO | ❌ SKIP SELL SIGNAL: SELL strategy requires stronger signals (minimum MODERATE)
2025-06-16 13:17:19 | INFO | 💾 Enhanced signal saved: S_20250616_131719
2025-06-16 13:17:19 | INFO | ⏭️  Enhanced signal skipped: SELL strategy requires stronger signals (minimum MODERATE)
2025-06-16 13:17:32 | INFO | ⏰ Loop #395: 13:17:32 [REAL DATA MODE]
2025-06-16 13:17:32 | INFO | 📊 New dashboard data detected: enhanced_tabbed_dashboard_20250616.html
2025-06-16 13:17:32 | INFO | 📊 Parsing dashboard: enhanced_tabbed_dashboard_20250616.html
2025-06-16 13:17:32 | INFO | 📈 Extracted trend: 26
2025-06-16 13:17:32 | INFO | 🎯 Confidence: 95.0%
2025-06-16 13:17:32 | INFO | 💰 Combined flow: 7.84M
2025-06-16 13:17:32 | INFO | ✅ Dashboard parsed successfully
2025-06-16 13:17:32 | INFO | 🔍 Analyzing signal...
2025-06-16 13:17:32 | INFO |    Cumulative Trend: 26
2025-06-16 13:17:32 | INFO |    Confidence: 95.0%
2025-06-16 13:17:32 | INFO |    Combined Flow: +7.84M
2025-06-16 13:17:32 | INFO |    Trend Strength: WEAK
2025-06-16 13:17:32 | INFO | ❌ SKIP SIGNAL: Trend too weak (below 1k threshold)
2025-06-16 13:17:32 | INFO | 💾 Signal saved: S_20250616_131732
2025-06-16 13:17:32 | INFO | ⏭️  Signal skipped: Trend too weak (below 1k threshold)
2025-06-16 13:17:49 | INFO | ⏰ Enhanced Loop #389: 13:17:49 [SELL STRATEGY MODE]
2025-06-16 13:18:02 | INFO | ⏰ Loop #396: 13:18:02 [REAL DATA MODE]
2025-06-16 13:18:19 | INFO | ⏰ Enhanced Loop #390: 13:18:19 [SELL STRATEGY MODE]
2025-06-16 13:18:19 | INFO | 📊 New enhanced dashboard data detected: enhanced_tabbed_dashboard_20250616.html
2025-06-16 13:18:19 | INFO | 📊 Parsing dashboard: enhanced_tabbed_dashboard_20250616.html
2025-06-16 13:18:19 | INFO | 📈 Extracted trend: 30
2025-06-16 13:18:19 | INFO | 🎯 Confidence: 95.0%
2025-06-16 13:18:19 | INFO | 💰 Combined flow: 7.48M
2025-06-16 13:18:19 | INFO | ✅ Dashboard parsed successfully
2025-06-16 13:18:19 | INFO | 🔍 Enhanced Signal Analysis...
2025-06-16 13:18:19 | INFO |    Cumulative Trend: 30
2025-06-16 13:18:19 | INFO |    Confidence: 95.0%
2025-06-16 13:18:19 | INFO |    Combined Flow: +7.48M
2025-06-16 13:18:20 | INFO | 📈 Real Spot Price: ₹24933.95 at 2025-06-16 13:16:19
2025-06-16 13:18:20 | INFO | 📊 Market Regime Detection:
2025-06-16 13:18:20 | INFO |    Primary Regime: RANGE_BOUND_LOW_VOL
2025-06-16 13:18:20 | INFO |    Volatility: LOW_VOLATILITY (10.0%ile)
2025-06-16 13:18:20 | INFO |    Range Status: RANGE_BOUND
2025-06-16 13:18:20 | INFO |    Recommended Strategy: SELL_PREMIUM
2025-06-16 13:18:20 | INFO |    Market Regime: RANGE_BOUND_LOW_VOL
2025-06-16 13:18:20 | INFO |    Recommended Strategy: SELL_PREMIUM
2025-06-16 13:18:20 | INFO | ❌ SKIP SELL SIGNAL: SELL strategy requires stronger signals (minimum MODERATE)
2025-06-16 13:18:20 | INFO | 💾 Enhanced signal saved: S_20250616_131820
2025-06-16 13:18:20 | INFO | ⏭️  Enhanced signal skipped: SELL strategy requires stronger signals (minimum MODERATE)
2025-06-16 13:18:20 | ERROR | ❌ Risk check failed: 'EnhancedPortfolioManager' object has no attribute 'get_portfolio_summary'
2025-06-16 13:18:32 | INFO | ⏰ Loop #397: 13:18:32 [REAL DATA MODE]
2025-06-16 13:18:32 | INFO | 📊 New dashboard data detected: enhanced_tabbed_dashboard_20250616.html
2025-06-16 13:18:32 | INFO | 📊 Parsing dashboard: enhanced_tabbed_dashboard_20250616.html
2025-06-16 13:18:32 | INFO | 📈 Extracted trend: 30
2025-06-16 13:18:32 | INFO | 🎯 Confidence: 95.0%
2025-06-16 13:18:32 | INFO | 💰 Combined flow: 7.48M
2025-06-16 13:18:32 | INFO | ✅ Dashboard parsed successfully
2025-06-16 13:18:32 | INFO | 🔍 Analyzing signal...
2025-06-16 13:18:32 | INFO |    Cumulative Trend: 30
2025-06-16 13:18:32 | INFO |    Confidence: 95.0%
2025-06-16 13:18:32 | INFO |    Combined Flow: +7.48M
2025-06-16 13:18:32 | INFO |    Trend Strength: WEAK
2025-06-16 13:18:32 | INFO | ❌ SKIP SIGNAL: Trend too weak (below 1k threshold)
2025-06-16 13:18:32 | INFO | 💾 Signal saved: S_20250616_131832
2025-06-16 13:18:32 | INFO | ⏭️  Signal skipped: Trend too weak (below 1k threshold)
2025-06-16 13:18:50 | INFO | ⏰ Enhanced Loop #391: 13:18:50 [SELL STRATEGY MODE]
2025-06-16 13:19:02 | INFO | ⏰ Loop #398: 13:19:02 [REAL DATA MODE]
2025-06-16 13:19:20 | INFO | ⏰ Enhanced Loop #392: 13:19:20 [SELL STRATEGY MODE]
2025-06-16 13:19:20 | INFO | 📊 New enhanced dashboard data detected: enhanced_tabbed_dashboard_20250616.html
2025-06-16 13:19:20 | INFO | 📊 Parsing dashboard: enhanced_tabbed_dashboard_20250616.html
2025-06-16 13:19:20 | INFO | 📈 Extracted trend: 30
2025-06-16 13:19:20 | INFO | 🎯 Confidence: 95.0%
2025-06-16 13:19:20 | INFO | 💰 Combined flow: 7.48M
2025-06-16 13:19:20 | INFO | ✅ Dashboard parsed successfully
2025-06-16 13:19:20 | INFO | 🔍 Enhanced Signal Analysis...
2025-06-16 13:19:20 | INFO |    Cumulative Trend: 30
2025-06-16 13:19:20 | INFO |    Confidence: 95.0%
2025-06-16 13:19:20 | INFO |    Combined Flow: +7.48M
2025-06-16 13:19:21 | INFO | 📈 Real Spot Price: ₹24933.95 at 2025-06-16 13:16:19
2025-06-16 13:19:21 | INFO | 📊 Market Regime Detection:
2025-06-16 13:19:21 | INFO |    Primary Regime: NORMAL_TRENDING
2025-06-16 13:19:21 | INFO |    Volatility: NORMAL_VOLATILITY (30.0%ile)
2025-06-16 13:19:21 | INFO |    Range Status: RANGE_BOUND
2025-06-16 13:19:21 | INFO |    Recommended Strategy: BUY_OPTIONS
2025-06-16 13:19:21 | INFO |    Market Regime: NORMAL_TRENDING
2025-06-16 13:19:21 | INFO |    Recommended Strategy: BUY_OPTIONS
2025-06-16 13:19:21 | INFO | 🔍 Analyzing signal...
2025-06-16 13:19:21 | INFO |    Cumulative Trend: 30
2025-06-16 13:19:21 | INFO |    Confidence: 95.0%
2025-06-16 13:19:21 | INFO |    Combined Flow: +7.48M
2025-06-16 13:19:21 | INFO |    Trend Strength: WEAK
2025-06-16 13:19:21 | INFO | ❌ SKIP SIGNAL: Trend too weak (below 1k threshold)
2025-06-16 13:19:21 | INFO | 💾 Enhanced signal saved: S_20250616_131921
2025-06-16 13:19:21 | INFO | ⏭️  Enhanced signal skipped: Trend too weak (below 1k threshold)
2025-06-16 13:19:32 | INFO | ⏰ Loop #399: 13:19:32 [REAL DATA MODE]
2025-06-16 13:19:32 | INFO | 📊 New dashboard data detected: enhanced_tabbed_dashboard_20250616.html
2025-06-16 13:19:32 | INFO | 📊 Parsing dashboard: enhanced_tabbed_dashboard_20250616.html
2025-06-16 13:19:32 | INFO | 📈 Extracted trend: 30
2025-06-16 13:19:32 | INFO | 🎯 Confidence: 95.0%
2025-06-16 13:19:32 | INFO | 💰 Combined flow: 7.48M
2025-06-16 13:19:32 | INFO | ✅ Dashboard parsed successfully
2025-06-16 13:19:32 | INFO | 🔍 Analyzing signal...
2025-06-16 13:19:32 | INFO |    Cumulative Trend: 30
2025-06-16 13:19:32 | INFO |    Confidence: 95.0%
2025-06-16 13:19:32 | INFO |    Combined Flow: +7.48M
2025-06-16 13:19:32 | INFO |    Trend Strength: WEAK
2025-06-16 13:19:32 | INFO | ❌ SKIP SIGNAL: Trend too weak (below 1k threshold)
2025-06-16 13:19:32 | INFO | 💾 Signal saved: S_20250616_131932
2025-06-16 13:19:32 | INFO | ⏭️  Signal skipped: Trend too weak (below 1k threshold)
2025-06-16 13:19:51 | INFO | ⏰ Enhanced Loop #393: 13:19:51 [SELL STRATEGY MODE]
2025-06-16 13:20:02 | INFO | ⏰ Loop #400: 13:20:02 [REAL DATA MODE]
2025-06-16 13:20:02 | INFO | 
======================================================================
2025-06-16 13:20:02 | INFO | 📊 ENHANCED SYSTEM STATUS
2025-06-16 13:20:02 | INFO | ======================================================================
2025-06-16 13:20:02 | INFO | System Status: 🟢 RUNNING
2025-06-16 13:20:02 | INFO | Trading Status: 🟢 ENABLED
2025-06-16 13:20:02 | INFO | 💰 Current Capital: ₹100,000.00
2025-06-16 13:20:02 | INFO | 💸 Available Capital: ₹100,000.00
2025-06-16 13:20:02 | INFO | ⚖️  Capital at Risk: ₹0.00
2025-06-16 13:20:02 | INFO | 📈 Daily P&L: ₹+0.00
2025-06-16 13:20:02 | INFO | 💼 Active Positions: 0
2025-06-16 13:20:02 | INFO | 📊 Trades Today: 0
2025-06-16 13:20:02 | INFO | 🟢 Risk Exposure: 0.0%
2025-06-16 13:20:02 | INFO | 📊 Latest Dashboard: enhanced_tabbed_dashboard_20250616.html
2025-06-16 13:20:02 | INFO | 🕒 Dashboard Modified: 2025-06-16 13:19:11
2025-06-16 13:20:02 | INFO | 📡 Signals Today: 191
2025-06-16 13:20:02 | INFO | 🕒 Last Check: 13:20:02
2025-06-16 13:20:02 | INFO | 
🎯 SIGNAL THRESHOLDS:
2025-06-16 13:20:02 | INFO |    SUPER_EXTREME: ±100,000 (4 lots)
2025-06-16 13:20:02 | INFO |    EXTREME: ±50,000 (3 lots)
2025-06-16 13:20:02 | INFO |    STRONG:  ±15,000 (2 lots)
2025-06-16 13:20:02 | INFO |    MODERATE: ±5,000 (1 lot)
2025-06-16 13:20:02 | INFO | ======================================================================
2025-06-16 13:20:03 | INFO | 
==================================================
2025-06-16 13:20:03 | INFO | 📊 REAL-TIME DATA STATUS
2025-06-16 13:20:03 | INFO | ==================================================
2025-06-16 13:20:03 | INFO | 📈 Current Nifty Spot: ₹24933.95
2025-06-16 13:20:03 | INFO | 🕒 Data Source: Real-time option chain database
2025-06-16 13:20:03 | INFO | 🔄 Update Frequency: Every 5 minutes
2025-06-16 13:20:03 | INFO | ==================================================
2025-06-16 13:20:21 | INFO | ⏰ Enhanced Loop #394: 13:20:21 [SELL STRATEGY MODE]
2025-06-16 13:20:21 | INFO | 📊 New enhanced dashboard data detected: enhanced_tabbed_dashboard_20250616.html
2025-06-16 13:20:21 | INFO | 📊 Parsing dashboard: enhanced_tabbed_dashboard_20250616.html
2025-06-16 13:20:21 | INFO | 📈 Extracted trend: 30
2025-06-16 13:20:21 | INFO | 🎯 Confidence: 95.0%
2025-06-16 13:20:21 | INFO | 💰 Combined flow: 7.48M
2025-06-16 13:20:21 | INFO | ✅ Dashboard parsed successfully
2025-06-16 13:20:21 | INFO | 🔍 Enhanced Signal Analysis...
2025-06-16 13:20:21 | INFO |    Cumulative Trend: 30
2025-06-16 13:20:21 | INFO |    Confidence: 95.0%
2025-06-16 13:20:21 | INFO |    Combined Flow: +7.48M
2025-06-16 13:20:21 | INFO | 📈 Real Spot Price: ₹24933.95 at 2025-06-16 13:16:19
2025-06-16 13:20:21 | INFO | 📊 Market Regime Detection:
2025-06-16 13:20:21 | INFO |    Primary Regime: NORMAL_TRENDING
2025-06-16 13:20:21 | INFO |    Volatility: NORMAL_VOLATILITY (30.0%ile)
2025-06-16 13:20:21 | INFO |    Range Status: RANGE_BOUND
2025-06-16 13:20:21 | INFO |    Recommended Strategy: BUY_OPTIONS
2025-06-16 13:20:21 | INFO |    Market Regime: NORMAL_TRENDING
2025-06-16 13:20:21 | INFO |    Recommended Strategy: BUY_OPTIONS
2025-06-16 13:20:21 | INFO | 🔍 Analyzing signal...
2025-06-16 13:20:21 | INFO |    Cumulative Trend: 30
2025-06-16 13:20:21 | INFO |    Confidence: 95.0%
2025-06-16 13:20:21 | INFO |    Combined Flow: +7.48M
2025-06-16 13:20:21 | INFO |    Trend Strength: WEAK
2025-06-16 13:20:21 | INFO | ❌ SKIP SIGNAL: Trend too weak (below 1k threshold)
2025-06-16 13:20:21 | INFO | 💾 Enhanced signal saved: S_20250616_132021
2025-06-16 13:20:21 | INFO | ⏭️  Enhanced signal skipped: Trend too weak (below 1k threshold)
2025-06-16 13:20:33 | INFO | ⏰ Loop #401: 13:20:33 [REAL DATA MODE]
2025-06-16 13:20:33 | INFO | 📊 New dashboard data detected: enhanced_tabbed_dashboard_20250616.html
2025-06-16 13:20:33 | INFO | 📊 Parsing dashboard: enhanced_tabbed_dashboard_20250616.html
2025-06-16 13:20:33 | INFO | 📈 Extracted trend: 30
2025-06-16 13:20:33 | INFO | 🎯 Confidence: 95.0%
2025-06-16 13:20:33 | INFO | 💰 Combined flow: 7.48M
2025-06-16 13:20:33 | INFO | ✅ Dashboard parsed successfully
2025-06-16 13:20:33 | INFO | 🔍 Analyzing signal...
2025-06-16 13:20:33 | INFO |    Cumulative Trend: 30
2025-06-16 13:20:33 | INFO |    Confidence: 95.0%
2025-06-16 13:20:33 | INFO |    Combined Flow: +7.48M
2025-06-16 13:20:33 | INFO |    Trend Strength: WEAK
2025-06-16 13:20:33 | INFO | ❌ SKIP SIGNAL: Trend too weak (below 1k threshold)
2025-06-16 13:20:33 | INFO | 💾 Signal saved: S_20250616_132033
2025-06-16 13:20:33 | INFO | ⏭️  Signal skipped: Trend too weak (below 1k threshold)
2025-06-16 13:20:51 | INFO | ⏰ Enhanced Loop #395: 13:20:51 [SELL STRATEGY MODE]
2025-06-16 13:21:03 | INFO | ⏰ Loop #402: 13:21:03 [REAL DATA MODE]
2025-06-16 13:21:21 | INFO | ⏰ Enhanced Loop #396: 13:21:21 [SELL STRATEGY MODE]
2025-06-16 13:21:21 | INFO | 📊 New enhanced dashboard data detected: enhanced_tabbed_dashboard_20250616.html
2025-06-16 13:21:21 | INFO | 📊 Parsing dashboard: enhanced_tabbed_dashboard_20250616.html
2025-06-16 13:21:22 | INFO | 📈 Extracted trend: 47
2025-06-16 13:21:22 | INFO | 🎯 Confidence: 95.0%
2025-06-16 13:21:22 | INFO | 💰 Combined flow: 23.98M
2025-06-16 13:21:22 | INFO | ✅ Dashboard parsed successfully
2025-06-16 13:21:22 | INFO | 🔍 Enhanced Signal Analysis...
2025-06-16 13:21:22 | INFO |    Cumulative Trend: 47
2025-06-16 13:21:22 | INFO |    Confidence: 95.0%
2025-06-16 13:21:22 | INFO |    Combined Flow: +23.98M
2025-06-16 13:21:22 | INFO | 📈 Real Spot Price: ₹24933.95 at 2025-06-16 13:16:19
2025-06-16 13:21:22 | INFO | 📊 Market Regime Detection:
2025-06-16 13:21:22 | INFO |    Primary Regime: NORMAL_TRENDING
2025-06-16 13:21:22 | INFO |    Volatility: NORMAL_VOLATILITY (60.0%ile)
2025-06-16 13:21:22 | INFO |    Range Status: RANGE_BOUND
2025-06-16 13:21:22 | INFO |    Recommended Strategy: BUY_OPTIONS
2025-06-16 13:21:22 | INFO |    Market Regime: NORMAL_TRENDING
2025-06-16 13:21:22 | INFO |    Recommended Strategy: BUY_OPTIONS
2025-06-16 13:21:22 | INFO | 🔍 Analyzing signal...
2025-06-16 13:21:22 | INFO |    Cumulative Trend: 47
2025-06-16 13:21:22 | INFO |    Confidence: 95.0%
2025-06-16 13:21:22 | INFO |    Combined Flow: +23.98M
2025-06-16 13:21:22 | INFO |    Trend Strength: WEAK
2025-06-16 13:21:22 | INFO | ❌ SKIP SIGNAL: Trend too weak (below 1k threshold)
2025-06-16 13:21:22 | INFO | 💾 Enhanced signal saved: S_20250616_132122
2025-06-16 13:21:22 | INFO | ⏭️  Enhanced signal skipped: Trend too weak (below 1k threshold)
2025-06-16 13:21:33 | INFO | ⏰ Loop #403: 13:21:33 [REAL DATA MODE]
2025-06-16 13:21:33 | INFO | 📊 New dashboard data detected: enhanced_tabbed_dashboard_20250616.html
2025-06-16 13:21:33 | INFO | 📊 Parsing dashboard: enhanced_tabbed_dashboard_20250616.html
2025-06-16 13:21:33 | INFO | 📈 Extracted trend: 47
2025-06-16 13:21:33 | INFO | 🎯 Confidence: 95.0%
2025-06-16 13:21:33 | INFO | 💰 Combined flow: 23.98M
2025-06-16 13:21:33 | INFO | ✅ Dashboard parsed successfully
2025-06-16 13:21:33 | INFO | 🔍 Analyzing signal...
2025-06-16 13:21:33 | INFO |    Cumulative Trend: 47
2025-06-16 13:21:33 | INFO |    Confidence: 95.0%
2025-06-16 13:21:33 | INFO |    Combined Flow: +23.98M
2025-06-16 13:21:33 | INFO |    Trend Strength: WEAK
2025-06-16 13:21:33 | INFO | ❌ SKIP SIGNAL: Trend too weak (below 1k threshold)
2025-06-16 13:21:33 | INFO | 💾 Signal saved: S_20250616_132133
2025-06-16 13:21:33 | INFO | ⏭️  Signal skipped: Trend too weak (below 1k threshold)
2025-06-16 13:21:52 | INFO | ⏰ Enhanced Loop #397: 13:21:52 [SELL STRATEGY MODE]
2025-06-16 13:22:03 | INFO | ⏰ Loop #404: 13:22:03 [REAL DATA MODE]
2025-06-16 13:22:22 | INFO | ⏰ Enhanced Loop #398: 13:22:22 [SELL STRATEGY MODE]
2025-06-16 13:22:22 | INFO | 📊 New enhanced dashboard data detected: enhanced_tabbed_dashboard_20250616.html
2025-06-16 13:22:22 | INFO | 📊 Parsing dashboard: enhanced_tabbed_dashboard_20250616.html
2025-06-16 13:22:22 | INFO | 📈 Extracted trend: 47
2025-06-16 13:22:22 | INFO | 🎯 Confidence: 95.0%
2025-06-16 13:22:22 | INFO | 💰 Combined flow: 23.98M
2025-06-16 13:22:22 | INFO | ✅ Dashboard parsed successfully
2025-06-16 13:22:22 | INFO | 🔍 Enhanced Signal Analysis...
2025-06-16 13:22:22 | INFO |    Cumulative Trend: 47
2025-06-16 13:22:22 | INFO |    Confidence: 95.0%
2025-06-16 13:22:22 | INFO |    Combined Flow: +23.98M
2025-06-16 13:22:23 | INFO | 📈 Real Spot Price: ₹24933.45 at 2025-06-16 13:21:25
2025-06-16 13:22:23 | INFO | 📊 Market Regime Detection:
2025-06-16 13:22:23 | INFO |    Primary Regime: NORMAL_TRENDING
2025-06-16 13:22:23 | INFO |    Volatility: NORMAL_VOLATILITY (30.0%ile)
2025-06-16 13:22:23 | INFO |    Range Status: RANGE_BOUND
2025-06-16 13:22:23 | INFO |    Recommended Strategy: BUY_OPTIONS
2025-06-16 13:22:23 | INFO |    Market Regime: NORMAL_TRENDING
2025-06-16 13:22:23 | INFO |    Recommended Strategy: BUY_OPTIONS
2025-06-16 13:22:23 | INFO | 🔍 Analyzing signal...
2025-06-16 13:22:23 | INFO |    Cumulative Trend: 47
2025-06-16 13:22:23 | INFO |    Confidence: 95.0%
2025-06-16 13:22:23 | INFO |    Combined Flow: +23.98M
2025-06-16 13:22:23 | INFO |    Trend Strength: WEAK
2025-06-16 13:22:23 | INFO | ❌ SKIP SIGNAL: Trend too weak (below 1k threshold)
2025-06-16 13:22:23 | INFO | 💾 Enhanced signal saved: S_20250616_132223
2025-06-16 13:22:23 | INFO | ⏭️  Enhanced signal skipped: Trend too weak (below 1k threshold)
2025-06-16 13:22:33 | INFO | ⏰ Loop #405: 13:22:33 [REAL DATA MODE]
2025-06-16 13:22:33 | INFO | 📊 New dashboard data detected: enhanced_tabbed_dashboard_20250616.html
2025-06-16 13:22:33 | INFO | 📊 Parsing dashboard: enhanced_tabbed_dashboard_20250616.html
2025-06-16 13:22:33 | INFO | 📈 Extracted trend: 47
2025-06-16 13:22:33 | INFO | 🎯 Confidence: 95.0%
2025-06-16 13:22:33 | INFO | 💰 Combined flow: 23.98M
2025-06-16 13:22:33 | INFO | ✅ Dashboard parsed successfully
2025-06-16 13:22:33 | INFO | 🔍 Analyzing signal...
2025-06-16 13:22:33 | INFO |    Cumulative Trend: 47
2025-06-16 13:22:33 | INFO |    Confidence: 95.0%
2025-06-16 13:22:33 | INFO |    Combined Flow: +23.98M
2025-06-16 13:22:33 | INFO |    Trend Strength: WEAK
2025-06-16 13:22:33 | INFO | ❌ SKIP SIGNAL: Trend too weak (below 1k threshold)
2025-06-16 13:22:33 | INFO | 💾 Signal saved: S_20250616_132233
2025-06-16 13:22:33 | INFO | ⏭️  Signal skipped: Trend too weak (below 1k threshold)
2025-06-16 13:22:53 | INFO | ⏰ Enhanced Loop #399: 13:22:53 [SELL STRATEGY MODE]
2025-06-16 13:23:03 | INFO | ⏰ Loop #406: 13:23:03 [REAL DATA MODE]
2025-06-16 13:23:23 | INFO | ⏰ Enhanced Loop #400: 13:23:23 [SELL STRATEGY MODE]
2025-06-16 13:23:23 | INFO | 📊 New enhanced dashboard data detected: enhanced_tabbed_dashboard_20250616.html
2025-06-16 13:23:23 | INFO | 📊 Parsing dashboard: enhanced_tabbed_dashboard_20250616.html
2025-06-16 13:23:23 | INFO | 📈 Extracted trend: 47
2025-06-16 13:23:23 | INFO | 🎯 Confidence: 95.0%
2025-06-16 13:23:23 | INFO | 💰 Combined flow: 23.98M
2025-06-16 13:23:23 | INFO | ✅ Dashboard parsed successfully
2025-06-16 13:23:23 | INFO | 🔍 Enhanced Signal Analysis...
2025-06-16 13:23:23 | INFO |    Cumulative Trend: 47
2025-06-16 13:23:23 | INFO |    Confidence: 95.0%
2025-06-16 13:23:23 | INFO |    Combined Flow: +23.98M
2025-06-16 13:23:24 | INFO | 📈 Real Spot Price: ₹24933.45 at 2025-06-16 13:21:25
2025-06-16 13:23:24 | INFO | 📊 Market Regime Detection:
2025-06-16 13:23:24 | INFO |    Primary Regime: RANGE_BOUND_LOW_VOL
2025-06-16 13:23:24 | INFO |    Volatility: LOW_VOLATILITY (10.0%ile)
2025-06-16 13:23:24 | INFO |    Range Status: RANGE_BOUND
2025-06-16 13:23:24 | INFO |    Recommended Strategy: SELL_PREMIUM
2025-06-16 13:23:24 | INFO |    Market Regime: RANGE_BOUND_LOW_VOL
2025-06-16 13:23:24 | INFO |    Recommended Strategy: SELL_PREMIUM
2025-06-16 13:23:24 | INFO | ❌ SKIP SELL SIGNAL: SELL strategy requires stronger signals (minimum MODERATE)
2025-06-16 13:23:24 | INFO | 💾 Enhanced signal saved: S_20250616_132324
2025-06-16 13:23:24 | INFO | ⏭️  Enhanced signal skipped: SELL strategy requires stronger signals (minimum MODERATE)
2025-06-16 13:23:24 | ERROR | ❌ Risk check failed: 'EnhancedPortfolioManager' object has no attribute 'get_portfolio_summary'
2025-06-16 13:23:24 | INFO | 
======================================================================
2025-06-16 13:23:24 | INFO | 📊 ENHANCED SYSTEM STATUS (SELL STRATEGY ENABLED)
2025-06-16 13:23:24 | INFO | ======================================================================
2025-06-16 13:23:24 | INFO | System Status: 🟢 RUNNING
2025-06-16 13:23:24 | INFO | Trading Status: 🟢 ENABLED
2025-06-16 13:23:24 | INFO | 💰 Current Capital: ₹100,000.00
2025-06-16 13:23:24 | INFO | 💸 Available Capital: ₹100,000.00
2025-06-16 13:23:24 | INFO | ⚖️  Capital at Risk (BUY): ₹0.00
2025-06-16 13:23:24 | INFO | 🏦 Margin Utilized (SELL): ₹0.00
2025-06-16 13:23:24 | INFO | 💵 Premium Collected: ₹0.00
2025-06-16 13:23:24 | INFO | 📈 Daily P&L: ₹+0.00
2025-06-16 13:23:24 | INFO | 💼 Total Active Positions: 0
2025-06-16 13:23:24 | INFO | 📊 BUY Positions: 0 | SELL Positions: 0
2025-06-16 13:23:24 | INFO | 📊 Trades Today: 0
2025-06-16 13:23:24 | INFO | 🟢 Total Risk Exposure: 0.0%
2025-06-16 13:23:24 | INFO | 📈 Real Spot Price: ₹24933.45 at 2025-06-16 13:21:25
2025-06-16 13:23:24 | INFO | 📊 Market Regime Detection:
2025-06-16 13:23:24 | INFO |    Primary Regime: NORMAL_TRENDING
2025-06-16 13:23:24 | INFO |    Volatility: NORMAL_VOLATILITY (50.0%ile)
2025-06-16 13:23:24 | INFO |    Range Status: RANGE_BOUND
2025-06-16 13:23:24 | INFO |    Recommended Strategy: BUY_OPTIONS
2025-06-16 13:23:24 | INFO | 🏛️  Market Regime: NORMAL_TRENDING
2025-06-16 13:23:24 | INFO | 📊 Volatility: 50%ile (NORMAL_VOLATILITY)
2025-06-16 13:23:24 | INFO | 🎯 Recommended Strategy: BUY_OPTIONS
2025-06-16 13:23:24 | INFO | 
🎯 ENHANCED STRATEGY THRESHOLDS:
2025-06-16 13:23:24 | INFO |   BUY Strategy (Trending Markets):
2025-06-16 13:23:24 | INFO |     SUPER_EXTREME: ±100,000 (4 lots)
2025-06-16 13:23:24 | INFO |     EXTREME: ±50,000 (3 lots)
2025-06-16 13:23:24 | INFO |   SELL Strategy (Range-bound/Low Vol):
2025-06-16 13:23:24 | INFO |     Range Detection: <2.0% price range
2025-06-16 13:23:24 | INFO |     Volatility Threshold: 15-35%ile
2025-06-16 13:23:24 | INFO |     Max SELL Positions: 2
2025-06-16 13:23:24 | INFO |     Max Margin Utilization: 60%
2025-06-16 13:23:24 | INFO | ======================================================================
2025-06-16 13:23:25 | INFO | 📈 Real Spot Price: ₹24933.45 at 2025-06-16 13:21:25
2025-06-16 13:23:25 | INFO | 
==================================================
2025-06-16 13:23:25 | INFO | 📊 ENHANCED REAL-TIME DATA STATUS
2025-06-16 13:23:25 | INFO | ==================================================
2025-06-16 13:23:25 | INFO | 📈 Current Nifty Spot: ₹24933.45
2025-06-16 13:23:26 | INFO | 📈 Real Spot Price: ₹24933.45 at 2025-06-16 13:21:25
2025-06-16 13:23:26 | INFO | 📊 Market Regime Detection:
2025-06-16 13:23:26 | INFO |    Primary Regime: HIGH_VOLATILITY_TRENDING
2025-06-16 13:23:26 | INFO |    Volatility: HIGH_VOLATILITY (90.0%ile)
2025-06-16 13:23:26 | INFO |    Range Status: RANGE_BOUND
2025-06-16 13:23:26 | INFO |    Recommended Strategy: BUY_OPTIONS
2025-06-16 13:23:26 | INFO | 🏛️  Current Market Regime: HIGH_VOLATILITY_TRENDING
2025-06-16 13:23:26 | INFO | 📊 Volatility Regime: HIGH_VOLATILITY
2025-06-16 13:23:26 | INFO | 🎯 Strategy Recommendation: BUY_OPTIONS
2025-06-16 13:23:26 | INFO | 🕒 Data Source: Real-time option chain database
2025-06-16 13:23:26 | INFO | 🔄 Update Frequency: Every 5 minutes
2025-06-16 13:23:26 | INFO | 🎯 SELL Strategy: ACTIVE
2025-06-16 13:23:26 | INFO | ==================================================
2025-06-16 13:23:33 | INFO | ⏰ Loop #407: 13:23:33 [REAL DATA MODE]
2025-06-16 13:23:33 | INFO | 📊 New dashboard data detected: enhanced_tabbed_dashboard_20250616.html
2025-06-16 13:23:33 | INFO | 📊 Parsing dashboard: enhanced_tabbed_dashboard_20250616.html
2025-06-16 13:23:33 | INFO | 📈 Extracted trend: 47
2025-06-16 13:23:33 | INFO | 🎯 Confidence: 95.0%
2025-06-16 13:23:33 | INFO | 💰 Combined flow: 23.98M
2025-06-16 13:23:33 | INFO | ✅ Dashboard parsed successfully
2025-06-16 13:23:33 | INFO | 🔍 Analyzing signal...
2025-06-16 13:23:33 | INFO |    Cumulative Trend: 47
2025-06-16 13:23:33 | INFO |    Confidence: 95.0%
2025-06-16 13:23:33 | INFO |    Combined Flow: +23.98M
2025-06-16 13:23:33 | INFO |    Trend Strength: WEAK
2025-06-16 13:23:33 | INFO | ❌ SKIP SIGNAL: Trend too weak (below 1k threshold)
2025-06-16 13:23:33 | INFO | 💾 Signal saved: S_20250616_132333
2025-06-16 13:23:33 | INFO | ⏭️  Signal skipped: Trend too weak (below 1k threshold)
2025-06-16 13:23:56 | INFO | ⏰ Enhanced Loop #401: 13:23:56 [SELL STRATEGY MODE]
2025-06-16 13:24:03 | INFO | ⏰ Loop #408: 13:24:03 [REAL DATA MODE]
2025-06-16 13:24:26 | INFO | ⏰ Enhanced Loop #402: 13:24:26 [SELL STRATEGY MODE]
2025-06-16 13:24:26 | INFO | 📊 New enhanced dashboard data detected: enhanced_tabbed_dashboard_20250616.html
2025-06-16 13:24:26 | INFO | 📊 Parsing dashboard: enhanced_tabbed_dashboard_20250616.html
2025-06-16 13:24:26 | INFO | 📈 Extracted trend: 44
2025-06-16 13:24:26 | INFO | 🎯 Confidence: 95.0%
2025-06-16 13:24:26 | INFO | 💰 Combined flow: 0.22M
2025-06-16 13:24:26 | INFO | ✅ Dashboard parsed successfully
2025-06-16 13:24:26 | INFO | 🔍 Enhanced Signal Analysis...
2025-06-16 13:24:26 | INFO |    Cumulative Trend: 44
2025-06-16 13:24:26 | INFO |    Confidence: 95.0%
2025-06-16 13:24:26 | INFO |    Combined Flow: +0.22M
2025-06-16 13:24:26 | INFO | 📈 Real Spot Price: ₹24933.45 at 2025-06-16 13:21:25
2025-06-16 13:24:26 | INFO | 📊 Market Regime Detection:
2025-06-16 13:24:26 | INFO |    Primary Regime: RANGE_BOUND_LOW_VOL
2025-06-16 13:24:26 | INFO |    Volatility: LOW_VOLATILITY (20.0%ile)
2025-06-16 13:24:26 | INFO |    Range Status: RANGE_BOUND
2025-06-16 13:24:26 | INFO |    Recommended Strategy: SELL_PREMIUM
2025-06-16 13:24:26 | INFO |    Market Regime: RANGE_BOUND_LOW_VOL
2025-06-16 13:24:26 | INFO |    Recommended Strategy: SELL_PREMIUM
2025-06-16 13:24:26 | INFO | ❌ SKIP SELL SIGNAL: SELL strategy requires stronger signals (minimum MODERATE)
2025-06-16 13:24:26 | INFO | 💾 Enhanced signal saved: S_20250616_132426
2025-06-16 13:24:26 | INFO | ⏭️  Enhanced signal skipped: SELL strategy requires stronger signals (minimum MODERATE)
2025-06-16 13:24:33 | INFO | ⏰ Loop #409: 13:24:33 [REAL DATA MODE]
2025-06-16 13:24:33 | INFO | 📊 New dashboard data detected: enhanced_tabbed_dashboard_20250616.html
2025-06-16 13:24:33 | INFO | 📊 Parsing dashboard: enhanced_tabbed_dashboard_20250616.html
2025-06-16 13:24:33 | INFO | 📈 Extracted trend: 44
2025-06-16 13:24:33 | INFO | 🎯 Confidence: 95.0%
2025-06-16 13:24:33 | INFO | 💰 Combined flow: 0.22M
2025-06-16 13:24:33 | INFO | ✅ Dashboard parsed successfully
2025-06-16 13:24:33 | INFO | 🔍 Analyzing signal...
2025-06-16 13:24:33 | INFO |    Cumulative Trend: 44
2025-06-16 13:24:33 | INFO |    Confidence: 95.0%
2025-06-16 13:24:33 | INFO |    Combined Flow: +0.22M
2025-06-16 13:24:33 | INFO |    Trend Strength: WEAK
2025-06-16 13:24:33 | INFO | ❌ SKIP SIGNAL: Trend too weak (below 1k threshold)
2025-06-16 13:24:33 | INFO | 💾 Signal saved: S_20250616_132433
2025-06-16 13:24:33 | INFO | ⏭️  Signal skipped: Trend too weak (below 1k threshold)
2025-06-16 13:24:56 | INFO | ⏰ Enhanced Loop #403: 13:24:56 [SELL STRATEGY MODE]
2025-06-16 13:25:03 | INFO | ⏰ Loop #410: 13:25:03 [REAL DATA MODE]
2025-06-16 13:25:26 | INFO | ⏰ Enhanced Loop #404: 13:25:26 [SELL STRATEGY MODE]
2025-06-16 13:25:26 | INFO | 📊 New enhanced dashboard data detected: enhanced_tabbed_dashboard_20250616.html
2025-06-16 13:25:26 | INFO | 📊 Parsing dashboard: enhanced_tabbed_dashboard_20250616.html
2025-06-16 13:25:26 | INFO | 📈 Extracted trend: 44
2025-06-16 13:25:26 | INFO | 🎯 Confidence: 95.0%
2025-06-16 13:25:26 | INFO | 💰 Combined flow: 0.22M
2025-06-16 13:25:26 | INFO | ✅ Dashboard parsed successfully
2025-06-16 13:25:26 | INFO | 🔍 Enhanced Signal Analysis...
2025-06-16 13:25:26 | INFO |    Cumulative Trend: 44
2025-06-16 13:25:26 | INFO |    Confidence: 95.0%
2025-06-16 13:25:26 | INFO |    Combined Flow: +0.22M
2025-06-16 13:25:27 | INFO | 📈 Real Spot Price: ₹24933.45 at 2025-06-16 13:21:25
2025-06-16 13:25:27 | INFO | 📊 Market Regime Detection:
2025-06-16 13:25:27 | INFO |    Primary Regime: HIGH_VOLATILITY_TRENDING
2025-06-16 13:25:27 | INFO |    Volatility: HIGH_VOLATILITY (90.0%ile)
2025-06-16 13:25:27 | INFO |    Range Status: RANGE_BOUND
2025-06-16 13:25:27 | INFO |    Recommended Strategy: BUY_OPTIONS
2025-06-16 13:25:27 | INFO |    Market Regime: HIGH_VOLATILITY_TRENDING
2025-06-16 13:25:27 | INFO |    Recommended Strategy: BUY_OPTIONS
2025-06-16 13:25:27 | INFO | 🔍 Analyzing signal...
2025-06-16 13:25:27 | INFO |    Cumulative Trend: 44
2025-06-16 13:25:27 | INFO |    Confidence: 95.0%
2025-06-16 13:25:27 | INFO |    Combined Flow: +0.22M
2025-06-16 13:25:27 | INFO |    Trend Strength: WEAK
2025-06-16 13:25:27 | INFO | ❌ SKIP SIGNAL: Trend too weak (below 1k threshold)
2025-06-16 13:25:27 | INFO | 💾 Enhanced signal saved: S_20250616_132527
2025-06-16 13:25:27 | INFO | ⏭️  Enhanced signal skipped: Trend too weak (below 1k threshold)
2025-06-16 13:25:33 | INFO | ⏰ Loop #411: 13:25:33 [REAL DATA MODE]
2025-06-16 13:25:33 | INFO | 📊 New dashboard data detected: enhanced_tabbed_dashboard_20250616.html
2025-06-16 13:25:33 | INFO | 📊 Parsing dashboard: enhanced_tabbed_dashboard_20250616.html
2025-06-16 13:25:33 | INFO | 📈 Extracted trend: 44
2025-06-16 13:25:33 | INFO | 🎯 Confidence: 95.0%
2025-06-16 13:25:33 | INFO | 💰 Combined flow: 0.22M
2025-06-16 13:25:33 | INFO | ✅ Dashboard parsed successfully
2025-06-16 13:25:33 | INFO | 🔍 Analyzing signal...
2025-06-16 13:25:33 | INFO |    Cumulative Trend: 44
2025-06-16 13:25:33 | INFO |    Confidence: 95.0%
2025-06-16 13:25:33 | INFO |    Combined Flow: +0.22M
2025-06-16 13:25:33 | INFO |    Trend Strength: WEAK
2025-06-16 13:25:33 | INFO | ❌ SKIP SIGNAL: Trend too weak (below 1k threshold)
2025-06-16 13:25:33 | INFO | 💾 Signal saved: S_20250616_132533
2025-06-16 13:25:33 | INFO | ⏭️  Signal skipped: Trend too weak (below 1k threshold)
2025-06-16 13:25:57 | INFO | ⏰ Enhanced Loop #405: 13:25:57 [SELL STRATEGY MODE]
2025-06-16 13:26:03 | INFO | ⏰ Loop #412: 13:26:03 [REAL DATA MODE]
2025-06-16 13:26:27 | INFO | ⏰ Enhanced Loop #406: 13:26:27 [SELL STRATEGY MODE]
2025-06-16 13:26:27 | INFO | 📊 New enhanced dashboard data detected: enhanced_tabbed_dashboard_20250616.html
2025-06-16 13:26:27 | INFO | 📊 Parsing dashboard: enhanced_tabbed_dashboard_20250616.html
2025-06-16 13:26:27 | INFO | 📈 Extracted trend: 44
2025-06-16 13:26:27 | INFO | 🎯 Confidence: 95.0%
2025-06-16 13:26:27 | INFO | 💰 Combined flow: 0.22M
2025-06-16 13:26:27 | INFO | ✅ Dashboard parsed successfully
2025-06-16 13:26:27 | INFO | 🔍 Enhanced Signal Analysis...
2025-06-16 13:26:27 | INFO |    Cumulative Trend: 44
2025-06-16 13:26:27 | INFO |    Confidence: 95.0%
2025-06-16 13:26:27 | INFO |    Combined Flow: +0.22M
2025-06-16 13:26:28 | INFO | 📈 Real Spot Price: ₹24933.45 at 2025-06-16 13:21:25
2025-06-16 13:26:28 | INFO | 📊 Market Regime Detection:
2025-06-16 13:26:28 | INFO |    Primary Regime: RANGE_BOUND_LOW_VOL
2025-06-16 13:26:28 | INFO |    Volatility: LOW_VOLATILITY (0.0%ile)
2025-06-16 13:26:28 | INFO |    Range Status: RANGE_BOUND
2025-06-16 13:26:28 | INFO |    Recommended Strategy: SELL_PREMIUM
2025-06-16 13:26:28 | INFO |    Market Regime: RANGE_BOUND_LOW_VOL
2025-06-16 13:26:28 | INFO |    Recommended Strategy: SELL_PREMIUM
2025-06-16 13:26:28 | INFO | ❌ SKIP SELL SIGNAL: SELL strategy requires stronger signals (minimum MODERATE)
2025-06-16 13:26:28 | INFO | 💾 Enhanced signal saved: S_20250616_132628
2025-06-16 13:26:28 | INFO | ⏭️  Enhanced signal skipped: SELL strategy requires stronger signals (minimum MODERATE)
2025-06-16 13:26:33 | INFO | ⏰ Loop #413: 13:26:33 [REAL DATA MODE]
2025-06-16 13:26:33 | INFO | 📊 New dashboard data detected: enhanced_tabbed_dashboard_20250616.html
2025-06-16 13:26:33 | INFO | 📊 Parsing dashboard: enhanced_tabbed_dashboard_20250616.html
2025-06-16 13:26:33 | INFO | 📈 Extracted trend: 44
2025-06-16 13:26:33 | INFO | 🎯 Confidence: 95.0%
2025-06-16 13:26:33 | INFO | 💰 Combined flow: 0.22M
2025-06-16 13:26:33 | INFO | ✅ Dashboard parsed successfully
2025-06-16 13:26:33 | INFO | 🔍 Analyzing signal...
2025-06-16 13:26:33 | INFO |    Cumulative Trend: 44
2025-06-16 13:26:33 | INFO |    Confidence: 95.0%
2025-06-16 13:26:33 | INFO |    Combined Flow: +0.22M
2025-06-16 13:26:33 | INFO |    Trend Strength: WEAK
2025-06-16 13:26:33 | INFO | ❌ SKIP SIGNAL: Trend too weak (below 1k threshold)
2025-06-16 13:26:33 | INFO | 💾 Signal saved: S_20250616_132633
2025-06-16 13:26:33 | INFO | ⏭️  Signal skipped: Trend too weak (below 1k threshold)
2025-06-16 13:26:58 | INFO | ⏰ Enhanced Loop #407: 13:26:58 [SELL STRATEGY MODE]
2025-06-16 13:27:03 | INFO | ⏰ Loop #414: 13:27:03 [REAL DATA MODE]
2025-06-16 13:27:28 | INFO | ⏰ Enhanced Loop #408: 13:27:28 [SELL STRATEGY MODE]
2025-06-16 13:27:28 | INFO | 📊 New enhanced dashboard data detected: enhanced_tabbed_dashboard_20250616.html
2025-06-16 13:27:28 | INFO | 📊 Parsing dashboard: enhanced_tabbed_dashboard_20250616.html
2025-06-16 13:27:28 | INFO | 📈 Extracted trend: 29
2025-06-16 13:27:28 | INFO | 🎯 Confidence: 95.0%
2025-06-16 13:27:28 | INFO | 💰 Combined flow: 3.29M
2025-06-16 13:27:28 | INFO | ✅ Dashboard parsed successfully
2025-06-16 13:27:28 | INFO | 🔍 Enhanced Signal Analysis...
2025-06-16 13:27:28 | INFO |    Cumulative Trend: 29
2025-06-16 13:27:28 | INFO |    Confidence: 95.0%
2025-06-16 13:27:28 | INFO |    Combined Flow: +3.29M
2025-06-16 13:27:28 | INFO | 📈 Real Spot Price: ₹24935.85 at 2025-06-16 13:26:31
2025-06-16 13:27:28 | INFO | 📊 Market Regime Detection:
2025-06-16 13:27:28 | INFO |    Primary Regime: HIGH_VOLATILITY_TRENDING
2025-06-16 13:27:28 | INFO |    Volatility: HIGH_VOLATILITY (80.0%ile)
2025-06-16 13:27:28 | INFO |    Range Status: RANGE_BOUND
2025-06-16 13:27:28 | INFO |    Recommended Strategy: BUY_OPTIONS
2025-06-16 13:27:28 | INFO |    Market Regime: HIGH_VOLATILITY_TRENDING
2025-06-16 13:27:28 | INFO |    Recommended Strategy: BUY_OPTIONS
2025-06-16 13:27:28 | INFO | 🔍 Analyzing signal...
2025-06-16 13:27:28 | INFO |    Cumulative Trend: 29
2025-06-16 13:27:28 | INFO |    Confidence: 95.0%
2025-06-16 13:27:28 | INFO |    Combined Flow: +3.29M
2025-06-16 13:27:28 | INFO |    Trend Strength: WEAK
2025-06-16 13:27:28 | INFO | ❌ SKIP SIGNAL: Trend too weak (below 1k threshold)
2025-06-16 13:27:28 | INFO | 💾 Enhanced signal saved: S_20250616_132728
2025-06-16 13:27:28 | INFO | ⏭️  Enhanced signal skipped: Trend too weak (below 1k threshold)
2025-06-16 13:27:33 | INFO | ⏰ Loop #415: 13:27:33 [REAL DATA MODE]
2025-06-16 13:27:33 | INFO | 📊 New dashboard data detected: enhanced_tabbed_dashboard_20250616.html
2025-06-16 13:27:33 | INFO | 📊 Parsing dashboard: enhanced_tabbed_dashboard_20250616.html
2025-06-16 13:27:33 | INFO | 📈 Extracted trend: 29
2025-06-16 13:27:33 | INFO | 🎯 Confidence: 95.0%
2025-06-16 13:27:33 | INFO | 💰 Combined flow: 3.29M
2025-06-16 13:27:33 | INFO | ✅ Dashboard parsed successfully
2025-06-16 13:27:33 | INFO | 🔍 Analyzing signal...
2025-06-16 13:27:33 | INFO |    Cumulative Trend: 29
2025-06-16 13:27:33 | INFO |    Confidence: 95.0%
2025-06-16 13:27:33 | INFO |    Combined Flow: +3.29M
2025-06-16 13:27:33 | INFO |    Trend Strength: WEAK
2025-06-16 13:27:33 | INFO | ❌ SKIP SIGNAL: Trend too weak (below 1k threshold)
2025-06-16 13:27:33 | INFO | 💾 Signal saved: S_20250616_132733
2025-06-16 13:27:33 | INFO | ⏭️  Signal skipped: Trend too weak (below 1k threshold)
2025-06-16 13:27:58 | INFO | ⏰ Enhanced Loop #409: 13:27:58 [SELL STRATEGY MODE]
2025-06-16 13:28:03 | INFO | ⏰ Loop #416: 13:28:03 [REAL DATA MODE]
2025-06-16 13:28:28 | INFO | ⏰ Enhanced Loop #410: 13:28:28 [SELL STRATEGY MODE]
2025-06-16 13:28:28 | INFO | 📊 New enhanced dashboard data detected: enhanced_tabbed_dashboard_20250616.html
2025-06-16 13:28:28 | INFO | 📊 Parsing dashboard: enhanced_tabbed_dashboard_20250616.html
2025-06-16 13:28:29 | INFO | 📈 Extracted trend: 29
2025-06-16 13:28:29 | INFO | 🎯 Confidence: 95.0%
2025-06-16 13:28:29 | INFO | 💰 Combined flow: 3.29M
2025-06-16 13:28:29 | INFO | ✅ Dashboard parsed successfully
2025-06-16 13:28:29 | INFO | 🔍 Enhanced Signal Analysis...
2025-06-16 13:28:29 | INFO |    Cumulative Trend: 29
2025-06-16 13:28:29 | INFO |    Confidence: 95.0%
2025-06-16 13:28:29 | INFO |    Combined Flow: +3.29M
2025-06-16 13:28:29 | INFO | 📈 Real Spot Price: ₹24935.85 at 2025-06-16 13:26:31
2025-06-16 13:28:29 | INFO | 📊 Market Regime Detection:
2025-06-16 13:28:29 | INFO |    Primary Regime: NORMAL_TRENDING
2025-06-16 13:28:29 | INFO |    Volatility: NORMAL_VOLATILITY (40.0%ile)
2025-06-16 13:28:29 | INFO |    Range Status: RANGE_BOUND
2025-06-16 13:28:29 | INFO |    Recommended Strategy: BUY_OPTIONS
2025-06-16 13:28:29 | INFO |    Market Regime: NORMAL_TRENDING
2025-06-16 13:28:29 | INFO |    Recommended Strategy: BUY_OPTIONS
2025-06-16 13:28:29 | INFO | 🔍 Analyzing signal...
2025-06-16 13:28:29 | INFO |    Cumulative Trend: 29
2025-06-16 13:28:29 | INFO |    Confidence: 95.0%
2025-06-16 13:28:29 | INFO |    Combined Flow: +3.29M
2025-06-16 13:28:29 | INFO |    Trend Strength: WEAK
2025-06-16 13:28:29 | INFO | ❌ SKIP SIGNAL: Trend too weak (below 1k threshold)
2025-06-16 13:28:29 | INFO | 💾 Enhanced signal saved: S_20250616_132829
2025-06-16 13:28:29 | INFO | ⏭️  Enhanced signal skipped: Trend too weak (below 1k threshold)
2025-06-16 13:28:29 | ERROR | ❌ Risk check failed: 'EnhancedPortfolioManager' object has no attribute 'get_portfolio_summary'
2025-06-16 13:28:33 | INFO | ⏰ Loop #417: 13:28:33 [REAL DATA MODE]
2025-06-16 13:28:33 | INFO | 📊 New dashboard data detected: enhanced_tabbed_dashboard_20250616.html
2025-06-16 13:28:33 | INFO | 📊 Parsing dashboard: enhanced_tabbed_dashboard_20250616.html
2025-06-16 13:28:33 | INFO | 📈 Extracted trend: 29
2025-06-16 13:28:33 | INFO | 🎯 Confidence: 95.0%
2025-06-16 13:28:33 | INFO | 💰 Combined flow: 3.29M
2025-06-16 13:28:33 | INFO | ✅ Dashboard parsed successfully
2025-06-16 13:28:33 | INFO | 🔍 Analyzing signal...
2025-06-16 13:28:33 | INFO |    Cumulative Trend: 29
2025-06-16 13:28:33 | INFO |    Confidence: 95.0%
2025-06-16 13:28:33 | INFO |    Combined Flow: +3.29M
2025-06-16 13:28:33 | INFO |    Trend Strength: WEAK
2025-06-16 13:28:33 | INFO | ❌ SKIP SIGNAL: Trend too weak (below 1k threshold)
2025-06-16 13:28:33 | INFO | 💾 Signal saved: S_20250616_132833
2025-06-16 13:28:33 | INFO | ⏭️  Signal skipped: Trend too weak (below 1k threshold)
2025-06-16 13:28:59 | INFO | ⏰ Enhanced Loop #411: 13:28:59 [SELL STRATEGY MODE]
2025-06-16 13:29:03 | INFO | ⏰ Loop #418: 13:29:03 [REAL DATA MODE]
2025-06-16 13:29:29 | INFO | ⏰ Enhanced Loop #412: 13:29:29 [SELL STRATEGY MODE]
2025-06-16 13:29:29 | INFO | 📊 New enhanced dashboard data detected: enhanced_tabbed_dashboard_20250616.html
2025-06-16 13:29:29 | INFO | 📊 Parsing dashboard: enhanced_tabbed_dashboard_20250616.html
2025-06-16 13:29:29 | INFO | 📈 Extracted trend: 26
2025-06-16 13:29:29 | INFO | 🎯 Confidence: 95.0%
2025-06-16 13:29:29 | INFO | 💰 Combined flow: 0.28M
2025-06-16 13:29:29 | INFO | ✅ Dashboard parsed successfully
2025-06-16 13:29:29 | INFO | 🔍 Enhanced Signal Analysis...
2025-06-16 13:29:29 | INFO |    Cumulative Trend: 26
2025-06-16 13:29:29 | INFO |    Confidence: 95.0%
2025-06-16 13:29:29 | INFO |    Combined Flow: +0.28M
2025-06-16 13:29:30 | INFO | 📈 Real Spot Price: ₹24935.85 at 2025-06-16 13:26:31
2025-06-16 13:29:30 | INFO | 📊 Market Regime Detection:
2025-06-16 13:29:30 | INFO |    Primary Regime: HIGH_VOLATILITY_TRENDING
2025-06-16 13:29:30 | INFO |    Volatility: HIGH_VOLATILITY (90.0%ile)
2025-06-16 13:29:30 | INFO |    Range Status: RANGE_BOUND
2025-06-16 13:29:30 | INFO |    Recommended Strategy: BUY_OPTIONS
2025-06-16 13:29:30 | INFO |    Market Regime: HIGH_VOLATILITY_TRENDING
2025-06-16 13:29:30 | INFO |    Recommended Strategy: BUY_OPTIONS
2025-06-16 13:29:30 | INFO | 🔍 Analyzing signal...
2025-06-16 13:29:30 | INFO |    Cumulative Trend: 26
2025-06-16 13:29:30 | INFO |    Confidence: 95.0%
2025-06-16 13:29:30 | INFO |    Combined Flow: +0.28M
2025-06-16 13:29:30 | INFO |    Trend Strength: WEAK
2025-06-16 13:29:30 | INFO | ❌ SKIP SIGNAL: Trend too weak (below 1k threshold)
2025-06-16 13:29:30 | INFO | 💾 Enhanced signal saved: S_20250616_132930
2025-06-16 13:29:30 | INFO | ⏭️  Enhanced signal skipped: Trend too weak (below 1k threshold)
2025-06-16 13:29:33 | INFO | ⏰ Loop #419: 13:29:33 [REAL DATA MODE]
2025-06-16 13:29:33 | INFO | 📊 New dashboard data detected: enhanced_tabbed_dashboard_20250616.html
2025-06-16 13:29:33 | INFO | 📊 Parsing dashboard: enhanced_tabbed_dashboard_20250616.html
2025-06-16 13:29:33 | INFO | 📈 Extracted trend: 26
2025-06-16 13:29:33 | INFO | 🎯 Confidence: 95.0%
2025-06-16 13:29:33 | INFO | 💰 Combined flow: 0.28M
2025-06-16 13:29:33 | INFO | ✅ Dashboard parsed successfully
2025-06-16 13:29:33 | INFO | 🔍 Analyzing signal...
2025-06-16 13:29:33 | INFO |    Cumulative Trend: 26
2025-06-16 13:29:33 | INFO |    Confidence: 95.0%
2025-06-16 13:29:33 | INFO |    Combined Flow: +0.28M
2025-06-16 13:29:33 | INFO |    Trend Strength: WEAK
2025-06-16 13:29:33 | INFO | ❌ SKIP SIGNAL: Trend too weak (below 1k threshold)
2025-06-16 13:29:33 | INFO | 💾 Signal saved: S_20250616_132933
2025-06-16 13:29:33 | INFO | ⏭️  Signal skipped: Trend too weak (below 1k threshold)
2025-06-16 13:30:00 | INFO | ⏰ Enhanced Loop #413: 13:30:00 [SELL STRATEGY MODE]
2025-06-16 13:30:03 | INFO | ⏰ Loop #420: 13:30:03 [REAL DATA MODE]
2025-06-16 13:30:03 | INFO | 
======================================================================
2025-06-16 13:30:03 | INFO | 📊 ENHANCED SYSTEM STATUS
2025-06-16 13:30:03 | INFO | ======================================================================
2025-06-16 13:30:03 | INFO | System Status: 🟢 RUNNING
2025-06-16 13:30:03 | INFO | Trading Status: 🟢 ENABLED
2025-06-16 13:30:03 | INFO | 💰 Current Capital: ₹100,000.00
2025-06-16 13:30:03 | INFO | 💸 Available Capital: ₹100,000.00
2025-06-16 13:30:03 | INFO | ⚖️  Capital at Risk: ₹0.00
2025-06-16 13:30:03 | INFO | 📈 Daily P&L: ₹+0.00
2025-06-16 13:30:03 | INFO | 💼 Active Positions: 0
2025-06-16 13:30:03 | INFO | 📊 Trades Today: 0
2025-06-16 13:30:03 | INFO | 🟢 Risk Exposure: 0.0%
2025-06-16 13:30:03 | INFO | 📊 Latest Dashboard: enhanced_tabbed_dashboard_20250616.html
2025-06-16 13:30:03 | INFO | 🕒 Dashboard Modified: 2025-06-16 13:29:23
2025-06-16 13:30:03 | INFO | 📡 Signals Today: 201
2025-06-16 13:30:03 | INFO | 🕒 Last Check: 13:30:03
2025-06-16 13:30:03 | INFO | 
🎯 SIGNAL THRESHOLDS:
2025-06-16 13:30:03 | INFO |    SUPER_EXTREME: ±100,000 (4 lots)
2025-06-16 13:30:03 | INFO |    EXTREME: ±50,000 (3 lots)
2025-06-16 13:30:03 | INFO |    STRONG:  ±15,000 (2 lots)
2025-06-16 13:30:03 | INFO |    MODERATE: ±5,000 (1 lot)
2025-06-16 13:30:03 | INFO | ======================================================================
2025-06-16 13:30:04 | INFO | 
==================================================
2025-06-16 13:30:04 | INFO | 📊 REAL-TIME DATA STATUS
2025-06-16 13:30:04 | INFO | ==================================================
2025-06-16 13:30:04 | INFO | 📈 Current Nifty Spot: ₹24935.85
2025-06-16 13:30:04 | INFO | 🕒 Data Source: Real-time option chain database
2025-06-16 13:30:04 | INFO | 🔄 Update Frequency: Every 5 minutes
2025-06-16 13:30:04 | INFO | ==================================================
2025-06-16 13:30:30 | INFO | ⏰ Enhanced Loop #414: 13:30:30 [SELL STRATEGY MODE]
2025-06-16 13:30:30 | INFO | 📊 New enhanced dashboard data detected: enhanced_tabbed_dashboard_20250616.html
2025-06-16 13:30:30 | INFO | 📊 Parsing dashboard: enhanced_tabbed_dashboard_20250616.html
2025-06-16 13:30:30 | INFO | 📈 Extracted trend: 26
2025-06-16 13:30:30 | INFO | 🎯 Confidence: 95.0%
2025-06-16 13:30:30 | INFO | 💰 Combined flow: 0.28M
2025-06-16 13:30:30 | INFO | ✅ Dashboard parsed successfully
2025-06-16 13:30:30 | INFO | 🔍 Enhanced Signal Analysis...
2025-06-16 13:30:30 | INFO |    Cumulative Trend: 26
2025-06-16 13:30:30 | INFO |    Confidence: 95.0%
2025-06-16 13:30:30 | INFO |    Combined Flow: +0.28M
2025-06-16 13:30:31 | INFO | 📈 Real Spot Price: ₹24935.85 at 2025-06-16 13:26:31
2025-06-16 13:30:31 | INFO | 📊 Market Regime Detection:
2025-06-16 13:30:31 | INFO |    Primary Regime: POST_GAP_CONSOLIDATION
2025-06-16 13:30:31 | INFO |    Volatility: HIGH_VOLATILITY (80.0%ile)
2025-06-16 13:30:31 | INFO |    Range Status: RANGE_BOUND
2025-06-16 13:30:31 | INFO |    Recommended Strategy: SELL_PREMIUM
2025-06-16 13:30:31 | INFO |    Market Regime: POST_GAP_CONSOLIDATION
2025-06-16 13:30:31 | INFO |    Recommended Strategy: SELL_PREMIUM
2025-06-16 13:30:31 | INFO | ❌ SKIP SELL SIGNAL: SELL strategy requires stronger signals (minimum MODERATE)
2025-06-16 13:30:31 | INFO | 💾 Enhanced signal saved: S_20250616_133031
2025-06-16 13:30:31 | INFO | ⏭️  Enhanced signal skipped: SELL strategy requires stronger signals (minimum MODERATE)
2025-06-16 13:30:34 | INFO | ⏰ Loop #421: 13:30:34 [REAL DATA MODE]
2025-06-16 13:30:34 | INFO | 📊 New dashboard data detected: enhanced_tabbed_dashboard_20250616.html
2025-06-16 13:30:34 | INFO | 📊 Parsing dashboard: enhanced_tabbed_dashboard_20250616.html
2025-06-16 13:30:34 | INFO | 📈 Extracted trend: 26
2025-06-16 13:30:34 | INFO | 🎯 Confidence: 95.0%
2025-06-16 13:30:34 | INFO | 💰 Combined flow: 0.28M
2025-06-16 13:30:34 | INFO | ✅ Dashboard parsed successfully
2025-06-16 13:30:34 | INFO | 🔍 Analyzing signal...
2025-06-16 13:30:34 | INFO |    Cumulative Trend: 26
2025-06-16 13:30:34 | INFO |    Confidence: 95.0%
2025-06-16 13:30:34 | INFO |    Combined Flow: +0.28M
2025-06-16 13:30:34 | INFO |    Trend Strength: WEAK
2025-06-16 13:30:34 | INFO | ❌ SKIP SIGNAL: Trend too weak (below 1k threshold)
2025-06-16 13:30:34 | INFO | 💾 Signal saved: S_20250616_133034
2025-06-16 13:30:34 | INFO | ⏭️  Signal skipped: Trend too weak (below 1k threshold)
2025-06-16 13:31:01 | INFO | ⏰ Enhanced Loop #415: 13:31:01 [SELL STRATEGY MODE]
2025-06-16 13:31:04 | INFO | ⏰ Loop #422: 13:31:04 [REAL DATA MODE]
2025-06-16 13:31:31 | INFO | ⏰ Enhanced Loop #416: 13:31:31 [SELL STRATEGY MODE]
2025-06-16 13:31:31 | INFO | 📊 New enhanced dashboard data detected: enhanced_tabbed_dashboard_20250616.html
2025-06-16 13:31:31 | INFO | 📊 Parsing dashboard: enhanced_tabbed_dashboard_20250616.html
2025-06-16 13:31:31 | INFO | 📈 Extracted trend: 26
2025-06-16 13:31:31 | INFO | 🎯 Confidence: 95.0%
2025-06-16 13:31:31 | INFO | 💰 Combined flow: 0.28M
2025-06-16 13:31:31 | INFO | ✅ Dashboard parsed successfully
2025-06-16 13:31:31 | INFO | 🔍 Enhanced Signal Analysis...
2025-06-16 13:31:31 | INFO |    Cumulative Trend: 26
2025-06-16 13:31:31 | INFO |    Confidence: 95.0%
2025-06-16 13:31:31 | INFO |    Combined Flow: +0.28M
2025-06-16 13:31:31 | INFO | 📈 Real Spot Price: ₹24935.85 at 2025-06-16 13:26:31
2025-06-16 13:31:31 | INFO | 📊 Market Regime Detection:
2025-06-16 13:31:31 | INFO |    Primary Regime: RANGE_BOUND_LOW_VOL
2025-06-16 13:31:31 | INFO |    Volatility: LOW_VOLATILITY (20.0%ile)
2025-06-16 13:31:31 | INFO |    Range Status: RANGE_BOUND
2025-06-16 13:31:31 | INFO |    Recommended Strategy: SELL_PREMIUM
2025-06-16 13:31:31 | INFO |    Market Regime: RANGE_BOUND_LOW_VOL
2025-06-16 13:31:31 | INFO |    Recommended Strategy: SELL_PREMIUM
2025-06-16 13:31:31 | INFO | ❌ SKIP SELL SIGNAL: SELL strategy requires stronger signals (minimum MODERATE)
2025-06-16 13:31:31 | INFO | 💾 Enhanced signal saved: S_20250616_133131
2025-06-16 13:31:31 | INFO | ⏭️  Enhanced signal skipped: SELL strategy requires stronger signals (minimum MODERATE)
2025-06-16 13:31:34 | INFO | ⏰ Loop #423: 13:31:34 [REAL DATA MODE]
2025-06-16 13:31:34 | INFO | 📊 New dashboard data detected: enhanced_tabbed_dashboard_20250616.html
2025-06-16 13:31:34 | INFO | 📊 Parsing dashboard: enhanced_tabbed_dashboard_20250616.html
2025-06-16 13:31:34 | INFO | 📈 Extracted trend: 26
2025-06-16 13:31:34 | INFO | 🎯 Confidence: 95.0%
2025-06-16 13:31:34 | INFO | 💰 Combined flow: 0.28M
2025-06-16 13:31:34 | INFO | ✅ Dashboard parsed successfully
2025-06-16 13:31:34 | INFO | 🔍 Analyzing signal...
2025-06-16 13:31:34 | INFO |    Cumulative Trend: 26
2025-06-16 13:31:34 | INFO |    Confidence: 95.0%
2025-06-16 13:31:34 | INFO |    Combined Flow: +0.28M
2025-06-16 13:31:34 | INFO |    Trend Strength: WEAK
2025-06-16 13:31:34 | INFO | ❌ SKIP SIGNAL: Trend too weak (below 1k threshold)
2025-06-16 13:31:34 | INFO | 💾 Signal saved: S_20250616_133134
2025-06-16 13:31:34 | INFO | ⏭️  Signal skipped: Trend too weak (below 1k threshold)
2025-06-16 13:31:47 | INFO | ✅ Enhanced database initialized successfully
2025-06-16 13:32:01 | INFO | ⏰ Enhanced Loop #417: 13:32:01 [SELL STRATEGY MODE]
2025-06-16 13:32:04 | INFO | ⏰ Loop #424: 13:32:04 [REAL DATA MODE]
2025-06-16 13:32:31 | INFO | ⏰ Enhanced Loop #418: 13:32:31 [SELL STRATEGY MODE]
2025-06-16 13:32:31 | INFO | 📊 New enhanced dashboard data detected: enhanced_tabbed_dashboard_20250616.html
2025-06-16 13:32:31 | INFO | 📊 Parsing dashboard: enhanced_tabbed_dashboard_20250616.html
2025-06-16 13:32:32 | INFO | 📈 Extracted trend: 8
2025-06-16 13:32:32 | INFO | 🎯 Confidence: 95.0%
2025-06-16 13:32:32 | INFO | 💰 Combined flow: -15.03M
2025-06-16 13:32:32 | INFO | ✅ Dashboard parsed successfully
2025-06-16 13:32:32 | INFO | 🔍 Enhanced Signal Analysis...
2025-06-16 13:32:32 | INFO |    Cumulative Trend: 8
2025-06-16 13:32:32 | INFO |    Confidence: 95.0%
2025-06-16 13:32:32 | INFO |    Combined Flow: -15.03M
2025-06-16 13:32:32 | INFO | 📈 Real Spot Price: ₹24942.65 at 2025-06-16 13:31:36
2025-06-16 13:32:32 | INFO | 📊 Market Regime Detection:
2025-06-16 13:32:32 | INFO |    Primary Regime: NORMAL_TRENDING
2025-06-16 13:32:32 | INFO |    Volatility: NORMAL_VOLATILITY (40.0%ile)
2025-06-16 13:32:32 | INFO |    Range Status: RANGE_BOUND
2025-06-16 13:32:32 | INFO |    Recommended Strategy: BUY_OPTIONS
2025-06-16 13:32:32 | INFO |    Market Regime: NORMAL_TRENDING
2025-06-16 13:32:32 | INFO |    Recommended Strategy: BUY_OPTIONS
2025-06-16 13:32:32 | INFO | 🔍 Analyzing signal...
2025-06-16 13:32:32 | INFO |    Cumulative Trend: 8
2025-06-16 13:32:32 | INFO |    Confidence: 95.0%
2025-06-16 13:32:32 | INFO |    Combined Flow: -15.03M
2025-06-16 13:32:32 | INFO |    Trend Strength: WEAK
2025-06-16 13:32:32 | INFO | ❌ SKIP SIGNAL: Trend too weak (below 1k threshold)
2025-06-16 13:32:32 | INFO | 💾 Enhanced signal saved: S_20250616_133232
2025-06-16 13:32:32 | INFO | ⏭️  Enhanced signal skipped: Trend too weak (below 1k threshold)
2025-06-16 13:32:34 | INFO | ⏰ Loop #425: 13:32:34 [REAL DATA MODE]
2025-06-16 13:32:34 | INFO | 📊 New dashboard data detected: enhanced_tabbed_dashboard_20250616.html
2025-06-16 13:32:34 | INFO | 📊 Parsing dashboard: enhanced_tabbed_dashboard_20250616.html
2025-06-16 13:32:34 | INFO | 📈 Extracted trend: 8
2025-06-16 13:32:34 | INFO | 🎯 Confidence: 95.0%
2025-06-16 13:32:34 | INFO | 💰 Combined flow: -15.03M
2025-06-16 13:32:34 | INFO | ✅ Dashboard parsed successfully
2025-06-16 13:32:34 | INFO | 🔍 Analyzing signal...
2025-06-16 13:32:34 | INFO |    Cumulative Trend: 8
2025-06-16 13:32:34 | INFO |    Confidence: 95.0%
2025-06-16 13:32:34 | INFO |    Combined Flow: -15.03M
2025-06-16 13:32:34 | INFO |    Trend Strength: WEAK
2025-06-16 13:32:34 | INFO | ❌ SKIP SIGNAL: Trend too weak (below 1k threshold)
2025-06-16 13:32:34 | INFO | 💾 Signal saved: S_20250616_133234
2025-06-16 13:32:34 | INFO | ⏭️  Signal skipped: Trend too weak (below 1k threshold)
2025-06-16 13:33:02 | INFO | ⏰ Enhanced Loop #419: 13:33:02 [SELL STRATEGY MODE]
2025-06-16 13:33:04 | INFO | ⏰ Loop #426: 13:33:04 [REAL DATA MODE]
2025-06-16 13:33:23 | INFO | ✅ Enhanced database initialized successfully
2025-06-16 13:33:32 | INFO | ⏰ Enhanced Loop #420: 13:33:32 [SELL STRATEGY MODE]
2025-06-16 13:33:32 | INFO | 📊 New enhanced dashboard data detected: enhanced_tabbed_dashboard_20250616.html
2025-06-16 13:33:32 | INFO | 📊 Parsing dashboard: enhanced_tabbed_dashboard_20250616.html
2025-06-16 13:33:32 | INFO | 📈 Extracted trend: 9
2025-06-16 13:33:32 | INFO | 🎯 Confidence: 95.0%
2025-06-16 13:33:32 | INFO | 💰 Combined flow: -17.67M
2025-06-16 13:33:32 | INFO | ✅ Dashboard parsed successfully
2025-06-16 13:33:32 | INFO | 🔍 Enhanced Signal Analysis...
2025-06-16 13:33:32 | INFO |    Cumulative Trend: 9
2025-06-16 13:33:32 | INFO |    Confidence: 95.0%
2025-06-16 13:33:32 | INFO |    Combined Flow: -17.67M
2025-06-16 13:33:33 | INFO | 📈 Real Spot Price: ₹24942.65 at 2025-06-16 13:31:36
2025-06-16 13:33:33 | INFO | 📊 Market Regime Detection:
2025-06-16 13:33:33 | INFO |    Primary Regime: HIGH_VOLATILITY_TRENDING
2025-06-16 13:33:33 | INFO |    Volatility: HIGH_VOLATILITY (90.0%ile)
2025-06-16 13:33:33 | INFO |    Range Status: RANGE_BOUND
2025-06-16 13:33:33 | INFO |    Recommended Strategy: BUY_OPTIONS
2025-06-16 13:33:33 | INFO |    Market Regime: HIGH_VOLATILITY_TRENDING
2025-06-16 13:33:33 | INFO |    Recommended Strategy: BUY_OPTIONS
2025-06-16 13:33:33 | INFO | 🔍 Analyzing signal...
2025-06-16 13:33:33 | INFO |    Cumulative Trend: 9
2025-06-16 13:33:33 | INFO |    Confidence: 95.0%
2025-06-16 13:33:33 | INFO |    Combined Flow: -17.67M
2025-06-16 13:33:33 | INFO |    Trend Strength: WEAK
2025-06-16 13:33:33 | INFO | ❌ SKIP SIGNAL: Trend too weak (below 1k threshold)
2025-06-16 13:33:33 | INFO | 💾 Enhanced signal saved: S_20250616_133333
2025-06-16 13:33:33 | INFO | ⏭️  Enhanced signal skipped: Trend too weak (below 1k threshold)
2025-06-16 13:33:33 | ERROR | ❌ Risk check failed: 'EnhancedPortfolioManager' object has no attribute 'get_portfolio_summary'
2025-06-16 13:33:33 | INFO | 
======================================================================
2025-06-16 13:33:33 | INFO | 📊 ENHANCED SYSTEM STATUS (SELL STRATEGY ENABLED)
2025-06-16 13:33:33 | INFO | ======================================================================
2025-06-16 13:33:33 | INFO | System Status: 🟢 RUNNING
2025-06-16 13:33:33 | INFO | Trading Status: 🟢 ENABLED
2025-06-16 13:33:33 | INFO | 💰 Current Capital: ₹100,000.00
2025-06-16 13:33:33 | INFO | 💸 Available Capital: ₹100,000.00
2025-06-16 13:33:33 | INFO | ⚖️  Capital at Risk (BUY): ₹0.00
2025-06-16 13:33:33 | INFO | 🏦 Margin Utilized (SELL): ₹0.00
2025-06-16 13:33:33 | INFO | 💵 Premium Collected: ₹0.00
2025-06-16 13:33:33 | INFO | 📈 Daily P&L: ₹+0.00
2025-06-16 13:33:33 | INFO | 💼 Total Active Positions: 0
2025-06-16 13:33:33 | INFO | 📊 BUY Positions: 0 | SELL Positions: 0
2025-06-16 13:33:33 | INFO | 📊 Trades Today: 0
2025-06-16 13:33:33 | INFO | 🟢 Total Risk Exposure: 0.0%
2025-06-16 13:33:34 | INFO | 📈 Real Spot Price: ₹24942.65 at 2025-06-16 13:31:36
2025-06-16 13:33:34 | INFO | 📊 Market Regime Detection:
2025-06-16 13:33:34 | INFO |    Primary Regime: POST_GAP_CONSOLIDATION
2025-06-16 13:33:34 | INFO |    Volatility: HIGH_VOLATILITY (90.0%ile)
2025-06-16 13:33:34 | INFO |    Range Status: RANGE_BOUND
2025-06-16 13:33:34 | INFO |    Recommended Strategy: SELL_PREMIUM
2025-06-16 13:33:34 | INFO | 🏛️  Market Regime: POST_GAP_CONSOLIDATION
2025-06-16 13:33:34 | INFO | 📊 Volatility: 90%ile (HIGH_VOLATILITY)
2025-06-16 13:33:34 | INFO | 🎯 Recommended Strategy: SELL_PREMIUM
2025-06-16 13:33:34 | INFO | 
🎯 ENHANCED STRATEGY THRESHOLDS:
2025-06-16 13:33:34 | INFO |   BUY Strategy (Trending Markets):
2025-06-16 13:33:34 | INFO |     SUPER_EXTREME: ±100,000 (4 lots)
2025-06-16 13:33:34 | INFO |     EXTREME: ±50,000 (3 lots)
2025-06-16 13:33:34 | INFO |   SELL Strategy (Range-bound/Low Vol):
2025-06-16 13:33:34 | INFO |     Range Detection: <2.0% price range
2025-06-16 13:33:34 | INFO |     Volatility Threshold: 15-35%ile
2025-06-16 13:33:34 | INFO |     Max SELL Positions: 2
2025-06-16 13:33:34 | INFO |     Max Margin Utilization: 60%
2025-06-16 13:33:34 | INFO | ======================================================================
2025-06-16 13:33:34 | INFO | ⏰ Loop #427: 13:33:34 [REAL DATA MODE]
2025-06-16 13:33:34 | INFO | 📊 New dashboard data detected: enhanced_tabbed_dashboard_20250616.html
2025-06-16 13:33:34 | INFO | 📊 Parsing dashboard: enhanced_tabbed_dashboard_20250616.html
2025-06-16 13:33:34 | INFO | 📈 Extracted trend: 9
2025-06-16 13:33:34 | INFO | 🎯 Confidence: 95.0%
2025-06-16 13:33:34 | INFO | 💰 Combined flow: -17.67M
2025-06-16 13:33:34 | INFO | ✅ Dashboard parsed successfully
2025-06-16 13:33:34 | INFO | 🔍 Analyzing signal...
2025-06-16 13:33:34 | INFO |    Cumulative Trend: 9
2025-06-16 13:33:34 | INFO |    Confidence: 95.0%
2025-06-16 13:33:34 | INFO |    Combined Flow: -17.67M
2025-06-16 13:33:34 | INFO |    Trend Strength: WEAK
2025-06-16 13:33:34 | INFO | ❌ SKIP SIGNAL: Trend too weak (below 1k threshold)
2025-06-16 13:33:34 | INFO | 💾 Signal saved: S_20250616_133334
2025-06-16 13:33:34 | INFO | ⏭️  Signal skipped: Trend too weak (below 1k threshold)
2025-06-16 13:33:34 | INFO | 📈 Real Spot Price: ₹24942.65 at 2025-06-16 13:31:36
2025-06-16 13:33:34 | INFO | 
==================================================
2025-06-16 13:33:34 | INFO | 📊 ENHANCED REAL-TIME DATA STATUS
2025-06-16 13:33:34 | INFO | ==================================================
2025-06-16 13:33:34 | INFO | 📈 Current Nifty Spot: ₹24942.65
2025-06-16 13:33:35 | INFO | 📈 Real Spot Price: ₹24942.65 at 2025-06-16 13:31:36
2025-06-16 13:33:35 | INFO | 📊 Market Regime Detection:
2025-06-16 13:33:35 | INFO |    Primary Regime: HIGH_VOLATILITY_TRENDING
2025-06-16 13:33:35 | INFO |    Volatility: HIGH_VOLATILITY (90.0%ile)
2025-06-16 13:33:35 | INFO |    Range Status: RANGE_BOUND
2025-06-16 13:33:35 | INFO |    Recommended Strategy: BUY_OPTIONS
2025-06-16 13:33:35 | INFO | 🏛️  Current Market Regime: HIGH_VOLATILITY_TRENDING
2025-06-16 13:33:35 | INFO | 📊 Volatility Regime: HIGH_VOLATILITY
2025-06-16 13:33:35 | INFO | 🎯 Strategy Recommendation: BUY_OPTIONS
2025-06-16 13:33:35 | INFO | 🕒 Data Source: Real-time option chain database
2025-06-16 13:33:35 | INFO | 🔄 Update Frequency: Every 5 minutes
2025-06-16 13:33:35 | INFO | 🎯 SELL Strategy: ACTIVE
2025-06-16 13:33:35 | INFO | ==================================================
2025-06-16 13:34:04 | INFO | ⏰ Loop #428: 13:34:04 [REAL DATA MODE]
2025-06-16 13:34:05 | INFO | ⏰ Enhanced Loop #421: 13:34:05 [SELL STRATEGY MODE]
2025-06-16 13:34:34 | INFO | ⏰ Loop #429: 13:34:34 [REAL DATA MODE]
2025-06-16 13:34:34 | INFO | 📊 New dashboard data detected: enhanced_tabbed_dashboard_20250616.html
2025-06-16 13:34:34 | INFO | 📊 Parsing dashboard: enhanced_tabbed_dashboard_20250616.html
2025-06-16 13:34:34 | INFO | 📈 Extracted trend: 9
2025-06-16 13:34:34 | INFO | 🎯 Confidence: 95.0%
2025-06-16 13:34:34 | INFO | 💰 Combined flow: -17.67M
2025-06-16 13:34:34 | INFO | ✅ Dashboard parsed successfully
2025-06-16 13:34:34 | INFO | 🔍 Analyzing signal...
2025-06-16 13:34:34 | INFO |    Cumulative Trend: 9
2025-06-16 13:34:34 | INFO |    Confidence: 95.0%
2025-06-16 13:34:34 | INFO |    Combined Flow: -17.67M
2025-06-16 13:34:34 | INFO |    Trend Strength: WEAK
2025-06-16 13:34:34 | INFO | ❌ SKIP SIGNAL: Trend too weak (below 1k threshold)
2025-06-16 13:34:34 | INFO | 💾 Signal saved: S_20250616_133434
2025-06-16 13:34:34 | INFO | ⏭️  Signal skipped: Trend too weak (below 1k threshold)
2025-06-16 13:34:35 | INFO | ⏰ Enhanced Loop #422: 13:34:35 [SELL STRATEGY MODE]
2025-06-16 13:34:35 | INFO | 📊 New enhanced dashboard data detected: enhanced_tabbed_dashboard_20250616.html
2025-06-16 13:34:35 | INFO | 📊 Parsing dashboard: enhanced_tabbed_dashboard_20250616.html
2025-06-16 13:34:35 | INFO | 📈 Extracted trend: 9
2025-06-16 13:34:35 | INFO | 🎯 Confidence: 95.0%
2025-06-16 13:34:35 | INFO | 💰 Combined flow: -17.67M
2025-06-16 13:34:35 | INFO | ✅ Dashboard parsed successfully
2025-06-16 13:34:35 | INFO | 🔍 Enhanced Signal Analysis...
2025-06-16 13:34:35 | INFO |    Cumulative Trend: 9
2025-06-16 13:34:35 | INFO |    Confidence: 95.0%
2025-06-16 13:34:35 | INFO |    Combined Flow: -17.67M
2025-06-16 13:34:35 | INFO | 📈 Real Spot Price: ₹24942.65 at 2025-06-16 13:31:36
2025-06-16 13:34:35 | INFO | 📊 Market Regime Detection:
2025-06-16 13:34:35 | INFO |    Primary Regime: HIGH_VOLATILITY_TRENDING
2025-06-16 13:34:35 | INFO |    Volatility: HIGH_VOLATILITY (90.0%ile)
2025-06-16 13:34:35 | INFO |    Range Status: RANGE_BOUND
2025-06-16 13:34:35 | INFO |    Recommended Strategy: BUY_OPTIONS
2025-06-16 13:34:35 | INFO |    Market Regime: HIGH_VOLATILITY_TRENDING
2025-06-16 13:34:35 | INFO |    Recommended Strategy: BUY_OPTIONS
2025-06-16 13:34:35 | INFO | 🔍 Analyzing signal...
2025-06-16 13:34:35 | INFO |    Cumulative Trend: 9
2025-06-16 13:34:35 | INFO |    Confidence: 95.0%
2025-06-16 13:34:35 | INFO |    Combined Flow: -17.67M
2025-06-16 13:34:35 | INFO |    Trend Strength: WEAK
2025-06-16 13:34:35 | INFO | ❌ SKIP SIGNAL: Trend too weak (below 1k threshold)
2025-06-16 13:34:35 | INFO | 💾 Enhanced signal saved: S_20250616_133435
2025-06-16 13:34:35 | INFO | ⏭️  Enhanced signal skipped: Trend too weak (below 1k threshold)
2025-06-16 13:35:04 | INFO | ⏰ Loop #430: 13:35:04 [REAL DATA MODE]
2025-06-16 13:35:05 | INFO | ⏰ Enhanced Loop #423: 13:35:05 [SELL STRATEGY MODE]
2025-06-16 13:35:34 | INFO | ⏰ Loop #431: 13:35:34 [REAL DATA MODE]
2025-06-16 13:35:34 | INFO | 📊 New dashboard data detected: enhanced_tabbed_dashboard_20250616.html
2025-06-16 13:35:34 | INFO | 📊 Parsing dashboard: enhanced_tabbed_dashboard_20250616.html
2025-06-16 13:35:34 | INFO | 📈 Extracted trend: 1
2025-06-16 13:35:34 | INFO | 🎯 Confidence: 95.0%
2025-06-16 13:35:34 | INFO | 💰 Combined flow: -26.04M
2025-06-16 13:35:34 | INFO | ✅ Dashboard parsed successfully
2025-06-16 13:35:34 | INFO | 🔍 Analyzing signal...
2025-06-16 13:35:34 | INFO |    Cumulative Trend: 1
2025-06-16 13:35:34 | INFO |    Confidence: 95.0%
2025-06-16 13:35:34 | INFO |    Combined Flow: -26.04M
2025-06-16 13:35:34 | INFO |    Trend Strength: WEAK
2025-06-16 13:35:34 | INFO | ❌ SKIP SIGNAL: Trend too weak (below 1k threshold)
2025-06-16 13:35:34 | INFO | 💾 Signal saved: S_20250616_133534
2025-06-16 13:35:34 | INFO | ⏭️  Signal skipped: Trend too weak (below 1k threshold)
2025-06-16 13:35:35 | INFO | ⏰ Enhanced Loop #424: 13:35:35 [SELL STRATEGY MODE]
2025-06-16 13:35:35 | INFO | 📊 New enhanced dashboard data detected: enhanced_tabbed_dashboard_20250616.html
2025-06-16 13:35:35 | INFO | 📊 Parsing dashboard: enhanced_tabbed_dashboard_20250616.html
2025-06-16 13:35:35 | INFO | 📈 Extracted trend: 1
2025-06-16 13:35:35 | INFO | 🎯 Confidence: 95.0%
2025-06-16 13:35:35 | INFO | 💰 Combined flow: -26.04M
2025-06-16 13:35:35 | INFO | ✅ Dashboard parsed successfully
2025-06-16 13:35:35 | INFO | 🔍 Enhanced Signal Analysis...
2025-06-16 13:35:35 | INFO |    Cumulative Trend: 1
2025-06-16 13:35:35 | INFO |    Confidence: 95.0%
2025-06-16 13:35:35 | INFO |    Combined Flow: -26.04M
2025-06-16 13:35:36 | INFO | 📈 Real Spot Price: ₹24942.65 at 2025-06-16 13:31:36
2025-06-16 13:35:36 | INFO | 📊 Market Regime Detection:
2025-06-16 13:35:36 | INFO |    Primary Regime: POST_GAP_CONSOLIDATION
2025-06-16 13:35:36 | INFO |    Volatility: NORMAL_VOLATILITY (50.0%ile)
2025-06-16 13:35:36 | INFO |    Range Status: RANGE_BOUND
2025-06-16 13:35:36 | INFO |    Recommended Strategy: SELL_PREMIUM
2025-06-16 13:35:36 | INFO |    Market Regime: POST_GAP_CONSOLIDATION
2025-06-16 13:35:36 | INFO |    Recommended Strategy: SELL_PREMIUM
2025-06-16 13:35:36 | INFO | ❌ SKIP SELL SIGNAL: SELL strategy requires stronger signals (minimum MODERATE)
2025-06-16 13:35:36 | INFO | 💾 Enhanced signal saved: S_20250616_133536
2025-06-16 13:35:36 | INFO | ⏭️  Enhanced signal skipped: SELL strategy requires stronger signals (minimum MODERATE)
2025-06-16 13:36:04 | INFO | ⏰ Loop #432: 13:36:04 [REAL DATA MODE]
2025-06-16 13:36:06 | INFO | ⏰ Enhanced Loop #425: 13:36:06 [SELL STRATEGY MODE]
2025-06-16 13:36:34 | INFO | ⏰ Loop #433: 13:36:34 [REAL DATA MODE]
2025-06-16 13:36:34 | INFO | 📊 New dashboard data detected: enhanced_tabbed_dashboard_20250616.html
2025-06-16 13:36:34 | INFO | 📊 Parsing dashboard: enhanced_tabbed_dashboard_20250616.html
2025-06-16 13:36:34 | INFO | 📈 Extracted trend: 1
2025-06-16 13:36:34 | INFO | 🎯 Confidence: 95.0%
2025-06-16 13:36:34 | INFO | 💰 Combined flow: -26.04M
2025-06-16 13:36:34 | INFO | ✅ Dashboard parsed successfully
2025-06-16 13:36:34 | INFO | 🔍 Analyzing signal...
2025-06-16 13:36:34 | INFO |    Cumulative Trend: 1
2025-06-16 13:36:34 | INFO |    Confidence: 95.0%
2025-06-16 13:36:34 | INFO |    Combined Flow: -26.04M
2025-06-16 13:36:34 | INFO |    Trend Strength: WEAK
2025-06-16 13:36:34 | INFO | ❌ SKIP SIGNAL: Trend too weak (below 1k threshold)
2025-06-16 13:36:34 | INFO | 💾 Signal saved: S_20250616_133634
2025-06-16 13:36:34 | INFO | ⏭️  Signal skipped: Trend too weak (below 1k threshold)
2025-06-16 13:36:36 | INFO | ⏰ Enhanced Loop #426: 13:36:36 [SELL STRATEGY MODE]
2025-06-16 13:36:36 | INFO | 📊 New enhanced dashboard data detected: enhanced_tabbed_dashboard_20250616.html
2025-06-16 13:36:36 | INFO | 📊 Parsing dashboard: enhanced_tabbed_dashboard_20250616.html
2025-06-16 13:36:36 | INFO | 📈 Extracted trend: 1
2025-06-16 13:36:36 | INFO | 🎯 Confidence: 95.0%
2025-06-16 13:36:36 | INFO | 💰 Combined flow: -26.04M
2025-06-16 13:36:36 | INFO | ✅ Dashboard parsed successfully
2025-06-16 13:36:36 | INFO | 🔍 Enhanced Signal Analysis...
2025-06-16 13:36:36 | INFO |    Cumulative Trend: 1
2025-06-16 13:36:36 | INFO |    Confidence: 95.0%
2025-06-16 13:36:36 | INFO |    Combined Flow: -26.04M
2025-06-16 13:36:37 | INFO | 📈 Real Spot Price: ₹24942.65 at 2025-06-16 13:31:36
2025-06-16 13:36:37 | INFO | 📊 Market Regime Detection:
2025-06-16 13:36:37 | INFO |    Primary Regime: RANGE_BOUND_LOW_VOL
2025-06-16 13:36:37 | INFO |    Volatility: LOW_VOLATILITY (20.0%ile)
2025-06-16 13:36:37 | INFO |    Range Status: RANGE_BOUND
2025-06-16 13:36:37 | INFO |    Recommended Strategy: SELL_PREMIUM
2025-06-16 13:36:37 | INFO |    Market Regime: RANGE_BOUND_LOW_VOL
2025-06-16 13:36:37 | INFO |    Recommended Strategy: SELL_PREMIUM
2025-06-16 13:36:37 | INFO | ❌ SKIP SELL SIGNAL: SELL strategy requires stronger signals (minimum MODERATE)
2025-06-16 13:36:37 | INFO | 💾 Enhanced signal saved: S_20250616_133637
2025-06-16 13:36:37 | INFO | ⏭️  Enhanced signal skipped: SELL strategy requires stronger signals (minimum MODERATE)
2025-06-16 13:37:04 | INFO | ⏰ Loop #434: 13:37:04 [REAL DATA MODE]
2025-06-16 13:37:07 | INFO | ⏰ Enhanced Loop #427: 13:37:07 [SELL STRATEGY MODE]
2025-06-16 13:37:34 | INFO | ⏰ Loop #435: 13:37:34 [REAL DATA MODE]
2025-06-16 13:37:34 | INFO | 📊 New dashboard data detected: enhanced_tabbed_dashboard_20250616.html
2025-06-16 13:37:34 | INFO | 📊 Parsing dashboard: enhanced_tabbed_dashboard_20250616.html
2025-06-16 13:37:34 | INFO | 📈 Extracted trend: 1
2025-06-16 13:37:34 | INFO | 🎯 Confidence: 95.0%
2025-06-16 13:37:34 | INFO | 💰 Combined flow: -26.04M
2025-06-16 13:37:34 | INFO | ✅ Dashboard parsed successfully
2025-06-16 13:37:34 | INFO | 🔍 Analyzing signal...
2025-06-16 13:37:34 | INFO |    Cumulative Trend: 1
2025-06-16 13:37:34 | INFO |    Confidence: 95.0%
2025-06-16 13:37:34 | INFO |    Combined Flow: -26.04M
2025-06-16 13:37:34 | INFO |    Trend Strength: WEAK
2025-06-16 13:37:34 | INFO | ❌ SKIP SIGNAL: Trend too weak (below 1k threshold)
2025-06-16 13:37:34 | INFO | 💾 Signal saved: S_20250616_133734
2025-06-16 13:37:34 | INFO | ⏭️  Signal skipped: Trend too weak (below 1k threshold)
2025-06-16 13:37:37 | INFO | ⏰ Enhanced Loop #428: 13:37:37 [SELL STRATEGY MODE]
2025-06-16 13:37:37 | INFO | 📊 New enhanced dashboard data detected: enhanced_tabbed_dashboard_20250616.html
2025-06-16 13:37:37 | INFO | 📊 Parsing dashboard: enhanced_tabbed_dashboard_20250616.html
2025-06-16 13:37:37 | INFO | 📈 Extracted trend: 1
2025-06-16 13:37:37 | INFO | 🎯 Confidence: 95.0%
2025-06-16 13:37:37 | INFO | 💰 Combined flow: -26.04M
2025-06-16 13:37:37 | INFO | ✅ Dashboard parsed successfully
2025-06-16 13:37:37 | INFO | 🔍 Enhanced Signal Analysis...
2025-06-16 13:37:37 | INFO |    Cumulative Trend: 1
2025-06-16 13:37:37 | INFO |    Confidence: 95.0%
2025-06-16 13:37:37 | INFO |    Combined Flow: -26.04M
2025-06-16 13:37:37 | INFO | 📈 Real Spot Price: ₹24945.15 at 2025-06-16 13:36:42
2025-06-16 13:37:37 | INFO | 📊 Market Regime Detection:
2025-06-16 13:37:37 | INFO |    Primary Regime: HIGH_VOLATILITY_TRENDING
2025-06-16 13:37:37 | INFO |    Volatility: HIGH_VOLATILITY (90.0%ile)
2025-06-16 13:37:37 | INFO |    Range Status: RANGE_BOUND
2025-06-16 13:37:37 | INFO |    Recommended Strategy: BUY_OPTIONS
2025-06-16 13:37:37 | INFO |    Market Regime: HIGH_VOLATILITY_TRENDING
2025-06-16 13:37:37 | INFO |    Recommended Strategy: BUY_OPTIONS
2025-06-16 13:37:37 | INFO | 🔍 Analyzing signal...
2025-06-16 13:37:37 | INFO |    Cumulative Trend: 1
2025-06-16 13:37:37 | INFO |    Confidence: 95.0%
2025-06-16 13:37:37 | INFO |    Combined Flow: -26.04M
2025-06-16 13:37:37 | INFO |    Trend Strength: WEAK
2025-06-16 13:37:37 | INFO | ❌ SKIP SIGNAL: Trend too weak (below 1k threshold)
2025-06-16 13:37:37 | INFO | 💾 Enhanced signal saved: S_20250616_133737
2025-06-16 13:37:37 | INFO | ⏭️  Enhanced signal skipped: Trend too weak (below 1k threshold)
2025-06-16 13:38:04 | INFO | ⏰ Loop #436: 13:38:04 [REAL DATA MODE]
2025-06-16 13:38:07 | INFO | ⏰ Enhanced Loop #429: 13:38:07 [SELL STRATEGY MODE]
2025-06-16 13:38:34 | INFO | ⏰ Loop #437: 13:38:34 [REAL DATA MODE]
2025-06-16 13:38:34 | INFO | 📊 New dashboard data detected: enhanced_tabbed_dashboard_20250616.html
2025-06-16 13:38:34 | INFO | 📊 Parsing dashboard: enhanced_tabbed_dashboard_20250616.html
2025-06-16 13:38:34 | INFO | 📈 Extracted trend: 13
2025-06-16 13:38:34 | INFO | 🎯 Confidence: 95.0%
2025-06-16 13:38:34 | INFO | 💰 Combined flow: 12.10M
2025-06-16 13:38:34 | INFO | ✅ Dashboard parsed successfully
2025-06-16 13:38:34 | INFO | 🔍 Analyzing signal...
2025-06-16 13:38:34 | INFO |    Cumulative Trend: 13
2025-06-16 13:38:34 | INFO |    Confidence: 95.0%
2025-06-16 13:38:34 | INFO |    Combined Flow: +12.10M
2025-06-16 13:38:34 | INFO |    Trend Strength: WEAK
2025-06-16 13:38:34 | INFO | ❌ SKIP SIGNAL: Trend too weak (below 1k threshold)
2025-06-16 13:38:34 | INFO | 💾 Signal saved: S_20250616_133834
2025-06-16 13:38:34 | INFO | ⏭️  Signal skipped: Trend too weak (below 1k threshold)
2025-06-16 13:38:37 | INFO | ⏰ Enhanced Loop #430: 13:38:37 [SELL STRATEGY MODE]
2025-06-16 13:38:37 | INFO | 📊 New enhanced dashboard data detected: enhanced_tabbed_dashboard_20250616.html
2025-06-16 13:38:37 | INFO | 📊 Parsing dashboard: enhanced_tabbed_dashboard_20250616.html
2025-06-16 13:38:37 | INFO | 📈 Extracted trend: 13
2025-06-16 13:38:37 | INFO | 🎯 Confidence: 95.0%
2025-06-16 13:38:37 | INFO | 💰 Combined flow: 12.10M
2025-06-16 13:38:37 | INFO | ✅ Dashboard parsed successfully
2025-06-16 13:38:37 | INFO | 🔍 Enhanced Signal Analysis...
2025-06-16 13:38:37 | INFO |    Cumulative Trend: 13
2025-06-16 13:38:37 | INFO |    Confidence: 95.0%
2025-06-16 13:38:37 | INFO |    Combined Flow: +12.10M
2025-06-16 13:38:38 | INFO | 📈 Real Spot Price: ₹24945.15 at 2025-06-16 13:36:42
2025-06-16 13:38:38 | INFO | 📊 Market Regime Detection:
2025-06-16 13:38:38 | INFO |    Primary Regime: RANGE_BOUND_LOW_VOL
2025-06-16 13:38:38 | INFO |    Volatility: LOW_VOLATILITY (20.0%ile)
2025-06-16 13:38:38 | INFO |    Range Status: RANGE_BOUND
2025-06-16 13:38:38 | INFO |    Recommended Strategy: SELL_PREMIUM
2025-06-16 13:38:38 | INFO |    Market Regime: RANGE_BOUND_LOW_VOL
2025-06-16 13:38:38 | INFO |    Recommended Strategy: SELL_PREMIUM
2025-06-16 13:38:38 | INFO | ❌ SKIP SELL SIGNAL: SELL strategy requires stronger signals (minimum MODERATE)
2025-06-16 13:38:38 | INFO | 💾 Enhanced signal saved: S_20250616_133838
2025-06-16 13:38:38 | INFO | ⏭️  Enhanced signal skipped: SELL strategy requires stronger signals (minimum MODERATE)
2025-06-16 13:38:38 | ERROR | ❌ Risk check failed: 'EnhancedPortfolioManager' object has no attribute 'get_portfolio_summary'
2025-06-16 13:39:04 | INFO | ⏰ Loop #438: 13:39:04 [REAL DATA MODE]
2025-06-16 13:39:08 | INFO | ⏰ Enhanced Loop #431: 13:39:08 [SELL STRATEGY MODE]
2025-06-16 13:39:34 | INFO | ⏰ Loop #439: 13:39:34 [REAL DATA MODE]
2025-06-16 13:39:38 | INFO | ⏰ Enhanced Loop #432: 13:39:38 [SELL STRATEGY MODE]
2025-06-16 13:39:38 | INFO | 📊 New enhanced dashboard data detected: enhanced_tabbed_dashboard_20250616.html
2025-06-16 13:39:38 | INFO | 📊 Parsing dashboard: enhanced_tabbed_dashboard_20250616.html
2025-06-16 13:39:38 | INFO | 📈 Extracted trend: 13
2025-06-16 13:39:38 | INFO | 🎯 Confidence: 95.0%
2025-06-16 13:39:38 | INFO | 💰 Combined flow: 12.10M
2025-06-16 13:39:38 | INFO | ✅ Dashboard parsed successfully
2025-06-16 13:39:38 | INFO | 🔍 Enhanced Signal Analysis...
2025-06-16 13:39:38 | INFO |    Cumulative Trend: 13
2025-06-16 13:39:38 | INFO |    Confidence: 95.0%
2025-06-16 13:39:38 | INFO |    Combined Flow: +12.10M
2025-06-16 13:39:39 | INFO | 📈 Real Spot Price: ₹24945.15 at 2025-06-16 13:36:42
2025-06-16 13:39:39 | INFO | 📊 Market Regime Detection:
2025-06-16 13:39:39 | INFO |    Primary Regime: RANGE_BOUND_LOW_VOL
2025-06-16 13:39:39 | INFO |    Volatility: LOW_VOLATILITY (20.0%ile)
2025-06-16 13:39:39 | INFO |    Range Status: RANGE_BOUND
2025-06-16 13:39:39 | INFO |    Recommended Strategy: SELL_PREMIUM
2025-06-16 13:39:39 | INFO |    Market Regime: RANGE_BOUND_LOW_VOL
2025-06-16 13:39:39 | INFO |    Recommended Strategy: SELL_PREMIUM
2025-06-16 13:39:39 | INFO | ❌ SKIP SELL SIGNAL: SELL strategy requires stronger signals (minimum MODERATE)
2025-06-16 13:39:39 | INFO | 💾 Enhanced signal saved: S_20250616_133939
2025-06-16 13:39:39 | INFO | ⏭️  Enhanced signal skipped: SELL strategy requires stronger signals (minimum MODERATE)
2025-06-16 13:40:04 | INFO | ⏰ Loop #440: 13:40:04 [REAL DATA MODE]
2025-06-16 13:40:04 | INFO | 📊 New dashboard data detected: enhanced_tabbed_dashboard_20250616.html
2025-06-16 13:40:04 | INFO | 📊 Parsing dashboard: enhanced_tabbed_dashboard_20250616.html
2025-06-16 13:40:04 | INFO | 📈 Extracted trend: 13
2025-06-16 13:40:04 | INFO | 🎯 Confidence: 95.0%
2025-06-16 13:40:04 | INFO | 💰 Combined flow: 12.10M
2025-06-16 13:40:04 | INFO | ✅ Dashboard parsed successfully
2025-06-16 13:40:04 | INFO | 🔍 Analyzing signal...
2025-06-16 13:40:04 | INFO |    Cumulative Trend: 13
2025-06-16 13:40:04 | INFO |    Confidence: 95.0%
2025-06-16 13:40:04 | INFO |    Combined Flow: +12.10M
2025-06-16 13:40:04 | INFO |    Trend Strength: WEAK
2025-06-16 13:40:04 | INFO | ❌ SKIP SIGNAL: Trend too weak (below 1k threshold)
2025-06-16 13:40:04 | INFO | 💾 Signal saved: S_20250616_134004
2025-06-16 13:40:04 | INFO | ⏭️  Signal skipped: Trend too weak (below 1k threshold)
2025-06-16 13:40:04 | INFO | 
======================================================================
2025-06-16 13:40:04 | INFO | 📊 ENHANCED SYSTEM STATUS
2025-06-16 13:40:04 | INFO | ======================================================================
2025-06-16 13:40:04 | INFO | System Status: 🟢 RUNNING
2025-06-16 13:40:04 | INFO | Trading Status: 🟢 ENABLED
2025-06-16 13:40:04 | INFO | 💰 Current Capital: ₹100,000.00
2025-06-16 13:40:04 | INFO | 💸 Available Capital: ₹100,000.00
2025-06-16 13:40:04 | INFO | ⚖️  Capital at Risk: ₹0.00
2025-06-16 13:40:04 | INFO | 📈 Daily P&L: ₹+0.00
2025-06-16 13:40:04 | INFO | 💼 Active Positions: 0
2025-06-16 13:40:04 | INFO | 📊 Trades Today: 0
2025-06-16 13:40:04 | INFO | 🟢 Risk Exposure: 0.0%
2025-06-16 13:40:04 | INFO | 📊 Latest Dashboard: enhanced_tabbed_dashboard_20250616.html
2025-06-16 13:40:04 | INFO | 🕒 Dashboard Modified: 2025-06-16 13:39:35
2025-06-16 13:40:04 | INFO | 📡 Signals Today: 211
2025-06-16 13:40:04 | INFO | 🕒 Last Check: 13:40:04
2025-06-16 13:40:04 | INFO | 
🎯 SIGNAL THRESHOLDS:
2025-06-16 13:40:04 | INFO |    SUPER_EXTREME: ±100,000 (4 lots)
2025-06-16 13:40:04 | INFO |    EXTREME: ±50,000 (3 lots)
2025-06-16 13:40:04 | INFO |    STRONG:  ±15,000 (2 lots)
2025-06-16 13:40:04 | INFO |    MODERATE: ±5,000 (1 lot)
2025-06-16 13:40:04 | INFO | ======================================================================
2025-06-16 13:40:05 | INFO | 
==================================================
2025-06-16 13:40:05 | INFO | 📊 REAL-TIME DATA STATUS
2025-06-16 13:40:05 | INFO | ==================================================
2025-06-16 13:40:05 | INFO | 📈 Current Nifty Spot: ₹24945.15
2025-06-16 13:40:05 | INFO | 🕒 Data Source: Real-time option chain database
2025-06-16 13:40:05 | INFO | 🔄 Update Frequency: Every 5 minutes
2025-06-16 13:40:05 | INFO | ==================================================
2025-06-16 13:40:09 | INFO | ⏰ Enhanced Loop #433: 13:40:09 [SELL STRATEGY MODE]
2025-06-16 13:40:35 | INFO | ⏰ Loop #441: 13:40:35 [REAL DATA MODE]
2025-06-16 13:40:39 | INFO | ⏰ Enhanced Loop #434: 13:40:39 [SELL STRATEGY MODE]
2025-06-16 13:40:39 | INFO | 📊 New enhanced dashboard data detected: enhanced_tabbed_dashboard_20250616.html
2025-06-16 13:40:39 | INFO | 📊 Parsing dashboard: enhanced_tabbed_dashboard_20250616.html
2025-06-16 13:40:39 | INFO | 📈 Extracted trend: 13
2025-06-16 13:40:39 | INFO | 🎯 Confidence: 95.0%
2025-06-16 13:40:39 | INFO | 💰 Combined flow: 12.10M
2025-06-16 13:40:39 | INFO | ✅ Dashboard parsed successfully
2025-06-16 13:40:39 | INFO | 🔍 Enhanced Signal Analysis...
2025-06-16 13:40:39 | INFO |    Cumulative Trend: 13
2025-06-16 13:40:39 | INFO |    Confidence: 95.0%
2025-06-16 13:40:39 | INFO |    Combined Flow: +12.10M
2025-06-16 13:40:40 | INFO | 📈 Real Spot Price: ₹24945.15 at 2025-06-16 13:36:42
2025-06-16 13:40:40 | INFO | 📊 Market Regime Detection:
2025-06-16 13:40:40 | INFO |    Primary Regime: HIGH_VOLATILITY_TRENDING
2025-06-16 13:40:40 | INFO |    Volatility: HIGH_VOLATILITY (80.0%ile)
2025-06-16 13:40:40 | INFO |    Range Status: RANGE_BOUND
2025-06-16 13:40:40 | INFO |    Recommended Strategy: BUY_OPTIONS
2025-06-16 13:40:40 | INFO |    Market Regime: HIGH_VOLATILITY_TRENDING
2025-06-16 13:40:40 | INFO |    Recommended Strategy: BUY_OPTIONS
2025-06-16 13:40:40 | INFO | 🔍 Analyzing signal...
2025-06-16 13:40:40 | INFO |    Cumulative Trend: 13
2025-06-16 13:40:40 | INFO |    Confidence: 95.0%
2025-06-16 13:40:40 | INFO |    Combined Flow: +12.10M
2025-06-16 13:40:40 | INFO |    Trend Strength: WEAK
2025-06-16 13:40:40 | INFO | ❌ SKIP SIGNAL: Trend too weak (below 1k threshold)
2025-06-16 13:40:40 | INFO | 💾 Enhanced signal saved: S_20250616_134040
2025-06-16 13:40:40 | INFO | ⏭️  Enhanced signal skipped: Trend too weak (below 1k threshold)
2025-06-16 13:41:05 | INFO | ⏰ Loop #442: 13:41:05 [REAL DATA MODE]
2025-06-16 13:41:05 | INFO | 📊 New dashboard data detected: enhanced_tabbed_dashboard_20250616.html
2025-06-16 13:41:05 | INFO | 📊 Parsing dashboard: enhanced_tabbed_dashboard_20250616.html
2025-06-16 13:41:05 | INFO | 📈 Extracted trend: 13
2025-06-16 13:41:05 | INFO | 🎯 Confidence: 95.0%
2025-06-16 13:41:05 | INFO | 💰 Combined flow: 12.10M
2025-06-16 13:41:05 | INFO | ✅ Dashboard parsed successfully
2025-06-16 13:41:05 | INFO | 🔍 Analyzing signal...
2025-06-16 13:41:05 | INFO |    Cumulative Trend: 13
2025-06-16 13:41:05 | INFO |    Confidence: 95.0%
2025-06-16 13:41:05 | INFO |    Combined Flow: +12.10M
2025-06-16 13:41:05 | INFO |    Trend Strength: WEAK
2025-06-16 13:41:05 | INFO | ❌ SKIP SIGNAL: Trend too weak (below 1k threshold)
2025-06-16 13:41:05 | INFO | 💾 Signal saved: S_20250616_134105
2025-06-16 13:41:05 | INFO | ⏭️  Signal skipped: Trend too weak (below 1k threshold)
2025-06-16 13:41:10 | INFO | ⏰ Enhanced Loop #435: 13:41:10 [SELL STRATEGY MODE]
2025-06-16 13:41:35 | INFO | ⏰ Loop #443: 13:41:35 [REAL DATA MODE]
2025-06-16 13:41:40 | INFO | ⏰ Enhanced Loop #436: 13:41:40 [SELL STRATEGY MODE]
2025-06-16 13:41:40 | INFO | 📊 New enhanced dashboard data detected: enhanced_tabbed_dashboard_20250616.html
2025-06-16 13:41:40 | INFO | 📊 Parsing dashboard: enhanced_tabbed_dashboard_20250616.html
2025-06-16 13:41:40 | INFO | 📈 Extracted trend: 13
2025-06-16 13:41:40 | INFO | 🎯 Confidence: 95.0%
2025-06-16 13:41:40 | INFO | 💰 Combined flow: 0.17M
2025-06-16 13:41:40 | INFO | ✅ Dashboard parsed successfully
2025-06-16 13:41:40 | INFO | 🔍 Enhanced Signal Analysis...
2025-06-16 13:41:40 | INFO |    Cumulative Trend: 13
2025-06-16 13:41:40 | INFO |    Confidence: 95.0%
2025-06-16 13:41:40 | INFO |    Combined Flow: +0.17M
2025-06-16 13:41:40 | INFO | 📈 Real Spot Price: ₹24945.15 at 2025-06-16 13:36:42
2025-06-16 13:41:40 | INFO | 📊 Market Regime Detection:
2025-06-16 13:41:40 | INFO |    Primary Regime: NORMAL_TRENDING
2025-06-16 13:41:40 | INFO |    Volatility: NORMAL_VOLATILITY (60.0%ile)
2025-06-16 13:41:40 | INFO |    Range Status: RANGE_BOUND
2025-06-16 13:41:40 | INFO |    Recommended Strategy: BUY_OPTIONS
2025-06-16 13:41:40 | INFO |    Market Regime: NORMAL_TRENDING
2025-06-16 13:41:40 | INFO |    Recommended Strategy: BUY_OPTIONS
2025-06-16 13:41:40 | INFO | 🔍 Analyzing signal...
2025-06-16 13:41:40 | INFO |    Cumulative Trend: 13
2025-06-16 13:41:40 | INFO |    Confidence: 95.0%
2025-06-16 13:41:40 | INFO |    Combined Flow: +0.17M
2025-06-16 13:41:40 | INFO |    Trend Strength: WEAK
2025-06-16 13:41:40 | INFO | ❌ SKIP SIGNAL: Trend too weak (below 1k threshold)
2025-06-16 13:41:40 | INFO | 💾 Enhanced signal saved: S_20250616_134140
2025-06-16 13:41:40 | INFO | ⏭️  Enhanced signal skipped: Trend too weak (below 1k threshold)
2025-06-16 13:42:05 | INFO | ⏰ Loop #444: 13:42:05 [REAL DATA MODE]
2025-06-16 13:42:05 | INFO | 📊 New dashboard data detected: enhanced_tabbed_dashboard_20250616.html
2025-06-16 13:42:05 | INFO | 📊 Parsing dashboard: enhanced_tabbed_dashboard_20250616.html
2025-06-16 13:42:05 | INFO | 📈 Extracted trend: 13
2025-06-16 13:42:05 | INFO | 🎯 Confidence: 95.0%
2025-06-16 13:42:05 | INFO | 💰 Combined flow: 0.17M
2025-06-16 13:42:05 | INFO | ✅ Dashboard parsed successfully
2025-06-16 13:42:05 | INFO | 🔍 Analyzing signal...
2025-06-16 13:42:05 | INFO |    Cumulative Trend: 13
2025-06-16 13:42:05 | INFO |    Confidence: 95.0%
2025-06-16 13:42:05 | INFO |    Combined Flow: +0.17M
2025-06-16 13:42:05 | INFO |    Trend Strength: WEAK
2025-06-16 13:42:05 | INFO | ❌ SKIP SIGNAL: Trend too weak (below 1k threshold)
2025-06-16 13:42:05 | INFO | 💾 Signal saved: S_20250616_134205
2025-06-16 13:42:05 | INFO | ⏭️  Signal skipped: Trend too weak (below 1k threshold)
2025-06-16 13:42:10 | INFO | ⏰ Enhanced Loop #437: 13:42:10 [SELL STRATEGY MODE]
2025-06-16 13:42:35 | INFO | ⏰ Loop #445: 13:42:35 [REAL DATA MODE]
2025-06-16 13:42:40 | INFO | ⏰ Enhanced Loop #438: 13:42:40 [SELL STRATEGY MODE]
2025-06-16 13:42:40 | INFO | 📊 New enhanced dashboard data detected: enhanced_tabbed_dashboard_20250616.html
2025-06-16 13:42:40 | INFO | 📊 Parsing dashboard: enhanced_tabbed_dashboard_20250616.html
2025-06-16 13:42:40 | INFO | 📈 Extracted trend: 13
2025-06-16 13:42:40 | INFO | 🎯 Confidence: 95.0%
2025-06-16 13:42:40 | INFO | 💰 Combined flow: 0.17M
2025-06-16 13:42:40 | INFO | ✅ Dashboard parsed successfully
2025-06-16 13:42:40 | INFO | 🔍 Enhanced Signal Analysis...
2025-06-16 13:42:40 | INFO |    Cumulative Trend: 13
2025-06-16 13:42:40 | INFO |    Confidence: 95.0%
2025-06-16 13:42:40 | INFO |    Combined Flow: +0.17M
2025-06-16 13:42:41 | INFO | 📈 Real Spot Price: ₹24950.30 at 2025-06-16 13:41:47
2025-06-16 13:42:41 | INFO | 📊 Market Regime Detection:
2025-06-16 13:42:41 | INFO |    Primary Regime: HIGH_VOLATILITY_TRENDING
2025-06-16 13:42:41 | INFO |    Volatility: HIGH_VOLATILITY (90.0%ile)
2025-06-16 13:42:41 | INFO |    Range Status: RANGE_BOUND
2025-06-16 13:42:41 | INFO |    Recommended Strategy: BUY_OPTIONS
2025-06-16 13:42:41 | INFO |    Market Regime: HIGH_VOLATILITY_TRENDING
2025-06-16 13:42:41 | INFO |    Recommended Strategy: BUY_OPTIONS
2025-06-16 13:42:41 | INFO | 🔍 Analyzing signal...
2025-06-16 13:42:41 | INFO |    Cumulative Trend: 13
2025-06-16 13:42:41 | INFO |    Confidence: 95.0%
2025-06-16 13:42:41 | INFO |    Combined Flow: +0.17M
2025-06-16 13:42:41 | INFO |    Trend Strength: WEAK
2025-06-16 13:42:41 | INFO | ❌ SKIP SIGNAL: Trend too weak (below 1k threshold)
2025-06-16 13:42:41 | INFO | 💾 Enhanced signal saved: S_20250616_134241
2025-06-16 13:42:41 | INFO | ⏭️  Enhanced signal skipped: Trend too weak (below 1k threshold)
2025-06-16 13:43:05 | INFO | ⏰ Loop #446: 13:43:05 [REAL DATA MODE]
2025-06-16 13:43:05 | INFO | 📊 New dashboard data detected: enhanced_tabbed_dashboard_20250616.html
2025-06-16 13:43:05 | INFO | 📊 Parsing dashboard: enhanced_tabbed_dashboard_20250616.html
2025-06-16 13:43:05 | INFO | 📈 Extracted trend: 13
2025-06-16 13:43:05 | INFO | 🎯 Confidence: 95.0%
2025-06-16 13:43:05 | INFO | 💰 Combined flow: 0.17M
2025-06-16 13:43:05 | INFO | ✅ Dashboard parsed successfully
2025-06-16 13:43:05 | INFO | 🔍 Analyzing signal...
2025-06-16 13:43:05 | INFO |    Cumulative Trend: 13
2025-06-16 13:43:05 | INFO |    Confidence: 95.0%
2025-06-16 13:43:05 | INFO |    Combined Flow: +0.17M
2025-06-16 13:43:05 | INFO |    Trend Strength: WEAK
2025-06-16 13:43:05 | INFO | ❌ SKIP SIGNAL: Trend too weak (below 1k threshold)
2025-06-16 13:43:05 | INFO | 💾 Signal saved: S_20250616_134305
2025-06-16 13:43:05 | INFO | ⏭️  Signal skipped: Trend too weak (below 1k threshold)
2025-06-16 13:43:11 | INFO | ⏰ Enhanced Loop #439: 13:43:11 [SELL STRATEGY MODE]
2025-06-16 13:43:35 | INFO | ⏰ Loop #447: 13:43:35 [REAL DATA MODE]
2025-06-16 13:43:41 | INFO | ⏰ Enhanced Loop #440: 13:43:41 [SELL STRATEGY MODE]
2025-06-16 13:43:41 | INFO | 📊 New enhanced dashboard data detected: enhanced_tabbed_dashboard_20250616.html
2025-06-16 13:43:41 | INFO | 📊 Parsing dashboard: enhanced_tabbed_dashboard_20250616.html
2025-06-16 13:43:41 | INFO | 📈 Extracted trend: 13
2025-06-16 13:43:41 | INFO | 🎯 Confidence: 95.0%
2025-06-16 13:43:41 | INFO | 💰 Combined flow: 0.17M
2025-06-16 13:43:41 | INFO | ✅ Dashboard parsed successfully
2025-06-16 13:43:41 | INFO | 🔍 Enhanced Signal Analysis...
2025-06-16 13:43:41 | INFO |    Cumulative Trend: 13
2025-06-16 13:43:41 | INFO |    Confidence: 95.0%
2025-06-16 13:43:41 | INFO |    Combined Flow: +0.17M
2025-06-16 13:43:42 | INFO | 📈 Real Spot Price: ₹24950.30 at 2025-06-16 13:41:47
2025-06-16 13:43:42 | INFO | 📊 Market Regime Detection:
2025-06-16 13:43:42 | INFO |    Primary Regime: HIGH_VOLATILITY_TRENDING
2025-06-16 13:43:42 | INFO |    Volatility: HIGH_VOLATILITY (80.0%ile)
2025-06-16 13:43:42 | INFO |    Range Status: RANGE_BOUND
2025-06-16 13:43:42 | INFO |    Recommended Strategy: BUY_OPTIONS
2025-06-16 13:43:42 | INFO |    Market Regime: HIGH_VOLATILITY_TRENDING
2025-06-16 13:43:42 | INFO |    Recommended Strategy: BUY_OPTIONS
2025-06-16 13:43:42 | INFO | 🔍 Analyzing signal...
2025-06-16 13:43:42 | INFO |    Cumulative Trend: 13
2025-06-16 13:43:42 | INFO |    Confidence: 95.0%
2025-06-16 13:43:42 | INFO |    Combined Flow: +0.17M
2025-06-16 13:43:42 | INFO |    Trend Strength: WEAK
2025-06-16 13:43:42 | INFO | ❌ SKIP SIGNAL: Trend too weak (below 1k threshold)
2025-06-16 13:43:42 | INFO | 💾 Enhanced signal saved: S_20250616_134342
2025-06-16 13:43:42 | INFO | ⏭️  Enhanced signal skipped: Trend too weak (below 1k threshold)
2025-06-16 13:43:42 | ERROR | ❌ Risk check failed: 'EnhancedPortfolioManager' object has no attribute 'get_portfolio_summary'
2025-06-16 13:43:42 | INFO | 
======================================================================
2025-06-16 13:43:42 | INFO | 📊 ENHANCED SYSTEM STATUS (SELL STRATEGY ENABLED)
2025-06-16 13:43:42 | INFO | ======================================================================
2025-06-16 13:43:42 | INFO | System Status: 🟢 RUNNING
2025-06-16 13:43:42 | INFO | Trading Status: 🟢 ENABLED
2025-06-16 13:43:42 | INFO | 💰 Current Capital: ₹100,000.00
2025-06-16 13:43:42 | INFO | 💸 Available Capital: ₹100,000.00
2025-06-16 13:43:42 | INFO | ⚖️  Capital at Risk (BUY): ₹0.00
2025-06-16 13:43:42 | INFO | 🏦 Margin Utilized (SELL): ₹0.00
2025-06-16 13:43:42 | INFO | 💵 Premium Collected: ₹0.00
2025-06-16 13:43:42 | INFO | 📈 Daily P&L: ₹+0.00
2025-06-16 13:43:42 | INFO | 💼 Total Active Positions: 0
2025-06-16 13:43:42 | INFO | 📊 BUY Positions: 0 | SELL Positions: 0
2025-06-16 13:43:42 | INFO | 📊 Trades Today: 0
2025-06-16 13:43:42 | INFO | 🟢 Total Risk Exposure: 0.0%
2025-06-16 13:43:42 | INFO | 📈 Real Spot Price: ₹24950.30 at 2025-06-16 13:41:47
2025-06-16 13:43:42 | INFO | 📊 Market Regime Detection:
2025-06-16 13:43:42 | INFO |    Primary Regime: NORMAL_TRENDING
2025-06-16 13:43:42 | INFO |    Volatility: NORMAL_VOLATILITY (30.0%ile)
2025-06-16 13:43:42 | INFO |    Range Status: RANGE_BOUND
2025-06-16 13:43:42 | INFO |    Recommended Strategy: BUY_OPTIONS
2025-06-16 13:43:42 | INFO | 🏛️  Market Regime: NORMAL_TRENDING
2025-06-16 13:43:42 | INFO | 📊 Volatility: 30%ile (NORMAL_VOLATILITY)
2025-06-16 13:43:42 | INFO | 🎯 Recommended Strategy: BUY_OPTIONS
2025-06-16 13:43:42 | INFO | 
🎯 ENHANCED STRATEGY THRESHOLDS:
2025-06-16 13:43:42 | INFO |   BUY Strategy (Trending Markets):
2025-06-16 13:43:42 | INFO |     SUPER_EXTREME: ±100,000 (4 lots)
2025-06-16 13:43:42 | INFO |     EXTREME: ±50,000 (3 lots)
2025-06-16 13:43:42 | INFO |   SELL Strategy (Range-bound/Low Vol):
2025-06-16 13:43:42 | INFO |     Range Detection: <2.0% price range
2025-06-16 13:43:42 | INFO |     Volatility Threshold: 15-35%ile
2025-06-16 13:43:42 | INFO |     Max SELL Positions: 2
2025-06-16 13:43:42 | INFO |     Max Margin Utilization: 60%
2025-06-16 13:43:42 | INFO | ======================================================================
2025-06-16 13:43:43 | INFO | 📈 Real Spot Price: ₹24950.30 at 2025-06-16 13:41:47
2025-06-16 13:43:43 | INFO | 
==================================================
2025-06-16 13:43:43 | INFO | 📊 ENHANCED REAL-TIME DATA STATUS
2025-06-16 13:43:43 | INFO | ==================================================
2025-06-16 13:43:43 | INFO | 📈 Current Nifty Spot: ₹24950.30
2025-06-16 13:43:44 | INFO | 📈 Real Spot Price: ₹24950.30 at 2025-06-16 13:41:47
2025-06-16 13:43:44 | INFO | 📊 Market Regime Detection:
2025-06-16 13:43:44 | INFO |    Primary Regime: NORMAL_TRENDING
2025-06-16 13:43:44 | INFO |    Volatility: NORMAL_VOLATILITY (60.0%ile)
2025-06-16 13:43:44 | INFO |    Range Status: RANGE_BOUND
2025-06-16 13:43:44 | INFO |    Recommended Strategy: BUY_OPTIONS
2025-06-16 13:43:44 | INFO | 🏛️  Current Market Regime: NORMAL_TRENDING
2025-06-16 13:43:44 | INFO | 📊 Volatility Regime: NORMAL_VOLATILITY
2025-06-16 13:43:44 | INFO | 🎯 Strategy Recommendation: BUY_OPTIONS
2025-06-16 13:43:44 | INFO | 🕒 Data Source: Real-time option chain database
2025-06-16 13:43:44 | INFO | 🔄 Update Frequency: Every 5 minutes
2025-06-16 13:43:44 | INFO | 🎯 SELL Strategy: ACTIVE
2025-06-16 13:43:44 | INFO | ==================================================
2025-06-16 13:44:05 | INFO | ⏰ Loop #448: 13:44:05 [REAL DATA MODE]
2025-06-16 13:44:05 | INFO | 📊 New dashboard data detected: enhanced_tabbed_dashboard_20250616.html
2025-06-16 13:44:05 | INFO | 📊 Parsing dashboard: enhanced_tabbed_dashboard_20250616.html
2025-06-16 13:44:05 | INFO | 📈 Extracted trend: 13
2025-06-16 13:44:05 | INFO | 🎯 Confidence: 95.0%
2025-06-16 13:44:05 | INFO | 💰 Combined flow: 0.17M
2025-06-16 13:44:05 | INFO | ✅ Dashboard parsed successfully
2025-06-16 13:44:05 | INFO | 🔍 Analyzing signal...
2025-06-16 13:44:05 | INFO |    Cumulative Trend: 13
2025-06-16 13:44:05 | INFO |    Confidence: 95.0%
2025-06-16 13:44:05 | INFO |    Combined Flow: +0.17M
2025-06-16 13:44:05 | INFO |    Trend Strength: WEAK
2025-06-16 13:44:05 | INFO | ❌ SKIP SIGNAL: Trend too weak (below 1k threshold)
2025-06-16 13:44:05 | INFO | 💾 Signal saved: S_20250616_134405
2025-06-16 13:44:05 | INFO | ⏭️  Signal skipped: Trend too weak (below 1k threshold)
2025-06-16 13:44:14 | INFO | ⏰ Enhanced Loop #441: 13:44:14 [SELL STRATEGY MODE]
2025-06-16 13:44:35 | INFO | ⏰ Loop #449: 13:44:35 [REAL DATA MODE]
2025-06-16 13:44:44 | INFO | ⏰ Enhanced Loop #442: 13:44:44 [SELL STRATEGY MODE]
2025-06-16 13:44:44 | INFO | 📊 New enhanced dashboard data detected: enhanced_tabbed_dashboard_20250616.html
2025-06-16 13:44:44 | INFO | 📊 Parsing dashboard: enhanced_tabbed_dashboard_20250616.html
2025-06-16 13:44:44 | INFO | 📈 Extracted trend: 33
2025-06-16 13:44:44 | INFO | 🎯 Confidence: 95.0%
2025-06-16 13:44:44 | INFO | 💰 Combined flow: 20.62M
2025-06-16 13:44:44 | INFO | ✅ Dashboard parsed successfully
2025-06-16 13:44:44 | INFO | 🔍 Enhanced Signal Analysis...
2025-06-16 13:44:44 | INFO |    Cumulative Trend: 33
2025-06-16 13:44:44 | INFO |    Confidence: 95.0%
2025-06-16 13:44:44 | INFO |    Combined Flow: +20.62M
2025-06-16 13:44:44 | INFO | 📈 Real Spot Price: ₹24950.30 at 2025-06-16 13:41:47
2025-06-16 13:44:44 | INFO | 📊 Market Regime Detection:
2025-06-16 13:44:44 | INFO |    Primary Regime: HIGH_VOLATILITY_TRENDING
2025-06-16 13:44:44 | INFO |    Volatility: HIGH_VOLATILITY (90.0%ile)
2025-06-16 13:44:44 | INFO |    Range Status: RANGE_BOUND
2025-06-16 13:44:44 | INFO |    Recommended Strategy: BUY_OPTIONS
2025-06-16 13:44:44 | INFO |    Market Regime: HIGH_VOLATILITY_TRENDING
2025-06-16 13:44:44 | INFO |    Recommended Strategy: BUY_OPTIONS
2025-06-16 13:44:44 | INFO | 🔍 Analyzing signal...
2025-06-16 13:44:44 | INFO |    Cumulative Trend: 33
2025-06-16 13:44:44 | INFO |    Confidence: 95.0%
2025-06-16 13:44:44 | INFO |    Combined Flow: +20.62M
2025-06-16 13:44:44 | INFO |    Trend Strength: WEAK
2025-06-16 13:44:44 | INFO | ❌ SKIP SIGNAL: Trend too weak (below 1k threshold)
2025-06-16 13:44:44 | INFO | 💾 Enhanced signal saved: S_20250616_134444
2025-06-16 13:44:44 | INFO | ⏭️  Enhanced signal skipped: Trend too weak (below 1k threshold)
2025-06-16 13:45:05 | INFO | ⏰ Loop #450: 13:45:05 [REAL DATA MODE]
2025-06-16 13:45:05 | INFO | 📊 New dashboard data detected: enhanced_tabbed_dashboard_20250616.html
2025-06-16 13:45:05 | INFO | 📊 Parsing dashboard: enhanced_tabbed_dashboard_20250616.html
2025-06-16 13:45:05 | INFO | 📈 Extracted trend: 33
2025-06-16 13:45:05 | INFO | 🎯 Confidence: 95.0%
2025-06-16 13:45:05 | INFO | 💰 Combined flow: 20.62M
2025-06-16 13:45:05 | INFO | ✅ Dashboard parsed successfully
2025-06-16 13:45:05 | INFO | 🔍 Analyzing signal...
2025-06-16 13:45:05 | INFO |    Cumulative Trend: 33
2025-06-16 13:45:05 | INFO |    Confidence: 95.0%
2025-06-16 13:45:05 | INFO |    Combined Flow: +20.62M
2025-06-16 13:45:05 | INFO |    Trend Strength: WEAK
2025-06-16 13:45:05 | INFO | ❌ SKIP SIGNAL: Trend too weak (below 1k threshold)
2025-06-16 13:45:05 | INFO | 💾 Signal saved: S_20250616_134505
2025-06-16 13:45:05 | INFO | ⏭️  Signal skipped: Trend too weak (below 1k threshold)
2025-06-16 13:45:14 | INFO | ⏰ Enhanced Loop #443: 13:45:14 [SELL STRATEGY MODE]
2025-06-16 13:45:35 | INFO | ⏰ Loop #451: 13:45:35 [REAL DATA MODE]
2025-06-16 13:45:44 | INFO | ⏰ Enhanced Loop #444: 13:45:44 [SELL STRATEGY MODE]
2025-06-16 13:45:44 | INFO | 📊 New enhanced dashboard data detected: enhanced_tabbed_dashboard_20250616.html
2025-06-16 13:45:44 | INFO | 📊 Parsing dashboard: enhanced_tabbed_dashboard_20250616.html
2025-06-16 13:45:45 | INFO | 📈 Extracted trend: 33
2025-06-16 13:45:45 | INFO | 🎯 Confidence: 95.0%
2025-06-16 13:45:45 | INFO | 💰 Combined flow: 20.62M
2025-06-16 13:45:45 | INFO | ✅ Dashboard parsed successfully
2025-06-16 13:45:45 | INFO | 🔍 Enhanced Signal Analysis...
2025-06-16 13:45:45 | INFO |    Cumulative Trend: 33
2025-06-16 13:45:45 | INFO |    Confidence: 95.0%
2025-06-16 13:45:45 | INFO |    Combined Flow: +20.62M
2025-06-16 13:45:45 | INFO | 📈 Real Spot Price: ₹24950.30 at 2025-06-16 13:41:47
2025-06-16 13:45:45 | INFO | 📊 Market Regime Detection:
2025-06-16 13:45:45 | INFO |    Primary Regime: POST_GAP_CONSOLIDATION
2025-06-16 13:45:45 | INFO |    Volatility: HIGH_VOLATILITY (90.0%ile)
2025-06-16 13:45:45 | INFO |    Range Status: RANGE_BOUND
2025-06-16 13:45:45 | INFO |    Recommended Strategy: SELL_PREMIUM
2025-06-16 13:45:45 | INFO |    Market Regime: POST_GAP_CONSOLIDATION
2025-06-16 13:45:45 | INFO |    Recommended Strategy: SELL_PREMIUM
2025-06-16 13:45:45 | INFO | ❌ SKIP SELL SIGNAL: SELL strategy requires stronger signals (minimum MODERATE)
2025-06-16 13:45:45 | INFO | 💾 Enhanced signal saved: S_20250616_134545
2025-06-16 13:45:45 | INFO | ⏭️  Enhanced signal skipped: SELL strategy requires stronger signals (minimum MODERATE)
2025-06-16 13:46:05 | INFO | ⏰ Loop #452: 13:46:05 [REAL DATA MODE]
2025-06-16 13:46:05 | INFO | 📊 New dashboard data detected: enhanced_tabbed_dashboard_20250616.html
2025-06-16 13:46:05 | INFO | 📊 Parsing dashboard: enhanced_tabbed_dashboard_20250616.html
2025-06-16 13:46:05 | INFO | 📈 Extracted trend: 33
2025-06-16 13:46:05 | INFO | 🎯 Confidence: 95.0%
2025-06-16 13:46:05 | INFO | 💰 Combined flow: 20.62M
2025-06-16 13:46:05 | INFO | ✅ Dashboard parsed successfully
2025-06-16 13:46:05 | INFO | 🔍 Analyzing signal...
2025-06-16 13:46:05 | INFO |    Cumulative Trend: 33
2025-06-16 13:46:05 | INFO |    Confidence: 95.0%
2025-06-16 13:46:05 | INFO |    Combined Flow: +20.62M
2025-06-16 13:46:05 | INFO |    Trend Strength: WEAK
2025-06-16 13:46:05 | INFO | ❌ SKIP SIGNAL: Trend too weak (below 1k threshold)
2025-06-16 13:46:05 | INFO | 💾 Signal saved: S_20250616_134605
2025-06-16 13:46:05 | INFO | ⏭️  Signal skipped: Trend too weak (below 1k threshold)
2025-06-16 13:46:15 | INFO | ⏰ Enhanced Loop #445: 13:46:15 [SELL STRATEGY MODE]
2025-06-16 13:46:35 | INFO | ⏰ Loop #453: 13:46:35 [REAL DATA MODE]
2025-06-16 13:46:45 | INFO | ⏰ Enhanced Loop #446: 13:46:45 [SELL STRATEGY MODE]
2025-06-16 13:46:45 | INFO | 📊 New enhanced dashboard data detected: enhanced_tabbed_dashboard_20250616.html
2025-06-16 13:46:45 | INFO | 📊 Parsing dashboard: enhanced_tabbed_dashboard_20250616.html
2025-06-16 13:46:45 | INFO | 📈 Extracted trend: 33
2025-06-16 13:46:45 | INFO | 🎯 Confidence: 95.0%
2025-06-16 13:46:45 | INFO | 💰 Combined flow: 20.62M
2025-06-16 13:46:45 | INFO | ✅ Dashboard parsed successfully
2025-06-16 13:46:45 | INFO | 🔍 Enhanced Signal Analysis...
2025-06-16 13:46:45 | INFO |    Cumulative Trend: 33
2025-06-16 13:46:45 | INFO |    Confidence: 95.0%
2025-06-16 13:46:45 | INFO |    Combined Flow: +20.62M
2025-06-16 13:46:46 | INFO | 📈 Real Spot Price: ₹24950.30 at 2025-06-16 13:41:47
2025-06-16 13:46:46 | INFO | 📊 Market Regime Detection:
2025-06-16 13:46:46 | INFO |    Primary Regime: NORMAL_TRENDING
2025-06-16 13:46:46 | INFO |    Volatility: NORMAL_VOLATILITY (50.0%ile)
2025-06-16 13:46:46 | INFO |    Range Status: RANGE_BOUND
2025-06-16 13:46:46 | INFO |    Recommended Strategy: BUY_OPTIONS
2025-06-16 13:46:46 | INFO |    Market Regime: NORMAL_TRENDING
2025-06-16 13:46:46 | INFO |    Recommended Strategy: BUY_OPTIONS
2025-06-16 13:46:46 | INFO | 🔍 Analyzing signal...
2025-06-16 13:46:46 | INFO |    Cumulative Trend: 33
2025-06-16 13:46:46 | INFO |    Confidence: 95.0%
2025-06-16 13:46:46 | INFO |    Combined Flow: +20.62M
2025-06-16 13:46:46 | INFO |    Trend Strength: WEAK
2025-06-16 13:46:46 | INFO | ❌ SKIP SIGNAL: Trend too weak (below 1k threshold)
2025-06-16 13:46:46 | INFO | 💾 Enhanced signal saved: S_20250616_134646
2025-06-16 13:46:46 | INFO | ⏭️  Enhanced signal skipped: Trend too weak (below 1k threshold)
2025-06-16 13:47:05 | INFO | ⏰ Loop #454: 13:47:05 [REAL DATA MODE]
2025-06-16 13:47:05 | INFO | 📊 New dashboard data detected: enhanced_tabbed_dashboard_20250616.html
2025-06-16 13:47:05 | INFO | 📊 Parsing dashboard: enhanced_tabbed_dashboard_20250616.html
2025-06-16 13:47:05 | INFO | 📈 Extracted trend: 33
2025-06-16 13:47:05 | INFO | 🎯 Confidence: 95.0%
2025-06-16 13:47:05 | INFO | 💰 Combined flow: 20.62M
2025-06-16 13:47:05 | INFO | ✅ Dashboard parsed successfully
2025-06-16 13:47:05 | INFO | 🔍 Analyzing signal...
2025-06-16 13:47:05 | INFO |    Cumulative Trend: 33
2025-06-16 13:47:05 | INFO |    Confidence: 95.0%
2025-06-16 13:47:05 | INFO |    Combined Flow: +20.62M
2025-06-16 13:47:05 | INFO |    Trend Strength: WEAK
2025-06-16 13:47:05 | INFO | ❌ SKIP SIGNAL: Trend too weak (below 1k threshold)
2025-06-16 13:47:05 | INFO | 💾 Signal saved: S_20250616_134705
2025-06-16 13:47:05 | INFO | ⏭️  Signal skipped: Trend too weak (below 1k threshold)
2025-06-16 13:47:16 | INFO | ⏰ Enhanced Loop #447: 13:47:16 [SELL STRATEGY MODE]
2025-06-16 13:47:35 | INFO | ⏰ Loop #455: 13:47:35 [REAL DATA MODE]
2025-06-16 13:47:46 | INFO | ⏰ Enhanced Loop #448: 13:47:46 [SELL STRATEGY MODE]
2025-06-16 13:47:46 | INFO | 📊 New enhanced dashboard data detected: enhanced_tabbed_dashboard_20250616.html
2025-06-16 13:47:46 | INFO | 📊 Parsing dashboard: enhanced_tabbed_dashboard_20250616.html
2025-06-16 13:47:46 | INFO | 📈 Extracted trend: 48
2025-06-16 13:47:46 | INFO | 🎯 Confidence: 95.0%
2025-06-16 13:47:46 | INFO | 💰 Combined flow: 14.62M
2025-06-16 13:47:46 | INFO | ✅ Dashboard parsed successfully
2025-06-16 13:47:46 | INFO | 🔍 Enhanced Signal Analysis...
2025-06-16 13:47:46 | INFO |    Cumulative Trend: 48
2025-06-16 13:47:46 | INFO |    Confidence: 95.0%
2025-06-16 13:47:46 | INFO |    Combined Flow: +14.62M
2025-06-16 13:47:47 | INFO | 📈 Real Spot Price: ₹24952.00 at 2025-06-16 13:46:53
2025-06-16 13:47:47 | INFO | 📊 Market Regime Detection:
2025-06-16 13:47:47 | INFO |    Primary Regime: RANGE_BOUND_LOW_VOL
2025-06-16 13:47:47 | INFO |    Volatility: LOW_VOLATILITY (10.0%ile)
2025-06-16 13:47:47 | INFO |    Range Status: RANGE_BOUND
2025-06-16 13:47:47 | INFO |    Recommended Strategy: SELL_PREMIUM
2025-06-16 13:47:47 | INFO |    Market Regime: RANGE_BOUND_LOW_VOL
2025-06-16 13:47:47 | INFO |    Recommended Strategy: SELL_PREMIUM
2025-06-16 13:47:47 | INFO | ❌ SKIP SELL SIGNAL: SELL strategy requires stronger signals (minimum MODERATE)
2025-06-16 13:47:47 | INFO | 💾 Enhanced signal saved: S_20250616_134747
2025-06-16 13:47:47 | INFO | ⏭️  Enhanced signal skipped: SELL strategy requires stronger signals (minimum MODERATE)
2025-06-16 13:48:05 | INFO | ⏰ Loop #456: 13:48:05 [REAL DATA MODE]
2025-06-16 13:48:05 | INFO | 📊 New dashboard data detected: enhanced_tabbed_dashboard_20250616.html
2025-06-16 13:48:05 | INFO | 📊 Parsing dashboard: enhanced_tabbed_dashboard_20250616.html
2025-06-16 13:48:05 | INFO | 📈 Extracted trend: 48
2025-06-16 13:48:05 | INFO | 🎯 Confidence: 95.0%
2025-06-16 13:48:05 | INFO | 💰 Combined flow: 14.62M
2025-06-16 13:48:05 | INFO | ✅ Dashboard parsed successfully
2025-06-16 13:48:05 | INFO | 🔍 Analyzing signal...
2025-06-16 13:48:05 | INFO |    Cumulative Trend: 48
2025-06-16 13:48:05 | INFO |    Confidence: 95.0%
2025-06-16 13:48:05 | INFO |    Combined Flow: +14.62M
2025-06-16 13:48:05 | INFO |    Trend Strength: WEAK
2025-06-16 13:48:05 | INFO | ❌ SKIP SIGNAL: Trend too weak (below 1k threshold)
2025-06-16 13:48:05 | INFO | 💾 Signal saved: S_20250616_134805
2025-06-16 13:48:05 | INFO | ⏭️  Signal skipped: Trend too weak (below 1k threshold)
2025-06-16 13:48:17 | INFO | ⏰ Enhanced Loop #449: 13:48:17 [SELL STRATEGY MODE]
2025-06-16 13:48:35 | INFO | ⏰ Loop #457: 13:48:35 [REAL DATA MODE]
2025-06-16 13:48:47 | INFO | ⏰ Enhanced Loop #450: 13:48:47 [SELL STRATEGY MODE]
2025-06-16 13:48:47 | INFO | 📊 New enhanced dashboard data detected: enhanced_tabbed_dashboard_20250616.html
2025-06-16 13:48:47 | INFO | 📊 Parsing dashboard: enhanced_tabbed_dashboard_20250616.html
2025-06-16 13:48:47 | INFO | 📈 Extracted trend: 48
2025-06-16 13:48:47 | INFO | 🎯 Confidence: 95.0%
2025-06-16 13:48:47 | INFO | 💰 Combined flow: 14.62M
2025-06-16 13:48:47 | INFO | ✅ Dashboard parsed successfully
2025-06-16 13:48:47 | INFO | 🔍 Enhanced Signal Analysis...
2025-06-16 13:48:47 | INFO |    Cumulative Trend: 48
2025-06-16 13:48:47 | INFO |    Confidence: 95.0%
2025-06-16 13:48:47 | INFO |    Combined Flow: +14.62M
2025-06-16 13:48:47 | INFO | 📈 Real Spot Price: ₹24952.00 at 2025-06-16 13:46:53
2025-06-16 13:48:47 | INFO | 📊 Market Regime Detection:
2025-06-16 13:48:47 | INFO |    Primary Regime: RANGE_BOUND_LOW_VOL
2025-06-16 13:48:47 | INFO |    Volatility: LOW_VOLATILITY (10.0%ile)
2025-06-16 13:48:47 | INFO |    Range Status: RANGE_BOUND
2025-06-16 13:48:47 | INFO |    Recommended Strategy: SELL_PREMIUM
2025-06-16 13:48:47 | INFO |    Market Regime: RANGE_BOUND_LOW_VOL
2025-06-16 13:48:47 | INFO |    Recommended Strategy: SELL_PREMIUM
2025-06-16 13:48:47 | INFO | ❌ SKIP SELL SIGNAL: SELL strategy requires stronger signals (minimum MODERATE)
2025-06-16 13:48:47 | INFO | 💾 Enhanced signal saved: S_20250616_134847
2025-06-16 13:48:47 | INFO | ⏭️  Enhanced signal skipped: SELL strategy requires stronger signals (minimum MODERATE)
2025-06-16 13:48:47 | ERROR | ❌ Risk check failed: 'EnhancedPortfolioManager' object has no attribute 'get_portfolio_summary'
2025-06-16 13:49:05 | INFO | ⏰ Loop #458: 13:49:05 [REAL DATA MODE]
2025-06-16 13:49:05 | INFO | 📊 New dashboard data detected: enhanced_tabbed_dashboard_20250616.html
2025-06-16 13:49:05 | INFO | 📊 Parsing dashboard: enhanced_tabbed_dashboard_20250616.html
2025-06-16 13:49:05 | INFO | 📈 Extracted trend: 48
2025-06-16 13:49:05 | INFO | 🎯 Confidence: 95.0%
2025-06-16 13:49:05 | INFO | 💰 Combined flow: 14.62M
2025-06-16 13:49:05 | INFO | ✅ Dashboard parsed successfully
2025-06-16 13:49:05 | INFO | 🔍 Analyzing signal...
2025-06-16 13:49:05 | INFO |    Cumulative Trend: 48
2025-06-16 13:49:05 | INFO |    Confidence: 95.0%
2025-06-16 13:49:05 | INFO |    Combined Flow: +14.62M
2025-06-16 13:49:05 | INFO |    Trend Strength: WEAK
2025-06-16 13:49:05 | INFO | ❌ SKIP SIGNAL: Trend too weak (below 1k threshold)
2025-06-16 13:49:05 | INFO | 💾 Signal saved: S_20250616_134905
2025-06-16 13:49:05 | INFO | ⏭️  Signal skipped: Trend too weak (below 1k threshold)
2025-06-16 13:49:17 | INFO | ⏰ Enhanced Loop #451: 13:49:17 [SELL STRATEGY MODE]
2025-06-16 13:49:35 | INFO | ⏰ Loop #459: 13:49:35 [REAL DATA MODE]
2025-06-16 13:49:47 | INFO | ⏰ Enhanced Loop #452: 13:49:47 [SELL STRATEGY MODE]
2025-06-16 13:50:05 | INFO | ⏰ Loop #460: 13:50:05 [REAL DATA MODE]
2025-06-16 13:50:05 | INFO | 📊 New dashboard data detected: enhanced_tabbed_dashboard_20250616.html
2025-06-16 13:50:05 | INFO | 📊 Parsing dashboard: enhanced_tabbed_dashboard_20250616.html
2025-06-16 13:50:05 | INFO | 📈 Extracted trend: 48
2025-06-16 13:50:05 | INFO | 🎯 Confidence: 95.0%
2025-06-16 13:50:05 | INFO | 💰 Combined flow: 14.62M
2025-06-16 13:50:05 | INFO | ✅ Dashboard parsed successfully
2025-06-16 13:50:05 | INFO | 🔍 Analyzing signal...
2025-06-16 13:50:05 | INFO |    Cumulative Trend: 48
2025-06-16 13:50:05 | INFO |    Confidence: 95.0%
2025-06-16 13:50:05 | INFO |    Combined Flow: +14.62M
2025-06-16 13:50:05 | INFO |    Trend Strength: WEAK
2025-06-16 13:50:05 | INFO | ❌ SKIP SIGNAL: Trend too weak (below 1k threshold)
2025-06-16 13:50:05 | INFO | 💾 Signal saved: S_20250616_135005
2025-06-16 13:50:05 | INFO | ⏭️  Signal skipped: Trend too weak (below 1k threshold)
2025-06-16 13:50:05 | INFO | 
======================================================================
2025-06-16 13:50:05 | INFO | 📊 ENHANCED SYSTEM STATUS
2025-06-16 13:50:05 | INFO | ======================================================================
2025-06-16 13:50:05 | INFO | System Status: 🟢 RUNNING
2025-06-16 13:50:05 | INFO | Trading Status: 🟢 ENABLED
2025-06-16 13:50:05 | INFO | 💰 Current Capital: ₹100,000.00
2025-06-16 13:50:05 | INFO | 💸 Available Capital: ₹100,000.00
2025-06-16 13:50:05 | INFO | ⚖️  Capital at Risk: ₹0.00
2025-06-16 13:50:05 | INFO | 📈 Daily P&L: ₹+0.00
2025-06-16 13:50:05 | INFO | 💼 Active Positions: 0
2025-06-16 13:50:05 | INFO | 📊 Trades Today: 0
2025-06-16 13:50:05 | INFO | 🟢 Risk Exposure: 0.0%
2025-06-16 13:50:05 | INFO | 📊 Latest Dashboard: enhanced_tabbed_dashboard_20250616.html
2025-06-16 13:50:05 | INFO | 🕒 Dashboard Modified: 2025-06-16 13:49:48
2025-06-16 13:50:05 | INFO | 📡 Signals Today: 221
2025-06-16 13:50:05 | INFO | 🕒 Last Check: 13:50:05
2025-06-16 13:50:05 | INFO | 
🎯 SIGNAL THRESHOLDS:
2025-06-16 13:50:05 | INFO |    SUPER_EXTREME: ±100,000 (4 lots)
2025-06-16 13:50:05 | INFO |    EXTREME: ±50,000 (3 lots)
2025-06-16 13:50:05 | INFO |    STRONG:  ±15,000 (2 lots)
2025-06-16 13:50:05 | INFO |    MODERATE: ±5,000 (1 lot)
2025-06-16 13:50:05 | INFO | ======================================================================
2025-06-16 13:50:06 | INFO | 
==================================================
2025-06-16 13:50:06 | INFO | 📊 REAL-TIME DATA STATUS
2025-06-16 13:50:06 | INFO | ==================================================
2025-06-16 13:50:06 | INFO | 📈 Current Nifty Spot: ₹24952.00
2025-06-16 13:50:06 | INFO | 🕒 Data Source: Real-time option chain database
2025-06-16 13:50:06 | INFO | 🔄 Update Frequency: Every 5 minutes
2025-06-16 13:50:06 | INFO | ==================================================
2025-06-16 13:50:17 | INFO | ⏰ Enhanced Loop #453: 13:50:17 [SELL STRATEGY MODE]
2025-06-16 13:50:17 | INFO | 📊 New enhanced dashboard data detected: enhanced_tabbed_dashboard_20250616.html
2025-06-16 13:50:17 | INFO | 📊 Parsing dashboard: enhanced_tabbed_dashboard_20250616.html
2025-06-16 13:50:17 | INFO | 📈 Extracted trend: 48
2025-06-16 13:50:17 | INFO | 🎯 Confidence: 95.0%
2025-06-16 13:50:17 | INFO | 💰 Combined flow: 14.62M
2025-06-16 13:50:17 | INFO | ✅ Dashboard parsed successfully
2025-06-16 13:50:17 | INFO | 🔍 Enhanced Signal Analysis...
2025-06-16 13:50:17 | INFO |    Cumulative Trend: 48
2025-06-16 13:50:17 | INFO |    Confidence: 95.0%
2025-06-16 13:50:17 | INFO |    Combined Flow: +14.62M
2025-06-16 13:50:18 | INFO | 📈 Real Spot Price: ₹24952.00 at 2025-06-16 13:46:53
2025-06-16 13:50:18 | INFO | 📊 Market Regime Detection:
2025-06-16 13:50:18 | INFO |    Primary Regime: POST_GAP_CONSOLIDATION
2025-06-16 13:50:18 | INFO |    Volatility: HIGH_VOLATILITY (90.0%ile)
2025-06-16 13:50:18 | INFO |    Range Status: RANGE_BOUND
2025-06-16 13:50:18 | INFO |    Recommended Strategy: SELL_PREMIUM
2025-06-16 13:50:18 | INFO |    Market Regime: POST_GAP_CONSOLIDATION
2025-06-16 13:50:18 | INFO |    Recommended Strategy: SELL_PREMIUM
2025-06-16 13:50:18 | INFO | ❌ SKIP SELL SIGNAL: SELL strategy requires stronger signals (minimum MODERATE)
2025-06-16 13:50:18 | INFO | 💾 Enhanced signal saved: S_20250616_135018
2025-06-16 13:50:18 | INFO | ⏭️  Enhanced signal skipped: SELL strategy requires stronger signals (minimum MODERATE)
2025-06-16 13:50:36 | INFO | ⏰ Loop #461: 13:50:36 [REAL DATA MODE]
2025-06-16 13:50:48 | INFO | ⏰ Enhanced Loop #454: 13:50:48 [SELL STRATEGY MODE]
2025-06-16 13:51:06 | INFO | ⏰ Loop #462: 13:51:06 [REAL DATA MODE]
2025-06-16 13:51:06 | INFO | 📊 New dashboard data detected: enhanced_tabbed_dashboard_20250616.html
2025-06-16 13:51:06 | INFO | 📊 Parsing dashboard: enhanced_tabbed_dashboard_20250616.html
2025-06-16 13:51:06 | INFO | 📈 Extracted trend: 23
2025-06-16 13:51:06 | INFO | 🎯 Confidence: 95.0%
2025-06-16 13:51:06 | INFO | 💰 Combined flow: -9.90M
2025-06-16 13:51:06 | INFO | ✅ Dashboard parsed successfully
2025-06-16 13:51:06 | INFO | 🔍 Analyzing signal...
2025-06-16 13:51:06 | INFO |    Cumulative Trend: 23
2025-06-16 13:51:06 | INFO |    Confidence: 95.0%
2025-06-16 13:51:06 | INFO |    Combined Flow: -9.90M
2025-06-16 13:51:06 | INFO |    Trend Strength: WEAK
2025-06-16 13:51:06 | INFO | ❌ SKIP SIGNAL: Trend too weak (below 1k threshold)
2025-06-16 13:51:06 | INFO | 💾 Signal saved: S_20250616_135106
2025-06-16 13:51:06 | INFO | ⏭️  Signal skipped: Trend too weak (below 1k threshold)
2025-06-16 13:51:18 | INFO | ⏰ Enhanced Loop #455: 13:51:18 [SELL STRATEGY MODE]
2025-06-16 13:51:18 | INFO | 📊 New enhanced dashboard data detected: enhanced_tabbed_dashboard_20250616.html
2025-06-16 13:51:18 | INFO | 📊 Parsing dashboard: enhanced_tabbed_dashboard_20250616.html
2025-06-16 13:51:18 | INFO | 📈 Extracted trend: 23
2025-06-16 13:51:18 | INFO | 🎯 Confidence: 95.0%
2025-06-16 13:51:18 | INFO | 💰 Combined flow: -9.90M
2025-06-16 13:51:18 | INFO | ✅ Dashboard parsed successfully
2025-06-16 13:51:18 | INFO | 🔍 Enhanced Signal Analysis...
2025-06-16 13:51:18 | INFO |    Cumulative Trend: 23
2025-06-16 13:51:18 | INFO |    Confidence: 95.0%
2025-06-16 13:51:18 | INFO |    Combined Flow: -9.90M
2025-06-16 13:51:19 | INFO | 📈 Real Spot Price: ₹24952.00 at 2025-06-16 13:46:53
2025-06-16 13:51:19 | INFO | 📊 Market Regime Detection:
2025-06-16 13:51:19 | INFO |    Primary Regime: HIGH_VOLATILITY_TRENDING
2025-06-16 13:51:19 | INFO |    Volatility: HIGH_VOLATILITY (90.0%ile)
2025-06-16 13:51:19 | INFO |    Range Status: RANGE_BOUND
2025-06-16 13:51:19 | INFO |    Recommended Strategy: BUY_OPTIONS
2025-06-16 13:51:19 | INFO |    Market Regime: HIGH_VOLATILITY_TRENDING
2025-06-16 13:51:19 | INFO |    Recommended Strategy: BUY_OPTIONS
2025-06-16 13:51:19 | INFO | 🔍 Analyzing signal...
2025-06-16 13:51:19 | INFO |    Cumulative Trend: 23
2025-06-16 13:51:19 | INFO |    Confidence: 95.0%
2025-06-16 13:51:19 | INFO |    Combined Flow: -9.90M
2025-06-16 13:51:19 | INFO |    Trend Strength: WEAK
2025-06-16 13:51:19 | INFO | ❌ SKIP SIGNAL: Trend too weak (below 1k threshold)
2025-06-16 13:51:19 | INFO | 💾 Enhanced signal saved: S_20250616_135119
2025-06-16 13:51:19 | INFO | ⏭️  Enhanced signal skipped: Trend too weak (below 1k threshold)
2025-06-16 13:51:36 | INFO | ⏰ Loop #463: 13:51:36 [REAL DATA MODE]
2025-06-16 13:51:49 | INFO | ⏰ Enhanced Loop #456: 13:51:49 [SELL STRATEGY MODE]
2025-06-16 13:52:06 | INFO | ⏰ Loop #464: 13:52:06 [REAL DATA MODE]
2025-06-16 13:52:06 | INFO | 📊 New dashboard data detected: enhanced_tabbed_dashboard_20250616.html
2025-06-16 13:52:06 | INFO | 📊 Parsing dashboard: enhanced_tabbed_dashboard_20250616.html
2025-06-16 13:52:06 | INFO | 📈 Extracted trend: 23
2025-06-16 13:52:06 | INFO | 🎯 Confidence: 95.0%
2025-06-16 13:52:06 | INFO | 💰 Combined flow: -9.90M
2025-06-16 13:52:06 | INFO | ✅ Dashboard parsed successfully
2025-06-16 13:52:06 | INFO | 🔍 Analyzing signal...
2025-06-16 13:52:06 | INFO |    Cumulative Trend: 23
2025-06-16 13:52:06 | INFO |    Confidence: 95.0%
2025-06-16 13:52:06 | INFO |    Combined Flow: -9.90M
2025-06-16 13:52:06 | INFO |    Trend Strength: WEAK
2025-06-16 13:52:06 | INFO | ❌ SKIP SIGNAL: Trend too weak (below 1k threshold)
2025-06-16 13:52:06 | INFO | 💾 Signal saved: S_20250616_135206
2025-06-16 13:52:06 | INFO | ⏭️  Signal skipped: Trend too weak (below 1k threshold)
2025-06-16 13:52:19 | INFO | ⏰ Enhanced Loop #457: 13:52:19 [SELL STRATEGY MODE]
2025-06-16 13:52:19 | INFO | 📊 New enhanced dashboard data detected: enhanced_tabbed_dashboard_20250616.html
2025-06-16 13:52:19 | INFO | 📊 Parsing dashboard: enhanced_tabbed_dashboard_20250616.html
2025-06-16 13:52:19 | INFO | 📈 Extracted trend: 23
2025-06-16 13:52:19 | INFO | 🎯 Confidence: 95.0%
2025-06-16 13:52:19 | INFO | 💰 Combined flow: -9.90M
2025-06-16 13:52:19 | INFO | ✅ Dashboard parsed successfully
2025-06-16 13:52:19 | INFO | 🔍 Enhanced Signal Analysis...
2025-06-16 13:52:19 | INFO |    Cumulative Trend: 23
2025-06-16 13:52:19 | INFO |    Confidence: 95.0%
2025-06-16 13:52:19 | INFO |    Combined Flow: -9.90M
2025-06-16 13:52:19 | INFO | 📈 Real Spot Price: ₹24944.35 at 2025-06-16 13:51:59
2025-06-16 13:52:19 | INFO | 📊 Market Regime Detection:
2025-06-16 13:52:19 | INFO |    Primary Regime: NORMAL_TRENDING
2025-06-16 13:52:19 | INFO |    Volatility: NORMAL_VOLATILITY (60.0%ile)
2025-06-16 13:52:19 | INFO |    Range Status: RANGE_BOUND
2025-06-16 13:52:19 | INFO |    Recommended Strategy: BUY_OPTIONS
2025-06-16 13:52:19 | INFO |    Market Regime: NORMAL_TRENDING
2025-06-16 13:52:19 | INFO |    Recommended Strategy: BUY_OPTIONS
2025-06-16 13:52:19 | INFO | 🔍 Analyzing signal...
2025-06-16 13:52:19 | INFO |    Cumulative Trend: 23
2025-06-16 13:52:19 | INFO |    Confidence: 95.0%
2025-06-16 13:52:19 | INFO |    Combined Flow: -9.90M
2025-06-16 13:52:19 | INFO |    Trend Strength: WEAK
2025-06-16 13:52:19 | INFO | ❌ SKIP SIGNAL: Trend too weak (below 1k threshold)
2025-06-16 13:52:19 | INFO | 💾 Enhanced signal saved: S_20250616_135219
2025-06-16 13:52:19 | INFO | ⏭️  Enhanced signal skipped: Trend too weak (below 1k threshold)
2025-06-16 13:52:36 | INFO | ⏰ Loop #465: 13:52:36 [REAL DATA MODE]
2025-06-16 13:52:49 | INFO | ⏰ Enhanced Loop #458: 13:52:49 [SELL STRATEGY MODE]
2025-06-16 13:53:06 | INFO | ⏰ Loop #466: 13:53:06 [REAL DATA MODE]
2025-06-16 13:53:06 | INFO | 📊 New dashboard data detected: enhanced_tabbed_dashboard_20250616.html
2025-06-16 13:53:06 | INFO | 📊 Parsing dashboard: enhanced_tabbed_dashboard_20250616.html
2025-06-16 13:53:06 | INFO | 📈 Extracted trend: 23
2025-06-16 13:53:06 | INFO | 🎯 Confidence: 95.0%
2025-06-16 13:53:06 | INFO | 💰 Combined flow: -9.90M
2025-06-16 13:53:06 | INFO | ✅ Dashboard parsed successfully
2025-06-16 13:53:06 | INFO | 🔍 Analyzing signal...
2025-06-16 13:53:06 | INFO |    Cumulative Trend: 23
2025-06-16 13:53:06 | INFO |    Confidence: 95.0%
2025-06-16 13:53:06 | INFO |    Combined Flow: -9.90M
2025-06-16 13:53:06 | INFO |    Trend Strength: WEAK
2025-06-16 13:53:06 | INFO | ❌ SKIP SIGNAL: Trend too weak (below 1k threshold)
2025-06-16 13:53:06 | INFO | 💾 Signal saved: S_20250616_135306
2025-06-16 13:53:06 | INFO | ⏭️  Signal skipped: Trend too weak (below 1k threshold)
2025-06-16 13:53:19 | INFO | ⏰ Enhanced Loop #459: 13:53:19 [SELL STRATEGY MODE]
2025-06-16 13:53:19 | INFO | 📊 New enhanced dashboard data detected: enhanced_tabbed_dashboard_20250616.html
2025-06-16 13:53:19 | INFO | 📊 Parsing dashboard: enhanced_tabbed_dashboard_20250616.html
2025-06-16 13:53:19 | INFO | 📈 Extracted trend: 23
2025-06-16 13:53:19 | INFO | 🎯 Confidence: 95.0%
2025-06-16 13:53:19 | INFO | 💰 Combined flow: -9.90M
2025-06-16 13:53:19 | INFO | ✅ Dashboard parsed successfully
2025-06-16 13:53:19 | INFO | 🔍 Enhanced Signal Analysis...
2025-06-16 13:53:19 | INFO |    Cumulative Trend: 23
2025-06-16 13:53:19 | INFO |    Confidence: 95.0%
2025-06-16 13:53:19 | INFO |    Combined Flow: -9.90M
2025-06-16 13:53:20 | INFO | 📈 Real Spot Price: ₹24944.35 at 2025-06-16 13:51:59
2025-06-16 13:53:20 | INFO | 📊 Market Regime Detection:
2025-06-16 13:53:20 | INFO |    Primary Regime: HIGH_VOLATILITY_TRENDING
2025-06-16 13:53:20 | INFO |    Volatility: HIGH_VOLATILITY (80.0%ile)
2025-06-16 13:53:20 | INFO |    Range Status: RANGE_BOUND
2025-06-16 13:53:20 | INFO |    Recommended Strategy: BUY_OPTIONS
2025-06-16 13:53:20 | INFO |    Market Regime: HIGH_VOLATILITY_TRENDING
2025-06-16 13:53:20 | INFO |    Recommended Strategy: BUY_OPTIONS
2025-06-16 13:53:20 | INFO | 🔍 Analyzing signal...
2025-06-16 13:53:20 | INFO |    Cumulative Trend: 23
2025-06-16 13:53:20 | INFO |    Confidence: 95.0%
2025-06-16 13:53:20 | INFO |    Combined Flow: -9.90M
2025-06-16 13:53:20 | INFO |    Trend Strength: WEAK
2025-06-16 13:53:20 | INFO | ❌ SKIP SIGNAL: Trend too weak (below 1k threshold)
2025-06-16 13:53:20 | INFO | 💾 Enhanced signal saved: S_20250616_135320
2025-06-16 13:53:20 | INFO | ⏭️  Enhanced signal skipped: Trend too weak (below 1k threshold)
2025-06-16 13:53:36 | INFO | ⏰ Loop #467: 13:53:36 [REAL DATA MODE]
2025-06-16 13:53:50 | INFO | ⏰ Enhanced Loop #460: 13:53:50 [SELL STRATEGY MODE]
2025-06-16 13:53:50 | ERROR | ❌ Risk check failed: 'EnhancedPortfolioManager' object has no attribute 'get_portfolio_summary'
2025-06-16 13:53:50 | INFO | 
======================================================================
2025-06-16 13:53:50 | INFO | 📊 ENHANCED SYSTEM STATUS (SELL STRATEGY ENABLED)
2025-06-16 13:53:50 | INFO | ======================================================================
2025-06-16 13:53:50 | INFO | System Status: 🟢 RUNNING
2025-06-16 13:53:50 | INFO | Trading Status: 🟢 ENABLED
2025-06-16 13:53:50 | INFO | 💰 Current Capital: ₹100,000.00
2025-06-16 13:53:50 | INFO | 💸 Available Capital: ₹100,000.00
2025-06-16 13:53:50 | INFO | ⚖️  Capital at Risk (BUY): ₹0.00
2025-06-16 13:53:50 | INFO | 🏦 Margin Utilized (SELL): ₹0.00
2025-06-16 13:53:50 | INFO | 💵 Premium Collected: ₹0.00
2025-06-16 13:53:50 | INFO | 📈 Daily P&L: ₹+0.00
2025-06-16 13:53:50 | INFO | 💼 Total Active Positions: 0
2025-06-16 13:53:50 | INFO | 📊 BUY Positions: 0 | SELL Positions: 0
2025-06-16 13:53:50 | INFO | 📊 Trades Today: 0
2025-06-16 13:53:50 | INFO | 🟢 Total Risk Exposure: 0.0%
2025-06-16 13:53:51 | INFO | 📈 Real Spot Price: ₹24944.35 at 2025-06-16 13:51:59
2025-06-16 13:53:51 | INFO | 📊 Market Regime Detection:
2025-06-16 13:53:51 | INFO |    Primary Regime: POST_GAP_CONSOLIDATION
2025-06-16 13:53:51 | INFO |    Volatility: HIGH_VOLATILITY (80.0%ile)
2025-06-16 13:53:51 | INFO |    Range Status: RANGE_BOUND
2025-06-16 13:53:51 | INFO |    Recommended Strategy: SELL_PREMIUM
2025-06-16 13:53:51 | INFO | 🏛️  Market Regime: POST_GAP_CONSOLIDATION
2025-06-16 13:53:51 | INFO | 📊 Volatility: 80%ile (HIGH_VOLATILITY)
2025-06-16 13:53:51 | INFO | 🎯 Recommended Strategy: SELL_PREMIUM
2025-06-16 13:53:51 | INFO | 
🎯 ENHANCED STRATEGY THRESHOLDS:
2025-06-16 13:53:51 | INFO |   BUY Strategy (Trending Markets):
2025-06-16 13:53:51 | INFO |     SUPER_EXTREME: ±100,000 (4 lots)
2025-06-16 13:53:51 | INFO |     EXTREME: ±50,000 (3 lots)
2025-06-16 13:53:51 | INFO |   SELL Strategy (Range-bound/Low Vol):
2025-06-16 13:53:51 | INFO |     Range Detection: <2.0% price range
2025-06-16 13:53:51 | INFO |     Volatility Threshold: 15-35%ile
2025-06-16 13:53:51 | INFO |     Max SELL Positions: 2
2025-06-16 13:53:51 | INFO |     Max Margin Utilization: 60%
2025-06-16 13:53:51 | INFO | ======================================================================
2025-06-16 13:53:51 | INFO | 📈 Real Spot Price: ₹24944.35 at 2025-06-16 13:51:59
2025-06-16 13:53:51 | INFO | 
==================================================
2025-06-16 13:53:51 | INFO | 📊 ENHANCED REAL-TIME DATA STATUS
2025-06-16 13:53:51 | INFO | ==================================================
2025-06-16 13:53:51 | INFO | 📈 Current Nifty Spot: ₹24944.35
2025-06-16 13:53:52 | INFO | 📈 Real Spot Price: ₹24944.35 at 2025-06-16 13:51:59
2025-06-16 13:53:52 | INFO | 📊 Market Regime Detection:
2025-06-16 13:53:52 | INFO |    Primary Regime: RANGE_BOUND_LOW_VOL
2025-06-16 13:53:52 | INFO |    Volatility: LOW_VOLATILITY (10.0%ile)
2025-06-16 13:53:52 | INFO |    Range Status: RANGE_BOUND
2025-06-16 13:53:52 | INFO |    Recommended Strategy: SELL_PREMIUM
2025-06-16 13:53:52 | INFO | 🏛️  Current Market Regime: RANGE_BOUND_LOW_VOL
2025-06-16 13:53:52 | INFO | 📊 Volatility Regime: LOW_VOLATILITY
2025-06-16 13:53:52 | INFO | 🎯 Strategy Recommendation: SELL_PREMIUM
2025-06-16 13:53:52 | INFO | 🕒 Data Source: Real-time option chain database
2025-06-16 13:53:52 | INFO | 🔄 Update Frequency: Every 5 minutes
2025-06-16 13:53:52 | INFO | 🎯 SELL Strategy: ACTIVE
2025-06-16 13:53:52 | INFO | ==================================================
2025-06-16 13:54:06 | INFO | ⏰ Loop #468: 13:54:06 [REAL DATA MODE]
2025-06-16 13:54:06 | INFO | 📊 New dashboard data detected: enhanced_tabbed_dashboard_20250616.html
2025-06-16 13:54:06 | INFO | 📊 Parsing dashboard: enhanced_tabbed_dashboard_20250616.html
2025-06-16 13:54:06 | INFO | 📈 Extracted trend: 1
2025-06-16 13:54:06 | INFO | 🎯 Confidence: 95.0%
2025-06-16 13:54:06 | INFO | 💰 Combined flow: -22.09M
2025-06-16 13:54:06 | INFO | ✅ Dashboard parsed successfully
2025-06-16 13:54:06 | INFO | 🔍 Analyzing signal...
2025-06-16 13:54:06 | INFO |    Cumulative Trend: 1
2025-06-16 13:54:06 | INFO |    Confidence: 95.0%
2025-06-16 13:54:06 | INFO |    Combined Flow: -22.09M
2025-06-16 13:54:06 | INFO |    Trend Strength: WEAK
2025-06-16 13:54:06 | INFO | ❌ SKIP SIGNAL: Trend too weak (below 1k threshold)
2025-06-16 13:54:06 | INFO | 💾 Signal saved: S_20250616_135406
2025-06-16 13:54:06 | INFO | ⏭️  Signal skipped: Trend too weak (below 1k threshold)
2025-06-16 13:54:22 | INFO | ⏰ Enhanced Loop #461: 13:54:22 [SELL STRATEGY MODE]
2025-06-16 13:54:22 | INFO | 📊 New enhanced dashboard data detected: enhanced_tabbed_dashboard_20250616.html
2025-06-16 13:54:22 | INFO | 📊 Parsing dashboard: enhanced_tabbed_dashboard_20250616.html
2025-06-16 13:54:22 | INFO | 📈 Extracted trend: 1
2025-06-16 13:54:22 | INFO | 🎯 Confidence: 95.0%
2025-06-16 13:54:22 | INFO | 💰 Combined flow: -22.09M
2025-06-16 13:54:22 | INFO | ✅ Dashboard parsed successfully
2025-06-16 13:54:22 | INFO | 🔍 Enhanced Signal Analysis...
2025-06-16 13:54:22 | INFO |    Cumulative Trend: 1
2025-06-16 13:54:22 | INFO |    Confidence: 95.0%
2025-06-16 13:54:22 | INFO |    Combined Flow: -22.09M
2025-06-16 13:54:23 | INFO | 📈 Real Spot Price: ₹24944.35 at 2025-06-16 13:51:59
2025-06-16 13:54:23 | INFO | 📊 Market Regime Detection:
2025-06-16 13:54:23 | INFO |    Primary Regime: POST_GAP_CONSOLIDATION
2025-06-16 13:54:23 | INFO |    Volatility: HIGH_VOLATILITY (80.0%ile)
2025-06-16 13:54:23 | INFO |    Range Status: RANGE_BOUND
2025-06-16 13:54:23 | INFO |    Recommended Strategy: SELL_PREMIUM
2025-06-16 13:54:23 | INFO |    Market Regime: POST_GAP_CONSOLIDATION
2025-06-16 13:54:23 | INFO |    Recommended Strategy: SELL_PREMIUM
2025-06-16 13:54:23 | INFO | ❌ SKIP SELL SIGNAL: SELL strategy requires stronger signals (minimum MODERATE)
2025-06-16 13:54:23 | INFO | 💾 Enhanced signal saved: S_20250616_135423
2025-06-16 13:54:23 | INFO | ⏭️  Enhanced signal skipped: SELL strategy requires stronger signals (minimum MODERATE)
2025-06-16 13:54:36 | INFO | ⏰ Loop #469: 13:54:36 [REAL DATA MODE]
2025-06-16 13:54:53 | INFO | ⏰ Enhanced Loop #462: 13:54:53 [SELL STRATEGY MODE]
2025-06-16 13:55:06 | INFO | ⏰ Loop #470: 13:55:06 [REAL DATA MODE]
2025-06-16 13:55:06 | INFO | 📊 New dashboard data detected: enhanced_tabbed_dashboard_20250616.html
2025-06-16 13:55:06 | INFO | 📊 Parsing dashboard: enhanced_tabbed_dashboard_20250616.html
2025-06-16 13:55:07 | INFO | 📈 Extracted trend: 101
2025-06-16 13:55:07 | INFO | 🎯 Confidence: 95.0%
2025-06-16 13:55:07 | INFO | 💰 Combined flow: -22.09M
2025-06-16 13:55:07 | INFO | ✅ Dashboard parsed successfully
2025-06-16 13:55:07 | INFO | 🔍 Analyzing signal...
2025-06-16 13:55:07 | INFO |    Cumulative Trend: 101
2025-06-16 13:55:07 | INFO |    Confidence: 95.0%
2025-06-16 13:55:07 | INFO |    Combined Flow: -22.09M
2025-06-16 13:55:07 | INFO |    Trend Strength: WEAK
2025-06-16 13:55:07 | INFO | ❌ SKIP SIGNAL: Trend too weak (below 1k threshold)
2025-06-16 13:55:07 | INFO | 💾 Signal saved: S_20250616_135507
2025-06-16 13:55:07 | INFO | ⏭️  Signal skipped: Trend too weak (below 1k threshold)
2025-06-16 13:55:23 | INFO | ⏰ Enhanced Loop #463: 13:55:23 [SELL STRATEGY MODE]
2025-06-16 13:55:23 | INFO | 📊 New enhanced dashboard data detected: enhanced_tabbed_dashboard_20250616.html
2025-06-16 13:55:23 | INFO | 📊 Parsing dashboard: enhanced_tabbed_dashboard_20250616.html
2025-06-16 13:55:23 | INFO | 📈 Extracted trend: 101
2025-06-16 13:55:23 | INFO | 🎯 Confidence: 95.0%
2025-06-16 13:55:23 | INFO | 💰 Combined flow: -22.09M
2025-06-16 13:55:23 | INFO | ✅ Dashboard parsed successfully
2025-06-16 13:55:23 | INFO | 🔍 Enhanced Signal Analysis...
2025-06-16 13:55:23 | INFO |    Cumulative Trend: 101
2025-06-16 13:55:23 | INFO |    Confidence: 95.0%
2025-06-16 13:55:23 | INFO |    Combined Flow: -22.09M
2025-06-16 13:55:23 | INFO | 📈 Real Spot Price: ₹24944.35 at 2025-06-16 13:51:59
2025-06-16 13:55:23 | INFO | 📊 Market Regime Detection:
2025-06-16 13:55:23 | INFO |    Primary Regime: NORMAL_TRENDING
2025-06-16 13:55:23 | INFO |    Volatility: NORMAL_VOLATILITY (40.0%ile)
2025-06-16 13:55:23 | INFO |    Range Status: RANGE_BOUND
2025-06-16 13:55:23 | INFO |    Recommended Strategy: BUY_OPTIONS
2025-06-16 13:55:23 | INFO |    Market Regime: NORMAL_TRENDING
2025-06-16 13:55:23 | INFO |    Recommended Strategy: BUY_OPTIONS
2025-06-16 13:55:23 | INFO | 🔍 Analyzing signal...
2025-06-16 13:55:23 | INFO |    Cumulative Trend: 101
2025-06-16 13:55:23 | INFO |    Confidence: 95.0%
2025-06-16 13:55:23 | INFO |    Combined Flow: -22.09M
2025-06-16 13:55:23 | INFO |    Trend Strength: WEAK
2025-06-16 13:55:23 | INFO | ❌ SKIP SIGNAL: Trend too weak (below 1k threshold)
2025-06-16 13:55:23 | INFO | 💾 Enhanced signal saved: S_20250616_135523
2025-06-16 13:55:23 | INFO | ⏭️  Enhanced signal skipped: Trend too weak (below 1k threshold)
2025-06-16 13:55:37 | INFO | ⏰ Loop #471: 13:55:37 [REAL DATA MODE]
2025-06-16 13:55:53 | INFO | ⏰ Enhanced Loop #464: 13:55:53 [SELL STRATEGY MODE]
2025-06-16 13:56:07 | INFO | ⏰ Loop #472: 13:56:07 [REAL DATA MODE]
2025-06-16 13:56:07 | INFO | 📊 New dashboard data detected: enhanced_tabbed_dashboard_20250616.html
2025-06-16 13:56:07 | INFO | 📊 Parsing dashboard: enhanced_tabbed_dashboard_20250616.html
2025-06-16 13:56:07 | INFO | 📈 Extracted trend: 101
2025-06-16 13:56:07 | INFO | 🎯 Confidence: 95.0%
2025-06-16 13:56:07 | INFO | 💰 Combined flow: -22.09M
2025-06-16 13:56:07 | INFO | ✅ Dashboard parsed successfully
2025-06-16 13:56:07 | INFO | 🔍 Analyzing signal...
2025-06-16 13:56:07 | INFO |    Cumulative Trend: 101
2025-06-16 13:56:07 | INFO |    Confidence: 95.0%
2025-06-16 13:56:07 | INFO |    Combined Flow: -22.09M
2025-06-16 13:56:07 | INFO |    Trend Strength: WEAK
2025-06-16 13:56:07 | INFO | ❌ SKIP SIGNAL: Trend too weak (below 1k threshold)
2025-06-16 13:56:07 | INFO | 💾 Signal saved: S_20250616_135607
2025-06-16 13:56:07 | INFO | ⏭️  Signal skipped: Trend too weak (below 1k threshold)
2025-06-16 13:56:23 | INFO | ⏰ Enhanced Loop #465: 13:56:23 [SELL STRATEGY MODE]
2025-06-16 13:56:23 | INFO | 📊 New enhanced dashboard data detected: enhanced_tabbed_dashboard_20250616.html
2025-06-16 13:56:23 | INFO | 📊 Parsing dashboard: enhanced_tabbed_dashboard_20250616.html
2025-06-16 13:56:23 | INFO | 📈 Extracted trend: 101
2025-06-16 13:56:23 | INFO | 🎯 Confidence: 95.0%
2025-06-16 13:56:23 | INFO | 💰 Combined flow: -22.09M
2025-06-16 13:56:23 | INFO | ✅ Dashboard parsed successfully
2025-06-16 13:56:23 | INFO | 🔍 Enhanced Signal Analysis...
2025-06-16 13:56:23 | INFO |    Cumulative Trend: 101
2025-06-16 13:56:23 | INFO |    Confidence: 95.0%
2025-06-16 13:56:23 | INFO |    Combined Flow: -22.09M
2025-06-16 13:56:24 | INFO | 📈 Real Spot Price: ₹24944.35 at 2025-06-16 13:51:59
2025-06-16 13:56:24 | INFO | 📊 Market Regime Detection:
2025-06-16 13:56:24 | INFO |    Primary Regime: NORMAL_TRENDING
2025-06-16 13:56:24 | INFO |    Volatility: NORMAL_VOLATILITY (40.0%ile)
2025-06-16 13:56:24 | INFO |    Range Status: RANGE_BOUND
2025-06-16 13:56:24 | INFO |    Recommended Strategy: BUY_OPTIONS
2025-06-16 13:56:24 | INFO |    Market Regime: NORMAL_TRENDING
2025-06-16 13:56:24 | INFO |    Recommended Strategy: BUY_OPTIONS
2025-06-16 13:56:24 | INFO | 🔍 Analyzing signal...
2025-06-16 13:56:24 | INFO |    Cumulative Trend: 101
2025-06-16 13:56:24 | INFO |    Confidence: 95.0%
2025-06-16 13:56:24 | INFO |    Combined Flow: -22.09M
2025-06-16 13:56:24 | INFO |    Trend Strength: WEAK
2025-06-16 13:56:24 | INFO | ❌ SKIP SIGNAL: Trend too weak (below 1k threshold)
2025-06-16 13:56:24 | INFO | 💾 Enhanced signal saved: S_20250616_135624
2025-06-16 13:56:24 | INFO | ⏭️  Enhanced signal skipped: Trend too weak (below 1k threshold)
2025-06-16 13:56:37 | INFO | ⏰ Loop #473: 13:56:37 [REAL DATA MODE]
2025-06-16 13:56:54 | INFO | ⏰ Enhanced Loop #466: 13:56:54 [SELL STRATEGY MODE]
2025-06-16 13:57:07 | INFO | ⏰ Loop #474: 13:57:07 [REAL DATA MODE]
2025-06-16 13:57:07 | INFO | 📊 New dashboard data detected: enhanced_tabbed_dashboard_20250616.html
2025-06-16 13:57:07 | INFO | 📊 Parsing dashboard: enhanced_tabbed_dashboard_20250616.html
2025-06-16 13:57:07 | INFO | 📈 Extracted trend: 46
2025-06-16 13:57:07 | INFO | 🎯 Confidence: 95.0%
2025-06-16 13:57:07 | INFO | 💰 Combined flow: -0.12M
2025-06-16 13:57:07 | INFO | ✅ Dashboard parsed successfully
2025-06-16 13:57:07 | INFO | 🔍 Analyzing signal...
2025-06-16 13:57:07 | INFO |    Cumulative Trend: 46
2025-06-16 13:57:07 | INFO |    Confidence: 95.0%
2025-06-16 13:57:07 | INFO |    Combined Flow: -0.12M
2025-06-16 13:57:07 | INFO |    Trend Strength: WEAK
2025-06-16 13:57:07 | INFO | ❌ SKIP SIGNAL: Trend too weak (below 1k threshold)
2025-06-16 13:57:07 | INFO | 💾 Signal saved: S_20250616_135707
2025-06-16 13:57:07 | INFO | ⏭️  Signal skipped: Trend too weak (below 1k threshold)
2025-06-16 13:57:24 | INFO | ⏰ Enhanced Loop #467: 13:57:24 [SELL STRATEGY MODE]
2025-06-16 13:57:24 | INFO | 📊 New enhanced dashboard data detected: enhanced_tabbed_dashboard_20250616.html
2025-06-16 13:57:24 | INFO | 📊 Parsing dashboard: enhanced_tabbed_dashboard_20250616.html
2025-06-16 13:57:24 | INFO | 📈 Extracted trend: 46
2025-06-16 13:57:24 | INFO | 🎯 Confidence: 95.0%
2025-06-16 13:57:24 | INFO | 💰 Combined flow: -0.12M
2025-06-16 13:57:24 | INFO | ✅ Dashboard parsed successfully
2025-06-16 13:57:24 | INFO | 🔍 Enhanced Signal Analysis...
2025-06-16 13:57:24 | INFO |    Cumulative Trend: 46
2025-06-16 13:57:24 | INFO |    Confidence: 95.0%
2025-06-16 13:57:24 | INFO |    Combined Flow: -0.12M
2025-06-16 13:57:25 | INFO | 📈 Real Spot Price: ₹24940.45 at 2025-06-16 13:57:04
2025-06-16 13:57:25 | INFO | 📊 Market Regime Detection:
2025-06-16 13:57:25 | INFO |    Primary Regime: POST_GAP_CONSOLIDATION
2025-06-16 13:57:25 | INFO |    Volatility: NORMAL_VOLATILITY (70.0%ile)
2025-06-16 13:57:25 | INFO |    Range Status: RANGE_BOUND
2025-06-16 13:57:25 | INFO |    Recommended Strategy: SELL_PREMIUM
2025-06-16 13:57:25 | INFO |    Market Regime: POST_GAP_CONSOLIDATION
2025-06-16 13:57:25 | INFO |    Recommended Strategy: SELL_PREMIUM
2025-06-16 13:57:25 | INFO | ❌ SKIP SELL SIGNAL: SELL strategy requires stronger signals (minimum MODERATE)
2025-06-16 13:57:25 | INFO | 💾 Enhanced signal saved: S_20250616_135725
2025-06-16 13:57:25 | INFO | ⏭️  Enhanced signal skipped: SELL strategy requires stronger signals (minimum MODERATE)
2025-06-16 13:57:37 | INFO | ⏰ Loop #475: 13:57:37 [REAL DATA MODE]
2025-06-16 13:57:55 | INFO | ⏰ Enhanced Loop #468: 13:57:55 [SELL STRATEGY MODE]
2025-06-16 13:58:07 | INFO | ⏰ Loop #476: 13:58:07 [REAL DATA MODE]
2025-06-16 13:58:07 | INFO | 📊 New dashboard data detected: enhanced_tabbed_dashboard_20250616.html
2025-06-16 13:58:07 | INFO | 📊 Parsing dashboard: enhanced_tabbed_dashboard_20250616.html
2025-06-16 13:58:07 | INFO | 📈 Extracted trend: 46
2025-06-16 13:58:07 | INFO | 🎯 Confidence: 95.0%
2025-06-16 13:58:07 | INFO | 💰 Combined flow: -0.12M
2025-06-16 13:58:07 | INFO | ✅ Dashboard parsed successfully
2025-06-16 13:58:07 | INFO | 🔍 Analyzing signal...
2025-06-16 13:58:07 | INFO |    Cumulative Trend: 46
2025-06-16 13:58:07 | INFO |    Confidence: 95.0%
2025-06-16 13:58:07 | INFO |    Combined Flow: -0.12M
2025-06-16 13:58:07 | INFO |    Trend Strength: WEAK
2025-06-16 13:58:07 | INFO | ❌ SKIP SIGNAL: Trend too weak (below 1k threshold)
2025-06-16 13:58:07 | INFO | 💾 Signal saved: S_20250616_135807
2025-06-16 13:58:07 | INFO | ⏭️  Signal skipped: Trend too weak (below 1k threshold)
2025-06-16 13:58:25 | INFO | ⏰ Enhanced Loop #469: 13:58:25 [SELL STRATEGY MODE]
2025-06-16 13:58:25 | INFO | 📊 New enhanced dashboard data detected: enhanced_tabbed_dashboard_20250616.html
2025-06-16 13:58:25 | INFO | 📊 Parsing dashboard: enhanced_tabbed_dashboard_20250616.html
2025-06-16 13:58:25 | INFO | 📈 Extracted trend: 46
2025-06-16 13:58:25 | INFO | 🎯 Confidence: 95.0%
2025-06-16 13:58:25 | INFO | 💰 Combined flow: -0.12M
2025-06-16 13:58:25 | INFO | ✅ Dashboard parsed successfully
2025-06-16 13:58:25 | INFO | 🔍 Enhanced Signal Analysis...
2025-06-16 13:58:25 | INFO |    Cumulative Trend: 46
2025-06-16 13:58:25 | INFO |    Confidence: 95.0%
2025-06-16 13:58:25 | INFO |    Combined Flow: -0.12M
2025-06-16 13:58:25 | INFO | 📈 Real Spot Price: ₹24940.45 at 2025-06-16 13:57:04
2025-06-16 13:58:25 | INFO | 📊 Market Regime Detection:
2025-06-16 13:58:25 | INFO |    Primary Regime: NORMAL_TRENDING
2025-06-16 13:58:25 | INFO |    Volatility: NORMAL_VOLATILITY (50.0%ile)
2025-06-16 13:58:25 | INFO |    Range Status: RANGE_BOUND
2025-06-16 13:58:25 | INFO |    Recommended Strategy: BUY_OPTIONS
2025-06-16 13:58:25 | INFO |    Market Regime: NORMAL_TRENDING
2025-06-16 13:58:25 | INFO |    Recommended Strategy: BUY_OPTIONS
2025-06-16 13:58:25 | INFO | 🔍 Analyzing signal...
2025-06-16 13:58:25 | INFO |    Cumulative Trend: 46
2025-06-16 13:58:25 | INFO |    Confidence: 95.0%
2025-06-16 13:58:25 | INFO |    Combined Flow: -0.12M
2025-06-16 13:58:25 | INFO |    Trend Strength: WEAK
2025-06-16 13:58:25 | INFO | ❌ SKIP SIGNAL: Trend too weak (below 1k threshold)
2025-06-16 13:58:25 | INFO | 💾 Enhanced signal saved: S_20250616_135825
2025-06-16 13:58:25 | INFO | ⏭️  Enhanced signal skipped: Trend too weak (below 1k threshold)
2025-06-16 13:58:37 | INFO | ⏰ Loop #477: 13:58:37 [REAL DATA MODE]
2025-06-16 13:58:55 | INFO | ⏰ Enhanced Loop #470: 13:58:55 [SELL STRATEGY MODE]
2025-06-16 13:58:55 | ERROR | ❌ Risk check failed: 'EnhancedPortfolioManager' object has no attribute 'get_portfolio_summary'
2025-06-16 13:59:07 | INFO | ⏰ Loop #478: 13:59:07 [REAL DATA MODE]
2025-06-16 13:59:07 | INFO | 📊 New dashboard data detected: enhanced_tabbed_dashboard_20250616.html
2025-06-16 13:59:07 | INFO | 📊 Parsing dashboard: enhanced_tabbed_dashboard_20250616.html
2025-06-16 13:59:07 | INFO | 📈 Extracted trend: 46
2025-06-16 13:59:07 | INFO | 🎯 Confidence: 95.0%
2025-06-16 13:59:07 | INFO | 💰 Combined flow: -0.12M
2025-06-16 13:59:07 | INFO | ✅ Dashboard parsed successfully
2025-06-16 13:59:07 | INFO | 🔍 Analyzing signal...
2025-06-16 13:59:07 | INFO |    Cumulative Trend: 46
2025-06-16 13:59:07 | INFO |    Confidence: 95.0%
2025-06-16 13:59:07 | INFO |    Combined Flow: -0.12M
2025-06-16 13:59:07 | INFO |    Trend Strength: WEAK
2025-06-16 13:59:07 | INFO | ❌ SKIP SIGNAL: Trend too weak (below 1k threshold)
2025-06-16 13:59:07 | INFO | 💾 Signal saved: S_20250616_135907
2025-06-16 13:59:07 | INFO | ⏭️  Signal skipped: Trend too weak (below 1k threshold)
2025-06-16 13:59:25 | INFO | ⏰ Enhanced Loop #471: 13:59:25 [SELL STRATEGY MODE]
2025-06-16 13:59:25 | INFO | 📊 New enhanced dashboard data detected: enhanced_tabbed_dashboard_20250616.html
2025-06-16 13:59:25 | INFO | 📊 Parsing dashboard: enhanced_tabbed_dashboard_20250616.html
2025-06-16 13:59:25 | INFO | 📈 Extracted trend: 46
2025-06-16 13:59:25 | INFO | 🎯 Confidence: 95.0%
2025-06-16 13:59:25 | INFO | 💰 Combined flow: -0.12M
2025-06-16 13:59:25 | INFO | ✅ Dashboard parsed successfully
2025-06-16 13:59:25 | INFO | 🔍 Enhanced Signal Analysis...
2025-06-16 13:59:25 | INFO |    Cumulative Trend: 46
2025-06-16 13:59:25 | INFO |    Confidence: 95.0%
2025-06-16 13:59:25 | INFO |    Combined Flow: -0.12M
2025-06-16 13:59:26 | INFO | 📈 Real Spot Price: ₹24940.45 at 2025-06-16 13:57:04
2025-06-16 13:59:26 | INFO | 📊 Market Regime Detection:
2025-06-16 13:59:26 | INFO |    Primary Regime: RANGE_BOUND_LOW_VOL
2025-06-16 13:59:26 | INFO |    Volatility: LOW_VOLATILITY (10.0%ile)
2025-06-16 13:59:26 | INFO |    Range Status: RANGE_BOUND
2025-06-16 13:59:26 | INFO |    Recommended Strategy: SELL_PREMIUM
2025-06-16 13:59:26 | INFO |    Market Regime: RANGE_BOUND_LOW_VOL
2025-06-16 13:59:26 | INFO |    Recommended Strategy: SELL_PREMIUM
2025-06-16 13:59:26 | INFO | ❌ SKIP SELL SIGNAL: SELL strategy requires stronger signals (minimum MODERATE)
2025-06-16 13:59:26 | INFO | 💾 Enhanced signal saved: S_20250616_135926
2025-06-16 13:59:26 | INFO | ⏭️  Enhanced signal skipped: SELL strategy requires stronger signals (minimum MODERATE)
2025-06-16 13:59:37 | INFO | ⏰ Loop #479: 13:59:37 [REAL DATA MODE]
2025-06-16 13:59:56 | INFO | ⏰ Enhanced Loop #472: 13:59:56 [SELL STRATEGY MODE]
2025-06-16 14:00:07 | INFO | ⏰ Loop #480: 14:00:07 [REAL DATA MODE]
2025-06-16 14:00:07 | INFO | 📊 New dashboard data detected: enhanced_tabbed_dashboard_20250616.html
2025-06-16 14:00:07 | INFO | 📊 Parsing dashboard: enhanced_tabbed_dashboard_20250616.html
2025-06-16 14:00:07 | INFO | 📈 Extracted trend: 118
2025-06-16 14:00:07 | INFO | 🎯 Confidence: 95.0%
2025-06-16 14:00:07 | INFO | 💰 Combined flow: 65.41M
2025-06-16 14:00:07 | INFO | ✅ Dashboard parsed successfully
2025-06-16 14:00:07 | INFO | 🔍 Analyzing signal...
2025-06-16 14:00:07 | INFO |    Cumulative Trend: 118
2025-06-16 14:00:07 | INFO |    Confidence: 95.0%
2025-06-16 14:00:07 | INFO |    Combined Flow: +65.41M
2025-06-16 14:00:07 | INFO |    Trend Strength: WEAK
2025-06-16 14:00:07 | INFO | ❌ SKIP SIGNAL: Trend too weak (below 1k threshold)
2025-06-16 14:00:07 | INFO | 💾 Signal saved: S_20250616_140007
2025-06-16 14:00:07 | INFO | ⏭️  Signal skipped: Trend too weak (below 1k threshold)
2025-06-16 14:00:07 | INFO | 
======================================================================
2025-06-16 14:00:07 | INFO | 📊 ENHANCED SYSTEM STATUS
2025-06-16 14:00:07 | INFO | ======================================================================
2025-06-16 14:00:07 | INFO | System Status: 🟢 RUNNING
2025-06-16 14:00:07 | INFO | Trading Status: 🟢 ENABLED
2025-06-16 14:00:07 | INFO | 💰 Current Capital: ₹100,000.00
2025-06-16 14:00:07 | INFO | 💸 Available Capital: ₹100,000.00
2025-06-16 14:00:07 | INFO | ⚖️  Capital at Risk: ₹0.00
2025-06-16 14:00:07 | INFO | 📈 Daily P&L: ₹+0.00
2025-06-16 14:00:07 | INFO | 💼 Active Positions: 0
2025-06-16 14:00:07 | INFO | 📊 Trades Today: 0
2025-06-16 14:00:07 | INFO | 🟢 Risk Exposure: 0.0%
2025-06-16 14:00:07 | INFO | 📊 Latest Dashboard: enhanced_tabbed_dashboard_20250616.html
2025-06-16 14:00:07 | INFO | 🕒 Dashboard Modified: 2025-06-16 14:00:00
2025-06-16 14:00:07 | INFO | 📡 Signals Today: 231
2025-06-16 14:00:07 | INFO | 🕒 Last Check: 14:00:07
2025-06-16 14:00:07 | INFO | 
🎯 SIGNAL THRESHOLDS:
2025-06-16 14:00:07 | INFO |    SUPER_EXTREME: ±100,000 (4 lots)
2025-06-16 14:00:07 | INFO |    EXTREME: ±50,000 (3 lots)
2025-06-16 14:00:07 | INFO |    STRONG:  ±15,000 (2 lots)
2025-06-16 14:00:07 | INFO |    MODERATE: ±5,000 (1 lot)
2025-06-16 14:00:07 | INFO | ======================================================================
2025-06-16 14:00:08 | INFO | 
==================================================
2025-06-16 14:00:08 | INFO | 📊 REAL-TIME DATA STATUS
2025-06-16 14:00:08 | INFO | ==================================================
2025-06-16 14:00:08 | INFO | 📈 Current Nifty Spot: ₹24940.45
2025-06-16 14:00:08 | INFO | 🕒 Data Source: Real-time option chain database
2025-06-16 14:00:08 | INFO | 🔄 Update Frequency: Every 5 minutes
2025-06-16 14:00:08 | INFO | ==================================================
2025-06-16 14:00:26 | INFO | ⏰ Enhanced Loop #473: 14:00:26 [SELL STRATEGY MODE]
2025-06-16 14:00:26 | INFO | 📊 New enhanced dashboard data detected: enhanced_tabbed_dashboard_20250616.html
2025-06-16 14:00:26 | INFO | 📊 Parsing dashboard: enhanced_tabbed_dashboard_20250616.html
2025-06-16 14:00:26 | INFO | 📈 Extracted trend: 118
2025-06-16 14:00:26 | INFO | 🎯 Confidence: 95.0%
2025-06-16 14:00:26 | INFO | 💰 Combined flow: 65.41M
2025-06-16 14:00:26 | INFO | ✅ Dashboard parsed successfully
2025-06-16 14:00:26 | INFO | 🔍 Enhanced Signal Analysis...
2025-06-16 14:00:26 | INFO |    Cumulative Trend: 118
2025-06-16 14:00:26 | INFO |    Confidence: 95.0%
2025-06-16 14:00:26 | INFO |    Combined Flow: +65.41M
2025-06-16 14:00:27 | INFO | 📈 Real Spot Price: ₹24940.45 at 2025-06-16 13:57:04
2025-06-16 14:00:27 | INFO | 📊 Market Regime Detection:
2025-06-16 14:00:27 | INFO |    Primary Regime: RANGE_BOUND_LOW_VOL
2025-06-16 14:00:27 | INFO |    Volatility: LOW_VOLATILITY (10.0%ile)
2025-06-16 14:00:27 | INFO |    Range Status: RANGE_BOUND
2025-06-16 14:00:27 | INFO |    Recommended Strategy: SELL_PREMIUM
2025-06-16 14:00:27 | INFO |    Market Regime: RANGE_BOUND_LOW_VOL
2025-06-16 14:00:27 | INFO |    Recommended Strategy: SELL_PREMIUM
2025-06-16 14:00:27 | INFO | ❌ SKIP SELL SIGNAL: SELL strategy requires stronger signals (minimum MODERATE)
2025-06-16 14:00:27 | INFO | 💾 Enhanced signal saved: S_20250616_140027
2025-06-16 14:00:27 | INFO | ⏭️  Enhanced signal skipped: SELL strategy requires stronger signals (minimum MODERATE)
2025-06-16 14:00:38 | INFO | ⏰ Loop #481: 14:00:38 [REAL DATA MODE]
2025-06-16 14:00:57 | INFO | ⏰ Enhanced Loop #474: 14:00:57 [SELL STRATEGY MODE]
2025-06-16 14:01:08 | INFO | ⏰ Loop #482: 14:01:08 [REAL DATA MODE]
2025-06-16 14:01:08 | INFO | 📊 New dashboard data detected: enhanced_tabbed_dashboard_20250616.html
2025-06-16 14:01:08 | INFO | 📊 Parsing dashboard: enhanced_tabbed_dashboard_20250616.html
2025-06-16 14:01:08 | INFO | 📈 Extracted trend: 118
2025-06-16 14:01:08 | INFO | 🎯 Confidence: 95.0%
2025-06-16 14:01:08 | INFO | 💰 Combined flow: 65.41M
2025-06-16 14:01:08 | INFO | ✅ Dashboard parsed successfully
2025-06-16 14:01:08 | INFO | 🔍 Analyzing signal...
2025-06-16 14:01:08 | INFO |    Cumulative Trend: 118
2025-06-16 14:01:08 | INFO |    Confidence: 95.0%
2025-06-16 14:01:08 | INFO |    Combined Flow: +65.41M
2025-06-16 14:01:08 | INFO |    Trend Strength: WEAK
2025-06-16 14:01:08 | INFO | ❌ SKIP SIGNAL: Trend too weak (below 1k threshold)
2025-06-16 14:01:08 | INFO | 💾 Signal saved: S_20250616_140108
2025-06-16 14:01:08 | INFO | ⏭️  Signal skipped: Trend too weak (below 1k threshold)
2025-06-16 14:01:27 | INFO | ⏰ Enhanced Loop #475: 14:01:27 [SELL STRATEGY MODE]
2025-06-16 14:01:27 | INFO | 📊 New enhanced dashboard data detected: enhanced_tabbed_dashboard_20250616.html
2025-06-16 14:01:27 | INFO | 📊 Parsing dashboard: enhanced_tabbed_dashboard_20250616.html
2025-06-16 14:01:27 | INFO | 📈 Extracted trend: 118
2025-06-16 14:01:27 | INFO | 🎯 Confidence: 95.0%
2025-06-16 14:01:27 | INFO | 💰 Combined flow: 65.41M
2025-06-16 14:01:27 | INFO | ✅ Dashboard parsed successfully
2025-06-16 14:01:27 | INFO | 🔍 Enhanced Signal Analysis...
2025-06-16 14:01:27 | INFO |    Cumulative Trend: 118
2025-06-16 14:01:27 | INFO |    Confidence: 95.0%
2025-06-16 14:01:27 | INFO |    Combined Flow: +65.41M
2025-06-16 14:01:27 | INFO | 📈 Real Spot Price: ₹24940.45 at 2025-06-16 13:57:04
2025-06-16 14:01:27 | INFO | 📊 Market Regime Detection:
2025-06-16 14:01:27 | INFO |    Primary Regime: POST_GAP_CONSOLIDATION
2025-06-16 14:01:27 | INFO |    Volatility: NORMAL_VOLATILITY (70.0%ile)
2025-06-16 14:01:27 | INFO |    Range Status: RANGE_BOUND
2025-06-16 14:01:27 | INFO |    Recommended Strategy: SELL_PREMIUM
2025-06-16 14:01:27 | INFO |    Market Regime: POST_GAP_CONSOLIDATION
2025-06-16 14:01:27 | INFO |    Recommended Strategy: SELL_PREMIUM
2025-06-16 14:01:27 | INFO | ❌ SKIP SELL SIGNAL: SELL strategy requires stronger signals (minimum MODERATE)
2025-06-16 14:01:27 | INFO | 💾 Enhanced signal saved: S_20250616_140127
2025-06-16 14:01:27 | INFO | ⏭️  Enhanced signal skipped: SELL strategy requires stronger signals (minimum MODERATE)
2025-06-16 14:01:38 | INFO | ⏰ Loop #483: 14:01:38 [REAL DATA MODE]
2025-06-16 14:01:57 | INFO | ⏰ Enhanced Loop #476: 14:01:57 [SELL STRATEGY MODE]
2025-06-16 14:02:08 | INFO | ⏰ Loop #484: 14:02:08 [REAL DATA MODE]
2025-06-16 14:02:08 | INFO | 📊 New dashboard data detected: enhanced_tabbed_dashboard_20250616.html
2025-06-16 14:02:08 | INFO | 📊 Parsing dashboard: enhanced_tabbed_dashboard_20250616.html
2025-06-16 14:02:08 | INFO | 📈 Extracted trend: 118
2025-06-16 14:02:08 | INFO | 🎯 Confidence: 95.0%
2025-06-16 14:02:08 | INFO | 💰 Combined flow: 65.41M
2025-06-16 14:02:08 | INFO | ✅ Dashboard parsed successfully
2025-06-16 14:02:08 | INFO | 🔍 Analyzing signal...
2025-06-16 14:02:08 | INFO |    Cumulative Trend: 118
2025-06-16 14:02:08 | INFO |    Confidence: 95.0%
2025-06-16 14:02:08 | INFO |    Combined Flow: +65.41M
2025-06-16 14:02:08 | INFO |    Trend Strength: WEAK
2025-06-16 14:02:08 | INFO | ❌ SKIP SIGNAL: Trend too weak (below 1k threshold)
2025-06-16 14:02:08 | INFO | 💾 Signal saved: S_20250616_140208
2025-06-16 14:02:08 | INFO | ⏭️  Signal skipped: Trend too weak (below 1k threshold)
2025-06-16 14:02:27 | INFO | ⏰ Enhanced Loop #477: 14:02:27 [SELL STRATEGY MODE]
2025-06-16 14:02:27 | INFO | 📊 New enhanced dashboard data detected: enhanced_tabbed_dashboard_20250616.html
2025-06-16 14:02:27 | INFO | 📊 Parsing dashboard: enhanced_tabbed_dashboard_20250616.html
2025-06-16 14:02:27 | INFO | 📈 Extracted trend: 118
2025-06-16 14:02:27 | INFO | 🎯 Confidence: 95.0%
2025-06-16 14:02:27 | INFO | 💰 Combined flow: 65.41M
2025-06-16 14:02:27 | INFO | ✅ Dashboard parsed successfully
2025-06-16 14:02:27 | INFO | 🔍 Enhanced Signal Analysis...
2025-06-16 14:02:27 | INFO |    Cumulative Trend: 118
2025-06-16 14:02:27 | INFO |    Confidence: 95.0%
2025-06-16 14:02:27 | INFO |    Combined Flow: +65.41M
2025-06-16 14:02:28 | INFO | 📈 Real Spot Price: ₹24942.50 at 2025-06-16 14:02:10
2025-06-16 14:02:28 | INFO | 📊 Market Regime Detection:
2025-06-16 14:02:28 | INFO |    Primary Regime: NORMAL_TRENDING
2025-06-16 14:02:28 | INFO |    Volatility: NORMAL_VOLATILITY (70.0%ile)
2025-06-16 14:02:28 | INFO |    Range Status: RANGE_BOUND
2025-06-16 14:02:28 | INFO |    Recommended Strategy: BUY_OPTIONS
2025-06-16 14:02:28 | INFO |    Market Regime: NORMAL_TRENDING
2025-06-16 14:02:28 | INFO |    Recommended Strategy: BUY_OPTIONS
2025-06-16 14:02:28 | INFO | 🔍 Analyzing signal...
2025-06-16 14:02:28 | INFO |    Cumulative Trend: 118
2025-06-16 14:02:28 | INFO |    Confidence: 95.0%
2025-06-16 14:02:28 | INFO |    Combined Flow: +65.41M
2025-06-16 14:02:28 | INFO |    Trend Strength: WEAK
2025-06-16 14:02:28 | INFO | ❌ SKIP SIGNAL: Trend too weak (below 1k threshold)
2025-06-16 14:02:28 | INFO | 💾 Enhanced signal saved: S_20250616_140228
2025-06-16 14:02:28 | INFO | ⏭️  Enhanced signal skipped: Trend too weak (below 1k threshold)
2025-06-16 14:02:38 | INFO | ⏰ Loop #485: 14:02:38 [REAL DATA MODE]
2025-06-16 14:02:58 | INFO | ⏰ Enhanced Loop #478: 14:02:58 [SELL STRATEGY MODE]
2025-06-16 14:03:08 | INFO | ⏰ Loop #486: 14:03:08 [REAL DATA MODE]
2025-06-16 14:03:08 | INFO | 📊 New dashboard data detected: enhanced_tabbed_dashboard_20250616.html
2025-06-16 14:03:08 | INFO | 📊 Parsing dashboard: enhanced_tabbed_dashboard_20250616.html
2025-06-16 14:03:08 | INFO | 📈 Extracted trend: 130
2025-06-16 14:03:08 | INFO | 🎯 Confidence: 95.0%
2025-06-16 14:03:08 | INFO | 💰 Combined flow: 10.85M
2025-06-16 14:03:08 | INFO | ✅ Dashboard parsed successfully
2025-06-16 14:03:08 | INFO | 🔍 Analyzing signal...
2025-06-16 14:03:08 | INFO |    Cumulative Trend: 130
2025-06-16 14:03:08 | INFO |    Confidence: 95.0%
2025-06-16 14:03:08 | INFO |    Combined Flow: +10.85M
2025-06-16 14:03:08 | INFO |    Trend Strength: WEAK
2025-06-16 14:03:08 | INFO | ❌ SKIP SIGNAL: Trend too weak (below 1k threshold)
2025-06-16 14:03:08 | INFO | 💾 Signal saved: S_20250616_140308
2025-06-16 14:03:08 | INFO | ⏭️  Signal skipped: Trend too weak (below 1k threshold)
2025-06-16 14:03:28 | INFO | ⏰ Enhanced Loop #479: 14:03:28 [SELL STRATEGY MODE]
2025-06-16 14:03:28 | INFO | 📊 New enhanced dashboard data detected: enhanced_tabbed_dashboard_20250616.html
2025-06-16 14:03:28 | INFO | 📊 Parsing dashboard: enhanced_tabbed_dashboard_20250616.html
2025-06-16 14:03:28 | INFO | 📈 Extracted trend: 130
2025-06-16 14:03:28 | INFO | 🎯 Confidence: 95.0%
2025-06-16 14:03:28 | INFO | 💰 Combined flow: 10.85M
2025-06-16 14:03:28 | INFO | ✅ Dashboard parsed successfully
2025-06-16 14:03:28 | INFO | 🔍 Enhanced Signal Analysis...
2025-06-16 14:03:28 | INFO |    Cumulative Trend: 130
2025-06-16 14:03:28 | INFO |    Confidence: 95.0%
2025-06-16 14:03:28 | INFO |    Combined Flow: +10.85M
2025-06-16 14:03:29 | INFO | 📈 Real Spot Price: ₹24942.50 at 2025-06-16 14:02:10
2025-06-16 14:03:29 | INFO | 📊 Market Regime Detection:
2025-06-16 14:03:29 | INFO |    Primary Regime: RANGE_BOUND_LOW_VOL
2025-06-16 14:03:29 | INFO |    Volatility: LOW_VOLATILITY (20.0%ile)
2025-06-16 14:03:29 | INFO |    Range Status: RANGE_BOUND
2025-06-16 14:03:29 | INFO |    Recommended Strategy: SELL_PREMIUM
2025-06-16 14:03:29 | INFO |    Market Regime: RANGE_BOUND_LOW_VOL
2025-06-16 14:03:29 | INFO |    Recommended Strategy: SELL_PREMIUM
2025-06-16 14:03:29 | INFO | ❌ SKIP SELL SIGNAL: SELL strategy requires stronger signals (minimum MODERATE)
2025-06-16 14:03:29 | INFO | 💾 Enhanced signal saved: S_20250616_140329
2025-06-16 14:03:29 | INFO | ⏭️  Enhanced signal skipped: SELL strategy requires stronger signals (minimum MODERATE)
2025-06-16 14:03:38 | INFO | ⏰ Loop #487: 14:03:38 [REAL DATA MODE]
2025-06-16 14:03:59 | INFO | ⏰ Enhanced Loop #480: 14:03:59 [SELL STRATEGY MODE]
2025-06-16 14:03:59 | ERROR | ❌ Risk check failed: 'EnhancedPortfolioManager' object has no attribute 'get_portfolio_summary'
2025-06-16 14:03:59 | INFO | 
======================================================================
2025-06-16 14:03:59 | INFO | 📊 ENHANCED SYSTEM STATUS (SELL STRATEGY ENABLED)
2025-06-16 14:03:59 | INFO | ======================================================================
2025-06-16 14:03:59 | INFO | System Status: 🟢 RUNNING
2025-06-16 14:03:59 | INFO | Trading Status: 🟢 ENABLED
2025-06-16 14:03:59 | INFO | 💰 Current Capital: ₹100,000.00
2025-06-16 14:03:59 | INFO | 💸 Available Capital: ₹100,000.00
2025-06-16 14:03:59 | INFO | ⚖️  Capital at Risk (BUY): ₹0.00
2025-06-16 14:03:59 | INFO | 🏦 Margin Utilized (SELL): ₹0.00
2025-06-16 14:03:59 | INFO | 💵 Premium Collected: ₹0.00
2025-06-16 14:03:59 | INFO | 📈 Daily P&L: ₹+0.00
2025-06-16 14:03:59 | INFO | 💼 Total Active Positions: 0
2025-06-16 14:03:59 | INFO | 📊 BUY Positions: 0 | SELL Positions: 0
2025-06-16 14:03:59 | INFO | 📊 Trades Today: 0
2025-06-16 14:03:59 | INFO | 🟢 Total Risk Exposure: 0.0%
2025-06-16 14:03:59 | INFO | 📈 Real Spot Price: ₹24942.50 at 2025-06-16 14:02:10
2025-06-16 14:03:59 | INFO | 📊 Market Regime Detection:
2025-06-16 14:03:59 | INFO |    Primary Regime: NORMAL_TRENDING
2025-06-16 14:03:59 | INFO |    Volatility: NORMAL_VOLATILITY (60.0%ile)
2025-06-16 14:03:59 | INFO |    Range Status: RANGE_BOUND
2025-06-16 14:03:59 | INFO |    Recommended Strategy: BUY_OPTIONS
2025-06-16 14:03:59 | INFO | 🏛️  Market Regime: NORMAL_TRENDING
2025-06-16 14:03:59 | INFO | 📊 Volatility: 60%ile (NORMAL_VOLATILITY)
2025-06-16 14:03:59 | INFO | 🎯 Recommended Strategy: BUY_OPTIONS
2025-06-16 14:03:59 | INFO | 
🎯 ENHANCED STRATEGY THRESHOLDS:
2025-06-16 14:03:59 | INFO |   BUY Strategy (Trending Markets):
2025-06-16 14:03:59 | INFO |     SUPER_EXTREME: ±100,000 (4 lots)
2025-06-16 14:03:59 | INFO |     EXTREME: ±50,000 (3 lots)
2025-06-16 14:03:59 | INFO |   SELL Strategy (Range-bound/Low Vol):
2025-06-16 14:03:59 | INFO |     Range Detection: <2.0% price range
2025-06-16 14:03:59 | INFO |     Volatility Threshold: 15-35%ile
2025-06-16 14:03:59 | INFO |     Max SELL Positions: 2
2025-06-16 14:03:59 | INFO |     Max Margin Utilization: 60%
2025-06-16 14:03:59 | INFO | ======================================================================
2025-06-16 14:04:00 | INFO | 📈 Real Spot Price: ₹24942.50 at 2025-06-16 14:02:10
2025-06-16 14:04:00 | INFO | 
==================================================
2025-06-16 14:04:00 | INFO | 📊 ENHANCED REAL-TIME DATA STATUS
2025-06-16 14:04:00 | INFO | ==================================================
2025-06-16 14:04:00 | INFO | 📈 Current Nifty Spot: ₹24942.50
2025-06-16 14:04:00 | INFO | 📈 Real Spot Price: ₹24942.50 at 2025-06-16 14:02:10
2025-06-16 14:04:00 | INFO | 📊 Market Regime Detection:
2025-06-16 14:04:00 | INFO |    Primary Regime: HIGH_VOLATILITY_TRENDING
2025-06-16 14:04:00 | INFO |    Volatility: HIGH_VOLATILITY (80.0%ile)
2025-06-16 14:04:00 | INFO |    Range Status: RANGE_BOUND
2025-06-16 14:04:00 | INFO |    Recommended Strategy: BUY_OPTIONS
2025-06-16 14:04:00 | INFO | 🏛️  Current Market Regime: HIGH_VOLATILITY_TRENDING
2025-06-16 14:04:00 | INFO | 📊 Volatility Regime: HIGH_VOLATILITY
2025-06-16 14:04:00 | INFO | 🎯 Strategy Recommendation: BUY_OPTIONS
2025-06-16 14:04:00 | INFO | 🕒 Data Source: Real-time option chain database
2025-06-16 14:04:00 | INFO | 🔄 Update Frequency: Every 5 minutes
2025-06-16 14:04:00 | INFO | 🎯 SELL Strategy: ACTIVE
2025-06-16 14:04:00 | INFO | ==================================================
2025-06-16 14:04:08 | INFO | ⏰ Loop #488: 14:04:08 [REAL DATA MODE]
2025-06-16 14:04:08 | INFO | 📊 New dashboard data detected: enhanced_tabbed_dashboard_20250616.html
2025-06-16 14:04:08 | INFO | 📊 Parsing dashboard: enhanced_tabbed_dashboard_20250616.html
2025-06-16 14:04:08 | INFO | 📈 Extracted trend: 130
2025-06-16 14:04:08 | INFO | 🎯 Confidence: 95.0%
2025-06-16 14:04:08 | INFO | 💰 Combined flow: 10.85M
2025-06-16 14:04:08 | INFO | ✅ Dashboard parsed successfully
2025-06-16 14:04:08 | INFO | 🔍 Analyzing signal...
2025-06-16 14:04:08 | INFO |    Cumulative Trend: 130
2025-06-16 14:04:08 | INFO |    Confidence: 95.0%
2025-06-16 14:04:08 | INFO |    Combined Flow: +10.85M
2025-06-16 14:04:08 | INFO |    Trend Strength: WEAK
2025-06-16 14:04:08 | INFO | ❌ SKIP SIGNAL: Trend too weak (below 1k threshold)
2025-06-16 14:04:08 | INFO | 💾 Signal saved: S_20250616_140408
2025-06-16 14:04:08 | INFO | ⏭️  Signal skipped: Trend too weak (below 1k threshold)
2025-06-16 14:04:31 | INFO | ⏰ Enhanced Loop #481: 14:04:31 [SELL STRATEGY MODE]
2025-06-16 14:04:31 | INFO | 📊 New enhanced dashboard data detected: enhanced_tabbed_dashboard_20250616.html
2025-06-16 14:04:31 | INFO | 📊 Parsing dashboard: enhanced_tabbed_dashboard_20250616.html
2025-06-16 14:04:31 | INFO | 📈 Extracted trend: 130
2025-06-16 14:04:31 | INFO | 🎯 Confidence: 95.0%
2025-06-16 14:04:31 | INFO | 💰 Combined flow: 10.85M
2025-06-16 14:04:31 | INFO | ✅ Dashboard parsed successfully
2025-06-16 14:04:31 | INFO | 🔍 Enhanced Signal Analysis...
2025-06-16 14:04:31 | INFO |    Cumulative Trend: 130
2025-06-16 14:04:31 | INFO |    Confidence: 95.0%
2025-06-16 14:04:31 | INFO |    Combined Flow: +10.85M
2025-06-16 14:04:31 | INFO | 📈 Real Spot Price: ₹24942.50 at 2025-06-16 14:02:10
2025-06-16 14:04:31 | INFO | 📊 Market Regime Detection:
2025-06-16 14:04:31 | INFO |    Primary Regime: POST_GAP_CONSOLIDATION
2025-06-16 14:04:31 | INFO |    Volatility: NORMAL_VOLATILITY (70.0%ile)
2025-06-16 14:04:31 | INFO |    Range Status: RANGE_BOUND
2025-06-16 14:04:31 | INFO |    Recommended Strategy: SELL_PREMIUM
2025-06-16 14:04:31 | INFO |    Market Regime: POST_GAP_CONSOLIDATION
2025-06-16 14:04:31 | INFO |    Recommended Strategy: SELL_PREMIUM
2025-06-16 14:04:31 | INFO | ❌ SKIP SELL SIGNAL: SELL strategy requires stronger signals (minimum MODERATE)
2025-06-16 14:04:31 | INFO | 💾 Enhanced signal saved: S_20250616_140431
2025-06-16 14:04:31 | INFO | ⏭️  Enhanced signal skipped: SELL strategy requires stronger signals (minimum MODERATE)
2025-06-16 14:04:38 | INFO | ⏰ Loop #489: 14:04:38 [REAL DATA MODE]
2025-06-16 14:05:01 | INFO | ⏰ Enhanced Loop #482: 14:05:01 [SELL STRATEGY MODE]
2025-06-16 14:05:08 | INFO | ⏰ Loop #490: 14:05:08 [REAL DATA MODE]
2025-06-16 14:05:08 | INFO | 📊 New dashboard data detected: enhanced_tabbed_dashboard_20250616.html
2025-06-16 14:05:08 | INFO | 📊 Parsing dashboard: enhanced_tabbed_dashboard_20250616.html
2025-06-16 14:05:08 | INFO | 📈 Extracted trend: 130
2025-06-16 14:05:08 | INFO | 🎯 Confidence: 95.0%
2025-06-16 14:05:08 | INFO | 💰 Combined flow: 10.85M
2025-06-16 14:05:08 | INFO | ✅ Dashboard parsed successfully
2025-06-16 14:05:08 | INFO | 🔍 Analyzing signal...
2025-06-16 14:05:08 | INFO |    Cumulative Trend: 130
2025-06-16 14:05:08 | INFO |    Confidence: 95.0%
2025-06-16 14:05:08 | INFO |    Combined Flow: +10.85M
2025-06-16 14:05:08 | INFO |    Trend Strength: WEAK
2025-06-16 14:05:08 | INFO | ❌ SKIP SIGNAL: Trend too weak (below 1k threshold)
2025-06-16 14:05:08 | INFO | 💾 Signal saved: S_20250616_140508
2025-06-16 14:05:08 | INFO | ⏭️  Signal skipped: Trend too weak (below 1k threshold)
2025-06-16 14:05:31 | INFO | ⏰ Enhanced Loop #483: 14:05:31 [SELL STRATEGY MODE]
2025-06-16 14:05:31 | INFO | 📊 New enhanced dashboard data detected: enhanced_tabbed_dashboard_20250616.html
2025-06-16 14:05:31 | INFO | 📊 Parsing dashboard: enhanced_tabbed_dashboard_20250616.html
2025-06-16 14:05:31 | INFO | 📈 Extracted trend: 130
2025-06-16 14:05:31 | INFO | 🎯 Confidence: 95.0%
2025-06-16 14:05:31 | INFO | 💰 Combined flow: 10.85M
2025-06-16 14:05:31 | INFO | ✅ Dashboard parsed successfully
2025-06-16 14:05:31 | INFO | 🔍 Enhanced Signal Analysis...
2025-06-16 14:05:31 | INFO |    Cumulative Trend: 130
2025-06-16 14:05:31 | INFO |    Confidence: 95.0%
2025-06-16 14:05:31 | INFO |    Combined Flow: +10.85M
2025-06-16 14:05:32 | INFO | 📈 Real Spot Price: ₹24942.50 at 2025-06-16 14:02:10
2025-06-16 14:05:32 | INFO | 📊 Market Regime Detection:
2025-06-16 14:05:32 | INFO |    Primary Regime: RANGE_BOUND_LOW_VOL
2025-06-16 14:05:32 | INFO |    Volatility: LOW_VOLATILITY (20.0%ile)
2025-06-16 14:05:32 | INFO |    Range Status: RANGE_BOUND
2025-06-16 14:05:32 | INFO |    Recommended Strategy: SELL_PREMIUM
2025-06-16 14:05:32 | INFO |    Market Regime: RANGE_BOUND_LOW_VOL
2025-06-16 14:05:32 | INFO |    Recommended Strategy: SELL_PREMIUM
2025-06-16 14:05:32 | INFO | ❌ SKIP SELL SIGNAL: SELL strategy requires stronger signals (minimum MODERATE)
2025-06-16 14:05:32 | INFO | 💾 Enhanced signal saved: S_20250616_140532
2025-06-16 14:05:32 | INFO | ⏭️  Enhanced signal skipped: SELL strategy requires stronger signals (minimum MODERATE)
2025-06-16 14:05:38 | INFO | ⏰ Loop #491: 14:05:38 [REAL DATA MODE]
2025-06-16 14:06:02 | INFO | ⏰ Enhanced Loop #484: 14:06:02 [SELL STRATEGY MODE]
2025-06-16 14:06:08 | INFO | ⏰ Loop #492: 14:06:08 [REAL DATA MODE]
2025-06-16 14:06:08 | INFO | 📊 New dashboard data detected: enhanced_tabbed_dashboard_20250616.html
2025-06-16 14:06:08 | INFO | 📊 Parsing dashboard: enhanced_tabbed_dashboard_20250616.html
2025-06-16 14:06:08 | INFO | 📈 Extracted trend: 138
2025-06-16 14:06:08 | INFO | 🎯 Confidence: 95.0%
2025-06-16 14:06:08 | INFO | 💰 Combined flow: 18.11M
2025-06-16 14:06:08 | INFO | ✅ Dashboard parsed successfully
2025-06-16 14:06:08 | INFO | 🔍 Analyzing signal...
2025-06-16 14:06:08 | INFO |    Cumulative Trend: 138
2025-06-16 14:06:08 | INFO |    Confidence: 95.0%
2025-06-16 14:06:08 | INFO |    Combined Flow: +18.11M
2025-06-16 14:06:08 | INFO |    Trend Strength: WEAK
2025-06-16 14:06:08 | INFO | ❌ SKIP SIGNAL: Trend too weak (below 1k threshold)
2025-06-16 14:06:08 | INFO | 💾 Signal saved: S_20250616_140608
2025-06-16 14:06:08 | INFO | ⏭️  Signal skipped: Trend too weak (below 1k threshold)
2025-06-16 14:06:32 | INFO | ⏰ Enhanced Loop #485: 14:06:32 [SELL STRATEGY MODE]
2025-06-16 14:06:32 | INFO | 📊 New enhanced dashboard data detected: enhanced_tabbed_dashboard_20250616.html
2025-06-16 14:06:32 | INFO | 📊 Parsing dashboard: enhanced_tabbed_dashboard_20250616.html
2025-06-16 14:06:32 | INFO | 📈 Extracted trend: 138
2025-06-16 14:06:32 | INFO | 🎯 Confidence: 95.0%
2025-06-16 14:06:32 | INFO | 💰 Combined flow: 18.11M
2025-06-16 14:06:32 | INFO | ✅ Dashboard parsed successfully
2025-06-16 14:06:32 | INFO | 🔍 Enhanced Signal Analysis...
2025-06-16 14:06:32 | INFO |    Cumulative Trend: 138
2025-06-16 14:06:32 | INFO |    Confidence: 95.0%
2025-06-16 14:06:32 | INFO |    Combined Flow: +18.11M
2025-06-16 14:06:32 | INFO | 📈 Real Spot Price: ₹24942.50 at 2025-06-16 14:02:10
2025-06-16 14:06:32 | INFO | 📊 Market Regime Detection:
2025-06-16 14:06:32 | INFO |    Primary Regime: RANGE_BOUND_LOW_VOL
2025-06-16 14:06:32 | INFO |    Volatility: LOW_VOLATILITY (10.0%ile)
2025-06-16 14:06:32 | INFO |    Range Status: RANGE_BOUND
2025-06-16 14:06:32 | INFO |    Recommended Strategy: SELL_PREMIUM
2025-06-16 14:06:32 | INFO |    Market Regime: RANGE_BOUND_LOW_VOL
2025-06-16 14:06:32 | INFO |    Recommended Strategy: SELL_PREMIUM
2025-06-16 14:06:32 | INFO | ❌ SKIP SELL SIGNAL: SELL strategy requires stronger signals (minimum MODERATE)
2025-06-16 14:06:32 | INFO | 💾 Enhanced signal saved: S_20250616_140632
2025-06-16 14:06:32 | INFO | ⏭️  Enhanced signal skipped: SELL strategy requires stronger signals (minimum MODERATE)
2025-06-16 14:06:38 | INFO | ⏰ Loop #493: 14:06:38 [REAL DATA MODE]
2025-06-16 14:07:03 | INFO | ⏰ Enhanced Loop #486: 14:07:03 [SELL STRATEGY MODE]
2025-06-16 14:07:08 | INFO | ⏰ Loop #494: 14:07:08 [REAL DATA MODE]
2025-06-16 14:07:33 | INFO | ⏰ Enhanced Loop #487: 14:07:33 [SELL STRATEGY MODE]
2025-06-16 14:07:33 | INFO | 📊 New enhanced dashboard data detected: enhanced_tabbed_dashboard_20250616.html
2025-06-16 14:07:33 | INFO | 📊 Parsing dashboard: enhanced_tabbed_dashboard_20250616.html
2025-06-16 14:07:33 | INFO | 📈 Extracted trend: 138
2025-06-16 14:07:33 | INFO | 🎯 Confidence: 95.0%
2025-06-16 14:07:33 | INFO | 💰 Combined flow: 18.11M
2025-06-16 14:07:33 | INFO | ✅ Dashboard parsed successfully
2025-06-16 14:07:33 | INFO | 🔍 Enhanced Signal Analysis...
2025-06-16 14:07:33 | INFO |    Cumulative Trend: 138
2025-06-16 14:07:33 | INFO |    Confidence: 95.0%
2025-06-16 14:07:33 | INFO |    Combined Flow: +18.11M
2025-06-16 14:07:33 | INFO | 📈 Real Spot Price: ₹24956.25 at 2025-06-16 14:07:15
2025-06-16 14:07:33 | INFO | 📊 Market Regime Detection:
2025-06-16 14:07:33 | INFO |    Primary Regime: RANGE_BOUND_LOW_VOL
2025-06-16 14:07:33 | INFO |    Volatility: LOW_VOLATILITY (10.0%ile)
2025-06-16 14:07:33 | INFO |    Range Status: RANGE_BOUND
2025-06-16 14:07:33 | INFO |    Recommended Strategy: SELL_PREMIUM
2025-06-16 14:07:33 | INFO |    Market Regime: RANGE_BOUND_LOW_VOL
2025-06-16 14:07:33 | INFO |    Recommended Strategy: SELL_PREMIUM
2025-06-16 14:07:33 | INFO | ❌ SKIP SELL SIGNAL: SELL strategy requires stronger signals (minimum MODERATE)
2025-06-16 14:07:33 | INFO | 💾 Enhanced signal saved: S_20250616_140733
2025-06-16 14:07:33 | INFO | ⏭️  Enhanced signal skipped: SELL strategy requires stronger signals (minimum MODERATE)
2025-06-16 14:07:38 | INFO | ⏰ Loop #495: 14:07:38 [REAL DATA MODE]
2025-06-16 14:07:38 | INFO | 📊 New dashboard data detected: enhanced_tabbed_dashboard_20250616.html
2025-06-16 14:07:38 | INFO | 📊 Parsing dashboard: enhanced_tabbed_dashboard_20250616.html
2025-06-16 14:07:38 | INFO | 📈 Extracted trend: 138
2025-06-16 14:07:38 | INFO | 🎯 Confidence: 95.0%
2025-06-16 14:07:38 | INFO | 💰 Combined flow: 18.11M
2025-06-16 14:07:38 | INFO | ✅ Dashboard parsed successfully
2025-06-16 14:07:38 | INFO | 🔍 Analyzing signal...
2025-06-16 14:07:38 | INFO |    Cumulative Trend: 138
2025-06-16 14:07:38 | INFO |    Confidence: 95.0%
2025-06-16 14:07:38 | INFO |    Combined Flow: +18.11M
2025-06-16 14:07:38 | INFO |    Trend Strength: WEAK
2025-06-16 14:07:38 | INFO | ❌ SKIP SIGNAL: Trend too weak (below 1k threshold)
2025-06-16 14:07:38 | INFO | 💾 Signal saved: S_20250616_140738
2025-06-16 14:07:38 | INFO | ⏭️  Signal skipped: Trend too weak (below 1k threshold)
2025-06-16 14:08:03 | INFO | ⏰ Enhanced Loop #488: 14:08:03 [SELL STRATEGY MODE]
2025-06-16 14:08:08 | INFO | ⏰ Loop #496: 14:08:08 [REAL DATA MODE]
2025-06-16 14:08:33 | INFO | ⏰ Enhanced Loop #489: 14:08:33 [SELL STRATEGY MODE]
2025-06-16 14:08:33 | INFO | 📊 New enhanced dashboard data detected: enhanced_tabbed_dashboard_20250616.html
2025-06-16 14:08:33 | INFO | 📊 Parsing dashboard: enhanced_tabbed_dashboard_20250616.html
2025-06-16 14:08:33 | INFO | 📈 Extracted trend: 138
2025-06-16 14:08:33 | INFO | 🎯 Confidence: 95.0%
2025-06-16 14:08:33 | INFO | 💰 Combined flow: 18.11M
2025-06-16 14:08:33 | INFO | ✅ Dashboard parsed successfully
2025-06-16 14:08:33 | INFO | 🔍 Enhanced Signal Analysis...
2025-06-16 14:08:33 | INFO |    Cumulative Trend: 138
2025-06-16 14:08:33 | INFO |    Confidence: 95.0%
2025-06-16 14:08:33 | INFO |    Combined Flow: +18.11M
2025-06-16 14:08:34 | INFO | 📈 Real Spot Price: ₹24956.25 at 2025-06-16 14:07:15
2025-06-16 14:08:34 | INFO | 📊 Market Regime Detection:
2025-06-16 14:08:34 | INFO |    Primary Regime: POST_GAP_CONSOLIDATION
2025-06-16 14:08:34 | INFO |    Volatility: NORMAL_VOLATILITY (50.0%ile)
2025-06-16 14:08:34 | INFO |    Range Status: RANGE_BOUND
2025-06-16 14:08:34 | INFO |    Recommended Strategy: SELL_PREMIUM
2025-06-16 14:08:34 | INFO |    Market Regime: POST_GAP_CONSOLIDATION
2025-06-16 14:08:34 | INFO |    Recommended Strategy: SELL_PREMIUM
2025-06-16 14:08:34 | INFO | ❌ SKIP SELL SIGNAL: SELL strategy requires stronger signals (minimum MODERATE)
2025-06-16 14:08:34 | INFO | 💾 Enhanced signal saved: S_20250616_140834
2025-06-16 14:08:34 | INFO | ⏭️  Enhanced signal skipped: SELL strategy requires stronger signals (minimum MODERATE)
2025-06-16 14:08:38 | INFO | ⏰ Loop #497: 14:08:38 [REAL DATA MODE]
2025-06-16 14:08:38 | INFO | 📊 New dashboard data detected: enhanced_tabbed_dashboard_20250616.html
2025-06-16 14:08:38 | INFO | 📊 Parsing dashboard: enhanced_tabbed_dashboard_20250616.html
2025-06-16 14:08:38 | INFO | 📈 Extracted trend: 138
2025-06-16 14:08:38 | INFO | 🎯 Confidence: 95.0%
2025-06-16 14:08:38 | INFO | 💰 Combined flow: 18.11M
2025-06-16 14:08:38 | INFO | ✅ Dashboard parsed successfully
2025-06-16 14:08:38 | INFO | 🔍 Analyzing signal...
2025-06-16 14:08:38 | INFO |    Cumulative Trend: 138
2025-06-16 14:08:38 | INFO |    Confidence: 95.0%
2025-06-16 14:08:38 | INFO |    Combined Flow: +18.11M
2025-06-16 14:08:38 | INFO |    Trend Strength: WEAK
2025-06-16 14:08:38 | INFO | ❌ SKIP SIGNAL: Trend too weak (below 1k threshold)
2025-06-16 14:08:38 | INFO | 💾 Signal saved: S_20250616_140838
2025-06-16 14:08:38 | INFO | ⏭️  Signal skipped: Trend too weak (below 1k threshold)
2025-06-16 14:09:04 | INFO | ⏰ Enhanced Loop #490: 14:09:04 [SELL STRATEGY MODE]
2025-06-16 14:09:04 | ERROR | ❌ Risk check failed: 'EnhancedPortfolioManager' object has no attribute 'get_portfolio_summary'
2025-06-16 14:09:08 | INFO | ⏰ Loop #498: 14:09:08 [REAL DATA MODE]
2025-06-16 14:09:34 | INFO | ⏰ Enhanced Loop #491: 14:09:34 [SELL STRATEGY MODE]
2025-06-16 14:09:34 | INFO | 📊 New enhanced dashboard data detected: enhanced_tabbed_dashboard_20250616.html
2025-06-16 14:09:34 | INFO | 📊 Parsing dashboard: enhanced_tabbed_dashboard_20250616.html
2025-06-16 14:09:34 | INFO | 📈 Extracted trend: 134
2025-06-16 14:09:34 | INFO | 🎯 Confidence: 95.0%
2025-06-16 14:09:34 | INFO | 💰 Combined flow: -3.20M
2025-06-16 14:09:34 | INFO | ✅ Dashboard parsed successfully
2025-06-16 14:09:34 | INFO | 🔍 Enhanced Signal Analysis...
2025-06-16 14:09:34 | INFO |    Cumulative Trend: 134
2025-06-16 14:09:34 | INFO |    Confidence: 95.0%
2025-06-16 14:09:34 | INFO |    Combined Flow: -3.20M
2025-06-16 14:09:35 | INFO | 📈 Real Spot Price: ₹24956.25 at 2025-06-16 14:07:15
2025-06-16 14:09:35 | INFO | 📊 Market Regime Detection:
2025-06-16 14:09:35 | INFO |    Primary Regime: POST_GAP_CONSOLIDATION
2025-06-16 14:09:35 | INFO |    Volatility: NORMAL_VOLATILITY (40.0%ile)
2025-06-16 14:09:35 | INFO |    Range Status: RANGE_BOUND
2025-06-16 14:09:35 | INFO |    Recommended Strategy: SELL_PREMIUM
2025-06-16 14:09:35 | INFO |    Market Regime: POST_GAP_CONSOLIDATION
2025-06-16 14:09:35 | INFO |    Recommended Strategy: SELL_PREMIUM
2025-06-16 14:09:35 | INFO | ❌ SKIP SELL SIGNAL: SELL strategy requires stronger signals (minimum MODERATE)
2025-06-16 14:09:35 | INFO | 💾 Enhanced signal saved: S_20250616_140935
2025-06-16 14:09:35 | INFO | ⏭️  Enhanced signal skipped: SELL strategy requires stronger signals (minimum MODERATE)
2025-06-16 14:09:38 | INFO | ⏰ Loop #499: 14:09:38 [REAL DATA MODE]
2025-06-16 14:09:38 | INFO | 📊 New dashboard data detected: enhanced_tabbed_dashboard_20250616.html
2025-06-16 14:09:38 | INFO | 📊 Parsing dashboard: enhanced_tabbed_dashboard_20250616.html
2025-06-16 14:09:38 | INFO | 📈 Extracted trend: 134
2025-06-16 14:09:38 | INFO | 🎯 Confidence: 95.0%
2025-06-16 14:09:38 | INFO | 💰 Combined flow: -3.20M
2025-06-16 14:09:38 | INFO | ✅ Dashboard parsed successfully
2025-06-16 14:09:38 | INFO | 🔍 Analyzing signal...
2025-06-16 14:09:38 | INFO |    Cumulative Trend: 134
2025-06-16 14:09:38 | INFO |    Confidence: 95.0%
2025-06-16 14:09:38 | INFO |    Combined Flow: -3.20M
2025-06-16 14:09:38 | INFO |    Trend Strength: WEAK
2025-06-16 14:09:38 | INFO | ❌ SKIP SIGNAL: Trend too weak (below 1k threshold)
2025-06-16 14:09:38 | INFO | 💾 Signal saved: S_20250616_140938
2025-06-16 14:09:38 | INFO | ⏭️  Signal skipped: Trend too weak (below 1k threshold)
2025-06-16 14:10:05 | INFO | ⏰ Enhanced Loop #492: 14:10:05 [SELL STRATEGY MODE]
2025-06-16 14:10:08 | INFO | ⏰ Loop #500: 14:10:08 [REAL DATA MODE]
2025-06-16 14:10:08 | INFO | 
======================================================================
2025-06-16 14:10:08 | INFO | 📊 ENHANCED SYSTEM STATUS
2025-06-16 14:10:08 | INFO | ======================================================================
2025-06-16 14:10:08 | INFO | System Status: 🟢 RUNNING
2025-06-16 14:10:08 | INFO | Trading Status: 🟢 ENABLED
2025-06-16 14:10:08 | INFO | 💰 Current Capital: ₹100,000.00
2025-06-16 14:10:08 | INFO | 💸 Available Capital: ₹100,000.00
2025-06-16 14:10:08 | INFO | ⚖️  Capital at Risk: ₹0.00
2025-06-16 14:10:08 | INFO | 📈 Daily P&L: ₹+0.00
2025-06-16 14:10:08 | INFO | 💼 Active Positions: 0
2025-06-16 14:10:08 | INFO | 📊 Trades Today: 0
2025-06-16 14:10:08 | INFO | 🟢 Risk Exposure: 0.0%
2025-06-16 14:10:08 | INFO | 📊 Latest Dashboard: enhanced_tabbed_dashboard_20250616.html
2025-06-16 14:10:08 | INFO | 🕒 Dashboard Modified: 2025-06-16 14:09:11
2025-06-16 14:10:08 | INFO | 📡 Signals Today: 240
2025-06-16 14:10:08 | INFO | 🕒 Last Check: 14:10:08
2025-06-16 14:10:08 | INFO | 
🎯 SIGNAL THRESHOLDS:
2025-06-16 14:10:08 | INFO |    SUPER_EXTREME: ±100,000 (4 lots)
2025-06-16 14:10:08 | INFO |    EXTREME: ±50,000 (3 lots)
2025-06-16 14:10:08 | INFO |    STRONG:  ±15,000 (2 lots)
2025-06-16 14:10:08 | INFO |    MODERATE: ±5,000 (1 lot)
2025-06-16 14:10:08 | INFO | ======================================================================
2025-06-16 14:10:09 | INFO | 
==================================================
2025-06-16 14:10:09 | INFO | 📊 REAL-TIME DATA STATUS
2025-06-16 14:10:09 | INFO | ==================================================
2025-06-16 14:10:09 | INFO | 📈 Current Nifty Spot: ₹24956.25
2025-06-16 14:10:09 | INFO | 🕒 Data Source: Real-time option chain database
2025-06-16 14:10:09 | INFO | 🔄 Update Frequency: Every 5 minutes
2025-06-16 14:10:09 | INFO | ==================================================
2025-06-16 14:10:35 | INFO | ⏰ Enhanced Loop #493: 14:10:35 [SELL STRATEGY MODE]
2025-06-16 14:10:35 | INFO | 📊 New enhanced dashboard data detected: enhanced_tabbed_dashboard_20250616.html
2025-06-16 14:10:35 | INFO | 📊 Parsing dashboard: enhanced_tabbed_dashboard_20250616.html
2025-06-16 14:10:35 | INFO | 📈 Extracted trend: 134
2025-06-16 14:10:35 | INFO | 🎯 Confidence: 95.0%
2025-06-16 14:10:35 | INFO | 💰 Combined flow: -3.20M
2025-06-16 14:10:35 | INFO | ✅ Dashboard parsed successfully
2025-06-16 14:10:35 | INFO | 🔍 Enhanced Signal Analysis...
2025-06-16 14:10:35 | INFO |    Cumulative Trend: 134
2025-06-16 14:10:35 | INFO |    Confidence: 95.0%
2025-06-16 14:10:35 | INFO |    Combined Flow: -3.20M
2025-06-16 14:10:35 | INFO | 📈 Real Spot Price: ₹24956.25 at 2025-06-16 14:07:15
2025-06-16 14:10:35 | INFO | 📊 Market Regime Detection:
2025-06-16 14:10:35 | INFO |    Primary Regime: RANGE_BOUND_LOW_VOL
2025-06-16 14:10:35 | INFO |    Volatility: LOW_VOLATILITY (20.0%ile)
2025-06-16 14:10:35 | INFO |    Range Status: RANGE_BOUND
2025-06-16 14:10:35 | INFO |    Recommended Strategy: SELL_PREMIUM
2025-06-16 14:10:35 | INFO |    Market Regime: RANGE_BOUND_LOW_VOL
2025-06-16 14:10:35 | INFO |    Recommended Strategy: SELL_PREMIUM
2025-06-16 14:10:35 | INFO | ❌ SKIP SELL SIGNAL: SELL strategy requires stronger signals (minimum MODERATE)
2025-06-16 14:10:35 | INFO | 💾 Enhanced signal saved: S_20250616_141035
2025-06-16 14:10:35 | INFO | ⏭️  Enhanced signal skipped: SELL strategy requires stronger signals (minimum MODERATE)
2025-06-16 14:10:39 | INFO | ⏰ Loop #501: 14:10:39 [REAL DATA MODE]
2025-06-16 14:10:39 | INFO | 📊 New dashboard data detected: enhanced_tabbed_dashboard_20250616.html
2025-06-16 14:10:39 | INFO | 📊 Parsing dashboard: enhanced_tabbed_dashboard_20250616.html
2025-06-16 14:10:39 | INFO | 📈 Extracted trend: 134
2025-06-16 14:10:39 | INFO | 🎯 Confidence: 95.0%
2025-06-16 14:10:39 | INFO | 💰 Combined flow: -3.20M
2025-06-16 14:10:39 | INFO | ✅ Dashboard parsed successfully
2025-06-16 14:10:39 | INFO | 🔍 Analyzing signal...
2025-06-16 14:10:39 | INFO |    Cumulative Trend: 134
2025-06-16 14:10:39 | INFO |    Confidence: 95.0%
2025-06-16 14:10:39 | INFO |    Combined Flow: -3.20M
2025-06-16 14:10:39 | INFO |    Trend Strength: WEAK
2025-06-16 14:10:39 | INFO | ❌ SKIP SIGNAL: Trend too weak (below 1k threshold)
2025-06-16 14:10:39 | INFO | 💾 Signal saved: S_20250616_141039
2025-06-16 14:10:39 | INFO | ⏭️  Signal skipped: Trend too weak (below 1k threshold)
2025-06-16 14:11:05 | INFO | ⏰ Enhanced Loop #494: 14:11:05 [SELL STRATEGY MODE]
2025-06-16 14:11:09 | INFO | ⏰ Loop #502: 14:11:09 [REAL DATA MODE]
2025-06-16 14:11:35 | INFO | ⏰ Enhanced Loop #495: 14:11:35 [SELL STRATEGY MODE]
2025-06-16 14:11:35 | INFO | 📊 New enhanced dashboard data detected: enhanced_tabbed_dashboard_20250616.html
2025-06-16 14:11:35 | INFO | 📊 Parsing dashboard: enhanced_tabbed_dashboard_20250616.html
2025-06-16 14:11:36 | INFO | 📈 Extracted trend: 134
2025-06-16 14:11:36 | INFO | 🎯 Confidence: 95.0%
2025-06-16 14:11:36 | INFO | 💰 Combined flow: -3.20M
2025-06-16 14:11:36 | INFO | ✅ Dashboard parsed successfully
2025-06-16 14:11:36 | INFO | 🔍 Enhanced Signal Analysis...
2025-06-16 14:11:36 | INFO |    Cumulative Trend: 134
2025-06-16 14:11:36 | INFO |    Confidence: 95.0%
2025-06-16 14:11:36 | INFO |    Combined Flow: -3.20M
2025-06-16 14:11:36 | INFO | 📈 Real Spot Price: ₹24956.25 at 2025-06-16 14:07:15
2025-06-16 14:11:36 | INFO | 📊 Market Regime Detection:
2025-06-16 14:11:36 | INFO |    Primary Regime: RANGE_BOUND_LOW_VOL
2025-06-16 14:11:36 | INFO |    Volatility: LOW_VOLATILITY (20.0%ile)
2025-06-16 14:11:36 | INFO |    Range Status: RANGE_BOUND
2025-06-16 14:11:36 | INFO |    Recommended Strategy: SELL_PREMIUM
2025-06-16 14:11:36 | INFO |    Market Regime: RANGE_BOUND_LOW_VOL
2025-06-16 14:11:36 | INFO |    Recommended Strategy: SELL_PREMIUM
2025-06-16 14:11:36 | INFO | ❌ SKIP SELL SIGNAL: SELL strategy requires stronger signals (minimum MODERATE)
2025-06-16 14:11:36 | INFO | 💾 Enhanced signal saved: S_20250616_141136
2025-06-16 14:11:36 | INFO | ⏭️  Enhanced signal skipped: SELL strategy requires stronger signals (minimum MODERATE)
2025-06-16 14:11:39 | INFO | ⏰ Loop #503: 14:11:39 [REAL DATA MODE]
2025-06-16 14:11:39 | INFO | 📊 New dashboard data detected: enhanced_tabbed_dashboard_20250616.html
2025-06-16 14:11:39 | INFO | 📊 Parsing dashboard: enhanced_tabbed_dashboard_20250616.html
2025-06-16 14:11:39 | INFO | 📈 Extracted trend: 134
2025-06-16 14:11:39 | INFO | 🎯 Confidence: 95.0%
2025-06-16 14:11:39 | INFO | 💰 Combined flow: -3.20M
2025-06-16 14:11:39 | INFO | ✅ Dashboard parsed successfully
2025-06-16 14:11:39 | INFO | 🔍 Analyzing signal...
2025-06-16 14:11:39 | INFO |    Cumulative Trend: 134
2025-06-16 14:11:39 | INFO |    Confidence: 95.0%
2025-06-16 14:11:39 | INFO |    Combined Flow: -3.20M
2025-06-16 14:11:39 | INFO |    Trend Strength: WEAK
2025-06-16 14:11:39 | INFO | ❌ SKIP SIGNAL: Trend too weak (below 1k threshold)
2025-06-16 14:11:39 | INFO | 💾 Signal saved: S_20250616_141139
2025-06-16 14:11:39 | INFO | ⏭️  Signal skipped: Trend too weak (below 1k threshold)
2025-06-16 14:12:06 | INFO | ⏰ Enhanced Loop #496: 14:12:06 [SELL STRATEGY MODE]
2025-06-16 14:12:09 | INFO | ⏰ Loop #504: 14:12:09 [REAL DATA MODE]
2025-06-16 14:12:36 | INFO | ⏰ Enhanced Loop #497: 14:12:36 [SELL STRATEGY MODE]
2025-06-16 14:12:36 | INFO | 📊 New enhanced dashboard data detected: enhanced_tabbed_dashboard_20250616.html
2025-06-16 14:12:36 | INFO | 📊 Parsing dashboard: enhanced_tabbed_dashboard_20250616.html
2025-06-16 14:12:36 | INFO | 📈 Extracted trend: 142
2025-06-16 14:12:36 | INFO | 🎯 Confidence: 95.0%
2025-06-16 14:12:36 | INFO | 💰 Combined flow: 3.72M
2025-06-16 14:12:36 | INFO | ✅ Dashboard parsed successfully
2025-06-16 14:12:36 | INFO | 🔍 Enhanced Signal Analysis...
2025-06-16 14:12:36 | INFO |    Cumulative Trend: 142
2025-06-16 14:12:36 | INFO |    Confidence: 95.0%
2025-06-16 14:12:36 | INFO |    Combined Flow: +3.72M
2025-06-16 14:12:37 | INFO | 📈 Real Spot Price: ₹24963.15 at 2025-06-16 14:12:21
2025-06-16 14:12:37 | INFO | 📊 Market Regime Detection:
2025-06-16 14:12:37 | INFO |    Primary Regime: NORMAL_TRENDING
2025-06-16 14:12:37 | INFO |    Volatility: NORMAL_VOLATILITY (70.0%ile)
2025-06-16 14:12:37 | INFO |    Range Status: RANGE_BOUND
2025-06-16 14:12:37 | INFO |    Recommended Strategy: BUY_OPTIONS
2025-06-16 14:12:37 | INFO |    Market Regime: NORMAL_TRENDING
2025-06-16 14:12:37 | INFO |    Recommended Strategy: BUY_OPTIONS
2025-06-16 14:12:37 | INFO | 🔍 Analyzing signal...
2025-06-16 14:12:37 | INFO |    Cumulative Trend: 142
2025-06-16 14:12:37 | INFO |    Confidence: 95.0%
2025-06-16 14:12:37 | INFO |    Combined Flow: +3.72M
2025-06-16 14:12:37 | INFO |    Trend Strength: WEAK
2025-06-16 14:12:37 | INFO | ❌ SKIP SIGNAL: Trend too weak (below 1k threshold)
2025-06-16 14:12:37 | INFO | 💾 Enhanced signal saved: S_20250616_141237
2025-06-16 14:12:37 | INFO | ⏭️  Enhanced signal skipped: Trend too weak (below 1k threshold)
2025-06-16 14:12:39 | INFO | ⏰ Loop #505: 14:12:39 [REAL DATA MODE]
2025-06-16 14:12:39 | INFO | 📊 New dashboard data detected: enhanced_tabbed_dashboard_20250616.html
2025-06-16 14:12:39 | INFO | 📊 Parsing dashboard: enhanced_tabbed_dashboard_20250616.html
2025-06-16 14:12:39 | INFO | 📈 Extracted trend: 142
2025-06-16 14:12:39 | INFO | 🎯 Confidence: 95.0%
2025-06-16 14:12:39 | INFO | 💰 Combined flow: 3.72M
2025-06-16 14:12:39 | INFO | ✅ Dashboard parsed successfully
2025-06-16 14:12:39 | INFO | 🔍 Analyzing signal...
2025-06-16 14:12:39 | INFO |    Cumulative Trend: 142
2025-06-16 14:12:39 | INFO |    Confidence: 95.0%
2025-06-16 14:12:39 | INFO |    Combined Flow: +3.72M
2025-06-16 14:12:39 | INFO |    Trend Strength: WEAK
2025-06-16 14:12:39 | INFO | ❌ SKIP SIGNAL: Trend too weak (below 1k threshold)
2025-06-16 14:12:39 | INFO | 💾 Signal saved: S_20250616_141239
2025-06-16 14:12:39 | INFO | ⏭️  Signal skipped: Trend too weak (below 1k threshold)
2025-06-16 14:13:07 | INFO | ⏰ Enhanced Loop #498: 14:13:07 [SELL STRATEGY MODE]
2025-06-16 14:13:09 | INFO | ⏰ Loop #506: 14:13:09 [REAL DATA MODE]
2025-06-16 14:13:37 | INFO | ⏰ Enhanced Loop #499: 14:13:37 [SELL STRATEGY MODE]
2025-06-16 14:13:37 | INFO | 📊 New enhanced dashboard data detected: enhanced_tabbed_dashboard_20250616.html
2025-06-16 14:13:37 | INFO | 📊 Parsing dashboard: enhanced_tabbed_dashboard_20250616.html
2025-06-16 14:13:37 | INFO | 📈 Extracted trend: 142
2025-06-16 14:13:37 | INFO | 🎯 Confidence: 95.0%
2025-06-16 14:13:37 | INFO | 💰 Combined flow: 3.72M
2025-06-16 14:13:37 | INFO | ✅ Dashboard parsed successfully
2025-06-16 14:13:37 | INFO | 🔍 Enhanced Signal Analysis...
2025-06-16 14:13:37 | INFO |    Cumulative Trend: 142
2025-06-16 14:13:37 | INFO |    Confidence: 95.0%
2025-06-16 14:13:37 | INFO |    Combined Flow: +3.72M
2025-06-16 14:13:38 | INFO | 📈 Real Spot Price: ₹24963.15 at 2025-06-16 14:12:21
2025-06-16 14:13:38 | INFO | 📊 Market Regime Detection:
2025-06-16 14:13:38 | INFO |    Primary Regime: NORMAL_TRENDING
2025-06-16 14:13:38 | INFO |    Volatility: NORMAL_VOLATILITY (40.0%ile)
2025-06-16 14:13:38 | INFO |    Range Status: RANGE_BOUND
2025-06-16 14:13:38 | INFO |    Recommended Strategy: BUY_OPTIONS
2025-06-16 14:13:38 | INFO |    Market Regime: NORMAL_TRENDING
2025-06-16 14:13:38 | INFO |    Recommended Strategy: BUY_OPTIONS
2025-06-16 14:13:38 | INFO | 🔍 Analyzing signal...
2025-06-16 14:13:38 | INFO |    Cumulative Trend: 142
2025-06-16 14:13:38 | INFO |    Confidence: 95.0%
2025-06-16 14:13:38 | INFO |    Combined Flow: +3.72M
2025-06-16 14:13:38 | INFO |    Trend Strength: WEAK
2025-06-16 14:13:38 | INFO | ❌ SKIP SIGNAL: Trend too weak (below 1k threshold)
2025-06-16 14:13:38 | INFO | 💾 Enhanced signal saved: S_20250616_141338
2025-06-16 14:13:38 | INFO | ⏭️  Enhanced signal skipped: Trend too weak (below 1k threshold)
2025-06-16 14:13:39 | INFO | ⏰ Loop #507: 14:13:39 [REAL DATA MODE]
2025-06-16 14:13:39 | INFO | 📊 New dashboard data detected: enhanced_tabbed_dashboard_20250616.html
2025-06-16 14:13:39 | INFO | 📊 Parsing dashboard: enhanced_tabbed_dashboard_20250616.html
2025-06-16 14:13:39 | INFO | 📈 Extracted trend: 142
2025-06-16 14:13:39 | INFO | 🎯 Confidence: 95.0%
2025-06-16 14:13:39 | INFO | 💰 Combined flow: 3.72M
2025-06-16 14:13:39 | INFO | ✅ Dashboard parsed successfully
2025-06-16 14:13:39 | INFO | 🔍 Analyzing signal...
2025-06-16 14:13:39 | INFO |    Cumulative Trend: 142
2025-06-16 14:13:39 | INFO |    Confidence: 95.0%
2025-06-16 14:13:39 | INFO |    Combined Flow: +3.72M
2025-06-16 14:13:39 | INFO |    Trend Strength: WEAK
2025-06-16 14:13:39 | INFO | ❌ SKIP SIGNAL: Trend too weak (below 1k threshold)
2025-06-16 14:13:39 | INFO | 💾 Signal saved: S_20250616_141339
2025-06-16 14:13:39 | INFO | ⏭️  Signal skipped: Trend too weak (below 1k threshold)
2025-06-16 14:14:08 | INFO | ⏰ Enhanced Loop #500: 14:14:08 [SELL STRATEGY MODE]
2025-06-16 14:14:08 | ERROR | ❌ Risk check failed: 'EnhancedPortfolioManager' object has no attribute 'get_portfolio_summary'
2025-06-16 14:14:08 | INFO | 
======================================================================
2025-06-16 14:14:08 | INFO | 📊 ENHANCED SYSTEM STATUS (SELL STRATEGY ENABLED)
2025-06-16 14:14:08 | INFO | ======================================================================
2025-06-16 14:14:08 | INFO | System Status: 🟢 RUNNING
2025-06-16 14:14:08 | INFO | Trading Status: 🟢 ENABLED
2025-06-16 14:14:08 | INFO | 💰 Current Capital: ₹100,000.00
2025-06-16 14:14:08 | INFO | 💸 Available Capital: ₹100,000.00
2025-06-16 14:14:08 | INFO | ⚖️  Capital at Risk (BUY): ₹0.00
2025-06-16 14:14:08 | INFO | 🏦 Margin Utilized (SELL): ₹0.00
2025-06-16 14:14:08 | INFO | 💵 Premium Collected: ₹0.00
2025-06-16 14:14:08 | INFO | 📈 Daily P&L: ₹+0.00
2025-06-16 14:14:08 | INFO | 💼 Total Active Positions: 0
2025-06-16 14:14:08 | INFO | 📊 BUY Positions: 0 | SELL Positions: 0
2025-06-16 14:14:08 | INFO | 📊 Trades Today: 0
2025-06-16 14:14:08 | INFO | 🟢 Total Risk Exposure: 0.0%
2025-06-16 14:14:08 | INFO | 📈 Real Spot Price: ₹24963.15 at 2025-06-16 14:12:21
2025-06-16 14:14:08 | INFO | 📊 Market Regime Detection:
2025-06-16 14:14:08 | INFO |    Primary Regime: RANGE_BOUND_LOW_VOL
2025-06-16 14:14:08 | INFO |    Volatility: LOW_VOLATILITY (10.0%ile)
2025-06-16 14:14:08 | INFO |    Range Status: RANGE_BOUND
2025-06-16 14:14:08 | INFO |    Recommended Strategy: SELL_PREMIUM
2025-06-16 14:14:08 | INFO | 🏛️  Market Regime: RANGE_BOUND_LOW_VOL
2025-06-16 14:14:08 | INFO | 📊 Volatility: 10%ile (LOW_VOLATILITY)
2025-06-16 14:14:08 | INFO | 🎯 Recommended Strategy: SELL_PREMIUM
2025-06-16 14:14:08 | INFO | 
🎯 ENHANCED STRATEGY THRESHOLDS:
2025-06-16 14:14:08 | INFO |   BUY Strategy (Trending Markets):
2025-06-16 14:14:08 | INFO |     SUPER_EXTREME: ±100,000 (4 lots)
2025-06-16 14:14:08 | INFO |     EXTREME: ±50,000 (3 lots)
2025-06-16 14:14:08 | INFO |   SELL Strategy (Range-bound/Low Vol):
2025-06-16 14:14:08 | INFO |     Range Detection: <2.0% price range
2025-06-16 14:14:08 | INFO |     Volatility Threshold: 15-35%ile
2025-06-16 14:14:08 | INFO |     Max SELL Positions: 2
2025-06-16 14:14:08 | INFO |     Max Margin Utilization: 60%
2025-06-16 14:14:08 | INFO | ======================================================================
2025-06-16 14:14:09 | INFO | 📈 Real Spot Price: ₹24963.15 at 2025-06-16 14:12:21
2025-06-16 14:14:09 | INFO | 
==================================================
2025-06-16 14:14:09 | INFO | 📊 ENHANCED REAL-TIME DATA STATUS
2025-06-16 14:14:09 | INFO | ==================================================
2025-06-16 14:14:09 | INFO | 📈 Current Nifty Spot: ₹24963.15
2025-06-16 14:14:09 | INFO | ⏰ Loop #508: 14:14:09 [REAL DATA MODE]
2025-06-16 14:14:09 | INFO | 📈 Real Spot Price: ₹24963.15 at 2025-06-16 14:12:21
2025-06-16 14:14:09 | INFO | 📊 Market Regime Detection:
2025-06-16 14:14:09 | INFO |    Primary Regime: RANGE_BOUND_LOW_VOL
2025-06-16 14:14:09 | INFO |    Volatility: LOW_VOLATILITY (20.0%ile)
2025-06-16 14:14:09 | INFO |    Range Status: RANGE_BOUND
2025-06-16 14:14:09 | INFO |    Recommended Strategy: SELL_PREMIUM
2025-06-16 14:14:09 | INFO | 🏛️  Current Market Regime: RANGE_BOUND_LOW_VOL
2025-06-16 14:14:09 | INFO | 📊 Volatility Regime: LOW_VOLATILITY
2025-06-16 14:14:09 | INFO | 🎯 Strategy Recommendation: SELL_PREMIUM
2025-06-16 14:14:09 | INFO | 🕒 Data Source: Real-time option chain database
2025-06-16 14:14:09 | INFO | 🔄 Update Frequency: Every 5 minutes
2025-06-16 14:14:09 | INFO | 🎯 SELL Strategy: ACTIVE
2025-06-16 14:14:09 | INFO | ==================================================
2025-06-16 14:14:39 | INFO | ⏰ Loop #509: 14:14:39 [REAL DATA MODE]
2025-06-16 14:14:39 | INFO | 📊 New dashboard data detected: enhanced_tabbed_dashboard_20250616.html
2025-06-16 14:14:39 | INFO | 📊 Parsing dashboard: enhanced_tabbed_dashboard_20250616.html
2025-06-16 14:14:39 | INFO | 📈 Extracted trend: 142
2025-06-16 14:14:39 | INFO | 🎯 Confidence: 95.0%
2025-06-16 14:14:39 | INFO | 💰 Combined flow: 3.72M
2025-06-16 14:14:39 | INFO | ✅ Dashboard parsed successfully
2025-06-16 14:14:39 | INFO | 🔍 Analyzing signal...
2025-06-16 14:14:39 | INFO |    Cumulative Trend: 142
2025-06-16 14:14:39 | INFO |    Confidence: 95.0%
2025-06-16 14:14:39 | INFO |    Combined Flow: +3.72M
2025-06-16 14:14:39 | INFO |    Trend Strength: WEAK
2025-06-16 14:14:39 | INFO | ❌ SKIP SIGNAL: Trend too weak (below 1k threshold)
2025-06-16 14:14:39 | INFO | 💾 Signal saved: S_20250616_141439
2025-06-16 14:14:39 | INFO | ⏭️  Signal skipped: Trend too weak (below 1k threshold)
2025-06-16 14:14:39 | INFO | ⏰ Enhanced Loop #501: 14:14:39 [SELL STRATEGY MODE]
2025-06-16 14:14:39 | INFO | 📊 New enhanced dashboard data detected: enhanced_tabbed_dashboard_20250616.html
2025-06-16 14:14:39 | INFO | 📊 Parsing dashboard: enhanced_tabbed_dashboard_20250616.html
2025-06-16 14:14:39 | INFO | 📈 Extracted trend: 142
2025-06-16 14:14:39 | INFO | 🎯 Confidence: 95.0%
2025-06-16 14:14:39 | INFO | 💰 Combined flow: 3.72M
2025-06-16 14:14:39 | INFO | ✅ Dashboard parsed successfully
2025-06-16 14:14:39 | INFO | 🔍 Enhanced Signal Analysis...
2025-06-16 14:14:39 | INFO |    Cumulative Trend: 142
2025-06-16 14:14:39 | INFO |    Confidence: 95.0%
2025-06-16 14:14:39 | INFO |    Combined Flow: +3.72M
2025-06-16 14:14:40 | INFO | 📈 Real Spot Price: ₹24963.15 at 2025-06-16 14:12:21
2025-06-16 14:14:40 | INFO | 📊 Market Regime Detection:
2025-06-16 14:14:40 | INFO |    Primary Regime: NORMAL_TRENDING
2025-06-16 14:14:40 | INFO |    Volatility: NORMAL_VOLATILITY (40.0%ile)
2025-06-16 14:14:40 | INFO |    Range Status: RANGE_BOUND
2025-06-16 14:14:40 | INFO |    Recommended Strategy: BUY_OPTIONS
2025-06-16 14:14:40 | INFO |    Market Regime: NORMAL_TRENDING
2025-06-16 14:14:40 | INFO |    Recommended Strategy: BUY_OPTIONS
2025-06-16 14:14:40 | INFO | 🔍 Analyzing signal...
2025-06-16 14:14:40 | INFO |    Cumulative Trend: 142
2025-06-16 14:14:40 | INFO |    Confidence: 95.0%
2025-06-16 14:14:40 | INFO |    Combined Flow: +3.72M
2025-06-16 14:14:40 | INFO |    Trend Strength: WEAK
2025-06-16 14:14:40 | INFO | ❌ SKIP SIGNAL: Trend too weak (below 1k threshold)
2025-06-16 14:14:40 | INFO | 💾 Enhanced signal saved: S_20250616_141440
2025-06-16 14:14:40 | INFO | ⏭️  Enhanced signal skipped: Trend too weak (below 1k threshold)
2025-06-16 14:15:09 | INFO | ⏰ Loop #510: 14:15:09 [REAL DATA MODE]
2025-06-16 14:15:10 | INFO | ⏰ Enhanced Loop #502: 14:15:10 [SELL STRATEGY MODE]
2025-06-16 14:15:39 | INFO | ⏰ Loop #511: 14:15:39 [REAL DATA MODE]
2025-06-16 14:15:39 | INFO | 📊 New dashboard data detected: enhanced_tabbed_dashboard_20250616.html
2025-06-16 14:15:39 | INFO | 📊 Parsing dashboard: enhanced_tabbed_dashboard_20250616.html
2025-06-16 14:15:39 | INFO | 📈 Extracted trend: 139
2025-06-16 14:15:39 | INFO | 🎯 Confidence: 95.0%
2025-06-16 14:15:39 | INFO | 💰 Combined flow: 0.84M
2025-06-16 14:15:39 | INFO | ✅ Dashboard parsed successfully
2025-06-16 14:15:39 | INFO | 🔍 Analyzing signal...
2025-06-16 14:15:39 | INFO |    Cumulative Trend: 139
2025-06-16 14:15:39 | INFO |    Confidence: 95.0%
2025-06-16 14:15:39 | INFO |    Combined Flow: +0.84M
2025-06-16 14:15:39 | INFO |    Trend Strength: WEAK
2025-06-16 14:15:39 | INFO | ❌ SKIP SIGNAL: Trend too weak (below 1k threshold)
2025-06-16 14:15:39 | INFO | 💾 Signal saved: S_20250616_141539
2025-06-16 14:15:39 | INFO | ⏭️  Signal skipped: Trend too weak (below 1k threshold)
2025-06-16 14:15:40 | INFO | ⏰ Enhanced Loop #503: 14:15:40 [SELL STRATEGY MODE]
2025-06-16 14:15:40 | INFO | 📊 New enhanced dashboard data detected: enhanced_tabbed_dashboard_20250616.html
2025-06-16 14:15:40 | INFO | 📊 Parsing dashboard: enhanced_tabbed_dashboard_20250616.html
2025-06-16 14:15:40 | INFO | 📈 Extracted trend: 139
2025-06-16 14:15:40 | INFO | 🎯 Confidence: 95.0%
2025-06-16 14:15:40 | INFO | 💰 Combined flow: 0.84M
2025-06-16 14:15:40 | INFO | ✅ Dashboard parsed successfully
2025-06-16 14:15:40 | INFO | 🔍 Enhanced Signal Analysis...
2025-06-16 14:15:40 | INFO |    Cumulative Trend: 139
2025-06-16 14:15:40 | INFO |    Confidence: 95.0%
2025-06-16 14:15:40 | INFO |    Combined Flow: +0.84M
2025-06-16 14:15:41 | INFO | 📈 Real Spot Price: ₹24963.15 at 2025-06-16 14:12:21
2025-06-16 14:15:41 | INFO | 📊 Market Regime Detection:
2025-06-16 14:15:41 | INFO |    Primary Regime: NORMAL_TRENDING
2025-06-16 14:15:41 | INFO |    Volatility: NORMAL_VOLATILITY (70.0%ile)
2025-06-16 14:15:41 | INFO |    Range Status: RANGE_BOUND
2025-06-16 14:15:41 | INFO |    Recommended Strategy: BUY_OPTIONS
2025-06-16 14:15:41 | INFO |    Market Regime: NORMAL_TRENDING
2025-06-16 14:15:41 | INFO |    Recommended Strategy: BUY_OPTIONS
2025-06-16 14:15:41 | INFO | 🔍 Analyzing signal...
2025-06-16 14:15:41 | INFO |    Cumulative Trend: 139
2025-06-16 14:15:41 | INFO |    Confidence: 95.0%
2025-06-16 14:15:41 | INFO |    Combined Flow: +0.84M
2025-06-16 14:15:41 | INFO |    Trend Strength: WEAK
2025-06-16 14:15:41 | INFO | ❌ SKIP SIGNAL: Trend too weak (below 1k threshold)
2025-06-16 14:15:41 | INFO | 💾 Enhanced signal saved: S_20250616_141541
2025-06-16 14:15:41 | INFO | ⏭️  Enhanced signal skipped: Trend too weak (below 1k threshold)
2025-06-16 14:16:09 | INFO | ⏰ Loop #512: 14:16:09 [REAL DATA MODE]
2025-06-16 14:16:11 | INFO | ⏰ Enhanced Loop #504: 14:16:11 [SELL STRATEGY MODE]
2025-06-16 14:16:39 | INFO | ⏰ Loop #513: 14:16:39 [REAL DATA MODE]
2025-06-16 14:16:39 | INFO | 📊 New dashboard data detected: enhanced_tabbed_dashboard_20250616.html
2025-06-16 14:16:39 | INFO | 📊 Parsing dashboard: enhanced_tabbed_dashboard_20250616.html
2025-06-16 14:16:39 | INFO | 📈 Extracted trend: 139
2025-06-16 14:16:39 | INFO | 🎯 Confidence: 95.0%
2025-06-16 14:16:39 | INFO | 💰 Combined flow: 0.84M
2025-06-16 14:16:39 | INFO | ✅ Dashboard parsed successfully
2025-06-16 14:16:39 | INFO | 🔍 Analyzing signal...
2025-06-16 14:16:39 | INFO |    Cumulative Trend: 139
2025-06-16 14:16:39 | INFO |    Confidence: 95.0%
2025-06-16 14:16:39 | INFO |    Combined Flow: +0.84M
2025-06-16 14:16:39 | INFO |    Trend Strength: WEAK
2025-06-16 14:16:39 | INFO | ❌ SKIP SIGNAL: Trend too weak (below 1k threshold)
2025-06-16 14:16:39 | INFO | 💾 Signal saved: S_20250616_141639
2025-06-16 14:16:39 | INFO | ⏭️  Signal skipped: Trend too weak (below 1k threshold)
2025-06-16 14:16:41 | INFO | ⏰ Enhanced Loop #505: 14:16:41 [SELL STRATEGY MODE]
2025-06-16 14:16:41 | INFO | 📊 New enhanced dashboard data detected: enhanced_tabbed_dashboard_20250616.html
2025-06-16 14:16:41 | INFO | 📊 Parsing dashboard: enhanced_tabbed_dashboard_20250616.html
2025-06-16 14:16:41 | INFO | 📈 Extracted trend: 139
2025-06-16 14:16:41 | INFO | 🎯 Confidence: 95.0%
2025-06-16 14:16:41 | INFO | 💰 Combined flow: 0.84M
2025-06-16 14:16:41 | INFO | ✅ Dashboard parsed successfully
2025-06-16 14:16:41 | INFO | 🔍 Enhanced Signal Analysis...
2025-06-16 14:16:41 | INFO |    Cumulative Trend: 139
2025-06-16 14:16:41 | INFO |    Confidence: 95.0%
2025-06-16 14:16:41 | INFO |    Combined Flow: +0.84M
2025-06-16 14:16:41 | INFO | 📈 Real Spot Price: ₹24963.15 at 2025-06-16 14:12:21
2025-06-16 14:16:41 | INFO | 📊 Market Regime Detection:
2025-06-16 14:16:41 | INFO |    Primary Regime: RANGE_BOUND_LOW_VOL
2025-06-16 14:16:41 | INFO |    Volatility: LOW_VOLATILITY (10.0%ile)
2025-06-16 14:16:41 | INFO |    Range Status: RANGE_BOUND
2025-06-16 14:16:41 | INFO |    Recommended Strategy: SELL_PREMIUM
2025-06-16 14:16:41 | INFO |    Market Regime: RANGE_BOUND_LOW_VOL
2025-06-16 14:16:41 | INFO |    Recommended Strategy: SELL_PREMIUM
2025-06-16 14:16:41 | INFO | ❌ SKIP SELL SIGNAL: SELL strategy requires stronger signals (minimum MODERATE)
2025-06-16 14:16:41 | INFO | 💾 Enhanced signal saved: S_20250616_141641
2025-06-16 14:16:41 | INFO | ⏭️  Enhanced signal skipped: SELL strategy requires stronger signals (minimum MODERATE)
2025-06-16 14:17:09 | INFO | ⏰ Loop #514: 14:17:09 [REAL DATA MODE]
2025-06-16 14:17:11 | INFO | ⏰ Enhanced Loop #506: 14:17:11 [SELL STRATEGY MODE]
2025-06-16 14:17:39 | INFO | ⏰ Loop #515: 14:17:39 [REAL DATA MODE]
2025-06-16 14:17:39 | INFO | 📊 New dashboard data detected: enhanced_tabbed_dashboard_20250616.html
2025-06-16 14:17:39 | INFO | 📊 Parsing dashboard: enhanced_tabbed_dashboard_20250616.html
2025-06-16 14:17:39 | INFO | 📈 Extracted trend: 139
2025-06-16 14:17:39 | INFO | 🎯 Confidence: 95.0%
2025-06-16 14:17:39 | INFO | 💰 Combined flow: 0.84M
2025-06-16 14:17:39 | INFO | ✅ Dashboard parsed successfully
2025-06-16 14:17:39 | INFO | 🔍 Analyzing signal...
2025-06-16 14:17:39 | INFO |    Cumulative Trend: 139
2025-06-16 14:17:39 | INFO |    Confidence: 95.0%
2025-06-16 14:17:39 | INFO |    Combined Flow: +0.84M
2025-06-16 14:17:39 | INFO |    Trend Strength: WEAK
2025-06-16 14:17:39 | INFO | ❌ SKIP SIGNAL: Trend too weak (below 1k threshold)
2025-06-16 14:17:39 | INFO | 💾 Signal saved: S_20250616_141739
2025-06-16 14:17:39 | INFO | ⏭️  Signal skipped: Trend too weak (below 1k threshold)
2025-06-16 14:17:41 | INFO | ⏰ Enhanced Loop #507: 14:17:41 [SELL STRATEGY MODE]
2025-06-16 14:17:41 | INFO | 📊 New enhanced dashboard data detected: enhanced_tabbed_dashboard_20250616.html
2025-06-16 14:17:41 | INFO | 📊 Parsing dashboard: enhanced_tabbed_dashboard_20250616.html
2025-06-16 14:17:41 | INFO | 📈 Extracted trend: 139
2025-06-16 14:17:41 | INFO | 🎯 Confidence: 95.0%
2025-06-16 14:17:41 | INFO | 💰 Combined flow: 0.84M
2025-06-16 14:17:41 | INFO | ✅ Dashboard parsed successfully
2025-06-16 14:17:41 | INFO | 🔍 Enhanced Signal Analysis...
2025-06-16 14:17:41 | INFO |    Cumulative Trend: 139
2025-06-16 14:17:41 | INFO |    Confidence: 95.0%
2025-06-16 14:17:41 | INFO |    Combined Flow: +0.84M
2025-06-16 14:17:42 | INFO | 📈 Real Spot Price: ₹24961.90 at 2025-06-16 14:17:26
2025-06-16 14:17:42 | INFO | 📊 Market Regime Detection:
2025-06-16 14:17:42 | INFO |    Primary Regime: RANGE_BOUND_LOW_VOL
2025-06-16 14:17:42 | INFO |    Volatility: LOW_VOLATILITY (10.0%ile)
2025-06-16 14:17:42 | INFO |    Range Status: RANGE_BOUND
2025-06-16 14:17:42 | INFO |    Recommended Strategy: SELL_PREMIUM
2025-06-16 14:17:42 | INFO |    Market Regime: RANGE_BOUND_LOW_VOL
2025-06-16 14:17:42 | INFO |    Recommended Strategy: SELL_PREMIUM
2025-06-16 14:17:42 | INFO | ❌ SKIP SELL SIGNAL: SELL strategy requires stronger signals (minimum MODERATE)
2025-06-16 14:17:42 | INFO | 💾 Enhanced signal saved: S_20250616_141742
2025-06-16 14:17:42 | INFO | ⏭️  Enhanced signal skipped: SELL strategy requires stronger signals (minimum MODERATE)
2025-06-16 14:18:09 | INFO | ⏰ Loop #516: 14:18:09 [REAL DATA MODE]
2025-06-16 14:18:12 | INFO | ⏰ Enhanced Loop #508: 14:18:12 [SELL STRATEGY MODE]
2025-06-16 14:18:39 | INFO | ⏰ Loop #517: 14:18:39 [REAL DATA MODE]
2025-06-16 14:18:39 | INFO | 📊 New dashboard data detected: enhanced_tabbed_dashboard_20250616.html
2025-06-16 14:18:39 | INFO | 📊 Parsing dashboard: enhanced_tabbed_dashboard_20250616.html
2025-06-16 14:18:39 | INFO | 📈 Extracted trend: 135
2025-06-16 14:18:39 | INFO | 🎯 Confidence: 95.0%
2025-06-16 14:18:39 | INFO | 💰 Combined flow: -3.60M
2025-06-16 14:18:39 | INFO | ✅ Dashboard parsed successfully
2025-06-16 14:18:39 | INFO | 🔍 Analyzing signal...
2025-06-16 14:18:39 | INFO |    Cumulative Trend: 135
2025-06-16 14:18:39 | INFO |    Confidence: 95.0%
2025-06-16 14:18:39 | INFO |    Combined Flow: -3.60M
2025-06-16 14:18:39 | INFO |    Trend Strength: WEAK
2025-06-16 14:18:39 | INFO | ❌ SKIP SIGNAL: Trend too weak (below 1k threshold)
2025-06-16 14:18:39 | INFO | 💾 Signal saved: S_20250616_141839
2025-06-16 14:18:39 | INFO | ⏭️  Signal skipped: Trend too weak (below 1k threshold)
2025-06-16 14:18:42 | INFO | ⏰ Enhanced Loop #509: 14:18:42 [SELL STRATEGY MODE]
2025-06-16 14:18:42 | INFO | 📊 New enhanced dashboard data detected: enhanced_tabbed_dashboard_20250616.html
2025-06-16 14:18:42 | INFO | 📊 Parsing dashboard: enhanced_tabbed_dashboard_20250616.html
2025-06-16 14:18:42 | INFO | 📈 Extracted trend: 135
2025-06-16 14:18:42 | INFO | 🎯 Confidence: 95.0%
2025-06-16 14:18:42 | INFO | 💰 Combined flow: -3.60M
2025-06-16 14:18:42 | INFO | ✅ Dashboard parsed successfully
2025-06-16 14:18:42 | INFO | 🔍 Enhanced Signal Analysis...
2025-06-16 14:18:42 | INFO |    Cumulative Trend: 135
2025-06-16 14:18:42 | INFO |    Confidence: 95.0%
2025-06-16 14:18:42 | INFO |    Combined Flow: -3.60M
2025-06-16 14:18:43 | INFO | 📈 Real Spot Price: ₹24961.90 at 2025-06-16 14:17:26
2025-06-16 14:18:43 | INFO | 📊 Market Regime Detection:
2025-06-16 14:18:43 | INFO |    Primary Regime: NORMAL_TRENDING
2025-06-16 14:18:43 | INFO |    Volatility: NORMAL_VOLATILITY (50.0%ile)
2025-06-16 14:18:43 | INFO |    Range Status: RANGE_BOUND
2025-06-16 14:18:43 | INFO |    Recommended Strategy: BUY_OPTIONS
2025-06-16 14:18:43 | INFO |    Market Regime: NORMAL_TRENDING
2025-06-16 14:18:43 | INFO |    Recommended Strategy: BUY_OPTIONS
2025-06-16 14:18:43 | INFO | 🔍 Analyzing signal...
2025-06-16 14:18:43 | INFO |    Cumulative Trend: 135
2025-06-16 14:18:43 | INFO |    Confidence: 95.0%
2025-06-16 14:18:43 | INFO |    Combined Flow: -3.60M
2025-06-16 14:18:43 | INFO |    Trend Strength: WEAK
2025-06-16 14:18:43 | INFO | ❌ SKIP SIGNAL: Trend too weak (below 1k threshold)
2025-06-16 14:18:43 | INFO | 💾 Enhanced signal saved: S_20250616_141843
2025-06-16 14:18:43 | INFO | ⏭️  Enhanced signal skipped: Trend too weak (below 1k threshold)
2025-06-16 14:19:10 | INFO | ⏰ Loop #518: 14:19:10 [REAL DATA MODE]
2025-06-16 14:19:13 | INFO | ⏰ Enhanced Loop #510: 14:19:13 [SELL STRATEGY MODE]
2025-06-16 14:19:13 | ERROR | ❌ Risk check failed: 'EnhancedPortfolioManager' object has no attribute 'get_portfolio_summary'
2025-06-16 14:19:40 | INFO | ⏰ Loop #519: 14:19:40 [REAL DATA MODE]
2025-06-16 14:19:40 | INFO | 📊 New dashboard data detected: enhanced_tabbed_dashboard_20250616.html
2025-06-16 14:19:40 | INFO | 📊 Parsing dashboard: enhanced_tabbed_dashboard_20250616.html
2025-06-16 14:19:40 | INFO | 📈 Extracted trend: 135
2025-06-16 14:19:40 | INFO | 🎯 Confidence: 95.0%
2025-06-16 14:19:40 | INFO | 💰 Combined flow: -3.60M
2025-06-16 14:19:40 | INFO | ✅ Dashboard parsed successfully
2025-06-16 14:19:40 | INFO | 🔍 Analyzing signal...
2025-06-16 14:19:40 | INFO |    Cumulative Trend: 135
2025-06-16 14:19:40 | INFO |    Confidence: 95.0%
2025-06-16 14:19:40 | INFO |    Combined Flow: -3.60M
2025-06-16 14:19:40 | INFO |    Trend Strength: WEAK
2025-06-16 14:19:40 | INFO | ❌ SKIP SIGNAL: Trend too weak (below 1k threshold)
2025-06-16 14:19:40 | INFO | 💾 Signal saved: S_20250616_141940
2025-06-16 14:19:40 | INFO | ⏭️  Signal skipped: Trend too weak (below 1k threshold)
2025-06-16 14:19:43 | INFO | ⏰ Enhanced Loop #511: 14:19:43 [SELL STRATEGY MODE]
2025-06-16 14:19:43 | INFO | 📊 New enhanced dashboard data detected: enhanced_tabbed_dashboard_20250616.html
2025-06-16 14:19:43 | INFO | 📊 Parsing dashboard: enhanced_tabbed_dashboard_20250616.html
2025-06-16 14:19:43 | INFO | 📈 Extracted trend: 135
2025-06-16 14:19:43 | INFO | 🎯 Confidence: 95.0%
2025-06-16 14:19:43 | INFO | 💰 Combined flow: -3.60M
2025-06-16 14:19:43 | INFO | ✅ Dashboard parsed successfully
2025-06-16 14:19:43 | INFO | 🔍 Enhanced Signal Analysis...
2025-06-16 14:19:43 | INFO |    Cumulative Trend: 135
2025-06-16 14:19:43 | INFO |    Confidence: 95.0%
2025-06-16 14:19:43 | INFO |    Combined Flow: -3.60M
2025-06-16 14:19:43 | INFO | 📈 Real Spot Price: ₹24961.90 at 2025-06-16 14:17:26
2025-06-16 14:19:43 | INFO | 📊 Market Regime Detection:
2025-06-16 14:19:43 | INFO |    Primary Regime: RANGE_BOUND_LOW_VOL
2025-06-16 14:19:43 | INFO |    Volatility: LOW_VOLATILITY (10.0%ile)
2025-06-16 14:19:43 | INFO |    Range Status: RANGE_BOUND
2025-06-16 14:19:43 | INFO |    Recommended Strategy: SELL_PREMIUM
2025-06-16 14:19:43 | INFO |    Market Regime: RANGE_BOUND_LOW_VOL
2025-06-16 14:19:43 | INFO |    Recommended Strategy: SELL_PREMIUM
2025-06-16 14:19:43 | INFO | ❌ SKIP SELL SIGNAL: SELL strategy requires stronger signals (minimum MODERATE)
2025-06-16 14:19:43 | INFO | 💾 Enhanced signal saved: S_20250616_141943
2025-06-16 14:19:43 | INFO | ⏭️  Enhanced signal skipped: SELL strategy requires stronger signals (minimum MODERATE)
2025-06-16 14:20:10 | INFO | ⏰ Loop #520: 14:20:10 [REAL DATA MODE]
2025-06-16 14:20:10 | INFO | 
======================================================================
2025-06-16 14:20:10 | INFO | 📊 ENHANCED SYSTEM STATUS
2025-06-16 14:20:10 | INFO | ======================================================================
2025-06-16 14:20:10 | INFO | System Status: 🟢 RUNNING
2025-06-16 14:20:10 | INFO | Trading Status: 🟢 ENABLED
2025-06-16 14:20:10 | INFO | 💰 Current Capital: ₹100,000.00
2025-06-16 14:20:10 | INFO | 💸 Available Capital: ₹100,000.00
2025-06-16 14:20:10 | INFO | ⚖️  Capital at Risk: ₹0.00
2025-06-16 14:20:10 | INFO | 📈 Daily P&L: ₹+0.00
2025-06-16 14:20:10 | INFO | 💼 Active Positions: 0
2025-06-16 14:20:10 | INFO | 📊 Trades Today: 0
2025-06-16 14:20:10 | INFO | 🟢 Risk Exposure: 0.0%
2025-06-16 14:20:10 | INFO | 📊 Latest Dashboard: enhanced_tabbed_dashboard_20250616.html
2025-06-16 14:20:10 | INFO | 🕒 Dashboard Modified: 2025-06-16 14:19:24
2025-06-16 14:20:10 | INFO | 📡 Signals Today: 250
2025-06-16 14:20:10 | INFO | 🕒 Last Check: 14:20:10
2025-06-16 14:20:10 | INFO | 
🎯 SIGNAL THRESHOLDS:
2025-06-16 14:20:10 | INFO |    SUPER_EXTREME: ±100,000 (4 lots)
2025-06-16 14:20:10 | INFO |    EXTREME: ±50,000 (3 lots)
2025-06-16 14:20:10 | INFO |    STRONG:  ±15,000 (2 lots)
2025-06-16 14:20:10 | INFO |    MODERATE: ±5,000 (1 lot)
2025-06-16 14:20:10 | INFO | ======================================================================
2025-06-16 14:20:10 | INFO | 
==================================================
2025-06-16 14:20:10 | INFO | 📊 REAL-TIME DATA STATUS
2025-06-16 14:20:10 | INFO | ==================================================
2025-06-16 14:20:10 | INFO | 📈 Current Nifty Spot: ₹24961.90
2025-06-16 14:20:10 | INFO | 🕒 Data Source: Real-time option chain database
2025-06-16 14:20:10 | INFO | 🔄 Update Frequency: Every 5 minutes
2025-06-16 14:20:10 | INFO | ==================================================
2025-06-16 14:20:13 | INFO | ⏰ Enhanced Loop #512: 14:20:13 [SELL STRATEGY MODE]
2025-06-16 14:20:40 | INFO | ⏰ Loop #521: 14:20:40 [REAL DATA MODE]
2025-06-16 14:20:40 | INFO | 📊 New dashboard data detected: enhanced_tabbed_dashboard_20250616.html
2025-06-16 14:20:40 | INFO | 📊 Parsing dashboard: enhanced_tabbed_dashboard_20250616.html
2025-06-16 14:20:40 | INFO | 📈 Extracted trend: 135
2025-06-16 14:20:40 | INFO | 🎯 Confidence: 95.0%
2025-06-16 14:20:40 | INFO | 💰 Combined flow: -3.60M
2025-06-16 14:20:40 | INFO | ✅ Dashboard parsed successfully
2025-06-16 14:20:40 | INFO | 🔍 Analyzing signal...
2025-06-16 14:20:40 | INFO |    Cumulative Trend: 135
2025-06-16 14:20:40 | INFO |    Confidence: 95.0%
2025-06-16 14:20:40 | INFO |    Combined Flow: -3.60M
2025-06-16 14:20:40 | INFO |    Trend Strength: WEAK
2025-06-16 14:20:40 | INFO | ❌ SKIP SIGNAL: Trend too weak (below 1k threshold)
2025-06-16 14:20:40 | INFO | 💾 Signal saved: S_20250616_142040
2025-06-16 14:20:40 | INFO | ⏭️  Signal skipped: Trend too weak (below 1k threshold)
2025-06-16 14:20:43 | INFO | ⏰ Enhanced Loop #513: 14:20:43 [SELL STRATEGY MODE]
2025-06-16 14:20:43 | INFO | 📊 New enhanced dashboard data detected: enhanced_tabbed_dashboard_20250616.html
2025-06-16 14:20:43 | INFO | 📊 Parsing dashboard: enhanced_tabbed_dashboard_20250616.html
2025-06-16 14:20:43 | INFO | 📈 Extracted trend: 135
2025-06-16 14:20:43 | INFO | 🎯 Confidence: 95.0%
2025-06-16 14:20:43 | INFO | 💰 Combined flow: -3.60M
2025-06-16 14:20:43 | INFO | ✅ Dashboard parsed successfully
2025-06-16 14:20:43 | INFO | 🔍 Enhanced Signal Analysis...
2025-06-16 14:20:43 | INFO |    Cumulative Trend: 135
2025-06-16 14:20:43 | INFO |    Confidence: 95.0%
2025-06-16 14:20:43 | INFO |    Combined Flow: -3.60M
2025-06-16 14:20:44 | INFO | 📈 Real Spot Price: ₹24961.90 at 2025-06-16 14:17:26
2025-06-16 14:20:44 | INFO | 📊 Market Regime Detection:
2025-06-16 14:20:44 | INFO |    Primary Regime: NORMAL_TRENDING
2025-06-16 14:20:44 | INFO |    Volatility: NORMAL_VOLATILITY (50.0%ile)
2025-06-16 14:20:44 | INFO |    Range Status: RANGE_BOUND
2025-06-16 14:20:44 | INFO |    Recommended Strategy: BUY_OPTIONS
2025-06-16 14:20:44 | INFO |    Market Regime: NORMAL_TRENDING
2025-06-16 14:20:44 | INFO |    Recommended Strategy: BUY_OPTIONS
2025-06-16 14:20:44 | INFO | 🔍 Analyzing signal...
2025-06-16 14:20:44 | INFO |    Cumulative Trend: 135
2025-06-16 14:20:44 | INFO |    Confidence: 95.0%
2025-06-16 14:20:44 | INFO |    Combined Flow: -3.60M
2025-06-16 14:20:44 | INFO |    Trend Strength: WEAK
2025-06-16 14:20:44 | INFO | ❌ SKIP SIGNAL: Trend too weak (below 1k threshold)
2025-06-16 14:20:44 | INFO | 💾 Enhanced signal saved: S_20250616_142044
2025-06-16 14:20:44 | INFO | ⏭️  Enhanced signal skipped: Trend too weak (below 1k threshold)
2025-06-16 14:21:10 | INFO | ⏰ Loop #522: 14:21:10 [REAL DATA MODE]
2025-06-16 14:21:14 | INFO | ⏰ Enhanced Loop #514: 14:21:14 [SELL STRATEGY MODE]
2025-06-16 14:21:40 | INFO | ⏰ Loop #523: 14:21:40 [REAL DATA MODE]
2025-06-16 14:21:40 | INFO | 📊 New dashboard data detected: enhanced_tabbed_dashboard_20250616.html
2025-06-16 14:21:40 | INFO | 📊 Parsing dashboard: enhanced_tabbed_dashboard_20250616.html
2025-06-16 14:21:40 | INFO | 📈 Extracted trend: 134
2025-06-16 14:21:40 | INFO | 🎯 Confidence: 95.0%
2025-06-16 14:21:40 | INFO | 💰 Combined flow: -4.38M
2025-06-16 14:21:40 | INFO | ✅ Dashboard parsed successfully
2025-06-16 14:21:40 | INFO | 🔍 Analyzing signal...
2025-06-16 14:21:40 | INFO |    Cumulative Trend: 134
2025-06-16 14:21:40 | INFO |    Confidence: 95.0%
2025-06-16 14:21:40 | INFO |    Combined Flow: -4.38M
2025-06-16 14:21:40 | INFO |    Trend Strength: WEAK
2025-06-16 14:21:40 | INFO | ❌ SKIP SIGNAL: Trend too weak (below 1k threshold)
2025-06-16 14:21:40 | INFO | 💾 Signal saved: S_20250616_142140
2025-06-16 14:21:40 | INFO | ⏭️  Signal skipped: Trend too weak (below 1k threshold)
2025-06-16 14:21:44 | INFO | ⏰ Enhanced Loop #515: 14:21:44 [SELL STRATEGY MODE]
2025-06-16 14:21:44 | INFO | 📊 New enhanced dashboard data detected: enhanced_tabbed_dashboard_20250616.html
2025-06-16 14:21:44 | INFO | 📊 Parsing dashboard: enhanced_tabbed_dashboard_20250616.html
2025-06-16 14:21:44 | INFO | 📈 Extracted trend: 134
2025-06-16 14:21:44 | INFO | 🎯 Confidence: 95.0%
2025-06-16 14:21:44 | INFO | 💰 Combined flow: -4.38M
2025-06-16 14:21:44 | INFO | ✅ Dashboard parsed successfully
2025-06-16 14:21:44 | INFO | 🔍 Enhanced Signal Analysis...
2025-06-16 14:21:44 | INFO |    Cumulative Trend: 134
2025-06-16 14:21:44 | INFO |    Confidence: 95.0%
2025-06-16 14:21:44 | INFO |    Combined Flow: -4.38M
2025-06-16 14:21:45 | INFO | 📈 Real Spot Price: ₹24961.90 at 2025-06-16 14:17:26
2025-06-16 14:21:45 | INFO | 📊 Market Regime Detection:
2025-06-16 14:21:45 | INFO |    Primary Regime: HIGH_VOLATILITY_TRENDING
2025-06-16 14:21:45 | INFO |    Volatility: HIGH_VOLATILITY (90.0%ile)
2025-06-16 14:21:45 | INFO |    Range Status: RANGE_BOUND
2025-06-16 14:21:45 | INFO |    Recommended Strategy: BUY_OPTIONS
2025-06-16 14:21:45 | INFO |    Market Regime: HIGH_VOLATILITY_TRENDING
2025-06-16 14:21:45 | INFO |    Recommended Strategy: BUY_OPTIONS
2025-06-16 14:21:45 | INFO | 🔍 Analyzing signal...
2025-06-16 14:21:45 | INFO |    Cumulative Trend: 134
2025-06-16 14:21:45 | INFO |    Confidence: 95.0%
2025-06-16 14:21:45 | INFO |    Combined Flow: -4.38M
2025-06-16 14:21:45 | INFO |    Trend Strength: WEAK
2025-06-16 14:21:45 | INFO | ❌ SKIP SIGNAL: Trend too weak (below 1k threshold)
2025-06-16 14:21:45 | INFO | 💾 Enhanced signal saved: S_20250616_142145
2025-06-16 14:21:45 | INFO | ⏭️  Enhanced signal skipped: Trend too weak (below 1k threshold)
2025-06-16 14:22:10 | INFO | ⏰ Loop #524: 14:22:10 [REAL DATA MODE]
2025-06-16 14:22:15 | INFO | ⏰ Enhanced Loop #516: 14:22:15 [SELL STRATEGY MODE]
2025-06-16 14:22:40 | INFO | ⏰ Loop #525: 14:22:40 [REAL DATA MODE]
2025-06-16 14:22:40 | INFO | 📊 New dashboard data detected: enhanced_tabbed_dashboard_20250616.html
2025-06-16 14:22:40 | INFO | 📊 Parsing dashboard: enhanced_tabbed_dashboard_20250616.html
2025-06-16 14:22:40 | INFO | 📈 Extracted trend: 134
2025-06-16 14:22:40 | INFO | 🎯 Confidence: 95.0%
2025-06-16 14:22:40 | INFO | 💰 Combined flow: -4.38M
2025-06-16 14:22:40 | INFO | ✅ Dashboard parsed successfully
2025-06-16 14:22:40 | INFO | 🔍 Analyzing signal...
2025-06-16 14:22:40 | INFO |    Cumulative Trend: 134
2025-06-16 14:22:40 | INFO |    Confidence: 95.0%
2025-06-16 14:22:40 | INFO |    Combined Flow: -4.38M
2025-06-16 14:22:40 | INFO |    Trend Strength: WEAK
2025-06-16 14:22:40 | INFO | ❌ SKIP SIGNAL: Trend too weak (below 1k threshold)
2025-06-16 14:22:40 | INFO | 💾 Signal saved: S_20250616_142240
2025-06-16 14:22:40 | INFO | ⏭️  Signal skipped: Trend too weak (below 1k threshold)
2025-06-16 14:22:45 | INFO | ⏰ Enhanced Loop #517: 14:22:45 [SELL STRATEGY MODE]
2025-06-16 14:22:45 | INFO | 📊 New enhanced dashboard data detected: enhanced_tabbed_dashboard_20250616.html
2025-06-16 14:22:45 | INFO | 📊 Parsing dashboard: enhanced_tabbed_dashboard_20250616.html
2025-06-16 14:22:45 | INFO | 📈 Extracted trend: 134
2025-06-16 14:22:45 | INFO | 🎯 Confidence: 95.0%
2025-06-16 14:22:45 | INFO | 💰 Combined flow: -4.38M
2025-06-16 14:22:45 | INFO | ✅ Dashboard parsed successfully
2025-06-16 14:22:45 | INFO | 🔍 Enhanced Signal Analysis...
2025-06-16 14:22:45 | INFO |    Cumulative Trend: 134
2025-06-16 14:22:45 | INFO |    Confidence: 95.0%
2025-06-16 14:22:45 | INFO |    Combined Flow: -4.38M
2025-06-16 14:22:45 | INFO | 📈 Real Spot Price: ₹24960.55 at 2025-06-16 14:22:32
2025-06-16 14:22:45 | INFO | 📊 Market Regime Detection:
2025-06-16 14:22:45 | INFO |    Primary Regime: RANGE_BOUND_LOW_VOL
2025-06-16 14:22:45 | INFO |    Volatility: LOW_VOLATILITY (20.0%ile)
2025-06-16 14:22:45 | INFO |    Range Status: RANGE_BOUND
2025-06-16 14:22:45 | INFO |    Recommended Strategy: SELL_PREMIUM
2025-06-16 14:22:45 | INFO |    Market Regime: RANGE_BOUND_LOW_VOL
2025-06-16 14:22:45 | INFO |    Recommended Strategy: SELL_PREMIUM
2025-06-16 14:22:45 | INFO | ❌ SKIP SELL SIGNAL: SELL strategy requires stronger signals (minimum MODERATE)
2025-06-16 14:22:45 | INFO | 💾 Enhanced signal saved: S_20250616_142245
2025-06-16 14:22:45 | INFO | ⏭️  Enhanced signal skipped: SELL strategy requires stronger signals (minimum MODERATE)
2025-06-16 14:23:10 | INFO | ⏰ Loop #526: 14:23:10 [REAL DATA MODE]
2025-06-16 14:23:15 | INFO | ⏰ Enhanced Loop #518: 14:23:15 [SELL STRATEGY MODE]
2025-06-16 14:23:40 | INFO | ⏰ Loop #527: 14:23:40 [REAL DATA MODE]
2025-06-16 14:23:40 | INFO | 📊 New dashboard data detected: enhanced_tabbed_dashboard_20250616.html
2025-06-16 14:23:40 | INFO | 📊 Parsing dashboard: enhanced_tabbed_dashboard_20250616.html
2025-06-16 14:23:41 | INFO | 📈 Extracted trend: 134
2025-06-16 14:23:41 | INFO | 🎯 Confidence: 95.0%
2025-06-16 14:23:41 | INFO | 💰 Combined flow: -4.38M
2025-06-16 14:23:41 | INFO | ✅ Dashboard parsed successfully
2025-06-16 14:23:41 | INFO | 🔍 Analyzing signal...
2025-06-16 14:23:41 | INFO |    Cumulative Trend: 134
2025-06-16 14:23:41 | INFO |    Confidence: 95.0%
2025-06-16 14:23:41 | INFO |    Combined Flow: -4.38M
2025-06-16 14:23:41 | INFO |    Trend Strength: WEAK
2025-06-16 14:23:41 | INFO | ❌ SKIP SIGNAL: Trend too weak (below 1k threshold)
2025-06-16 14:23:41 | INFO | 💾 Signal saved: S_20250616_142341
2025-06-16 14:23:41 | INFO | ⏭️  Signal skipped: Trend too weak (below 1k threshold)
2025-06-16 14:23:45 | INFO | ⏰ Enhanced Loop #519: 14:23:45 [SELL STRATEGY MODE]
2025-06-16 14:23:45 | INFO | 📊 New enhanced dashboard data detected: enhanced_tabbed_dashboard_20250616.html
2025-06-16 14:23:45 | INFO | 📊 Parsing dashboard: enhanced_tabbed_dashboard_20250616.html
2025-06-16 14:23:45 | INFO | 📈 Extracted trend: 134
2025-06-16 14:23:45 | INFO | 🎯 Confidence: 95.0%
2025-06-16 14:23:45 | INFO | 💰 Combined flow: -4.38M
2025-06-16 14:23:45 | INFO | ✅ Dashboard parsed successfully
2025-06-16 14:23:45 | INFO | 🔍 Enhanced Signal Analysis...
2025-06-16 14:23:45 | INFO |    Cumulative Trend: 134
2025-06-16 14:23:45 | INFO |    Confidence: 95.0%
2025-06-16 14:23:45 | INFO |    Combined Flow: -4.38M
2025-06-16 14:23:46 | INFO | 📈 Real Spot Price: ₹24960.55 at 2025-06-16 14:22:32
2025-06-16 14:23:46 | INFO | 📊 Market Regime Detection:
2025-06-16 14:23:46 | INFO |    Primary Regime: NORMAL_TRENDING
2025-06-16 14:23:46 | INFO |    Volatility: NORMAL_VOLATILITY (40.0%ile)
2025-06-16 14:23:46 | INFO |    Range Status: RANGE_BOUND
2025-06-16 14:23:46 | INFO |    Recommended Strategy: BUY_OPTIONS
2025-06-16 14:23:46 | INFO |    Market Regime: NORMAL_TRENDING
2025-06-16 14:23:46 | INFO |    Recommended Strategy: BUY_OPTIONS
2025-06-16 14:23:46 | INFO | 🔍 Analyzing signal...
2025-06-16 14:23:46 | INFO |    Cumulative Trend: 134
2025-06-16 14:23:46 | INFO |    Confidence: 95.0%
2025-06-16 14:23:46 | INFO |    Combined Flow: -4.38M
2025-06-16 14:23:46 | INFO |    Trend Strength: WEAK
2025-06-16 14:23:46 | INFO | ❌ SKIP SIGNAL: Trend too weak (below 1k threshold)
2025-06-16 14:23:46 | INFO | 💾 Enhanced signal saved: S_20250616_142346
2025-06-16 14:23:46 | INFO | ⏭️  Enhanced signal skipped: Trend too weak (below 1k threshold)
2025-06-16 14:24:11 | INFO | ⏰ Loop #528: 14:24:11 [REAL DATA MODE]
2025-06-16 14:24:16 | INFO | ⏰ Enhanced Loop #520: 14:24:16 [SELL STRATEGY MODE]
2025-06-16 14:24:16 | ERROR | ❌ Risk check failed: 'EnhancedPortfolioManager' object has no attribute 'get_portfolio_summary'
2025-06-16 14:24:16 | INFO | 
======================================================================
2025-06-16 14:24:16 | INFO | 📊 ENHANCED SYSTEM STATUS (SELL STRATEGY ENABLED)
2025-06-16 14:24:16 | INFO | ======================================================================
2025-06-16 14:24:16 | INFO | System Status: 🟢 RUNNING
2025-06-16 14:24:16 | INFO | Trading Status: 🟢 ENABLED
2025-06-16 14:24:16 | INFO | 💰 Current Capital: ₹100,000.00
2025-06-16 14:24:16 | INFO | 💸 Available Capital: ₹100,000.00
2025-06-16 14:24:16 | INFO | ⚖️  Capital at Risk (BUY): ₹0.00
2025-06-16 14:24:16 | INFO | 🏦 Margin Utilized (SELL): ₹0.00
2025-06-16 14:24:16 | INFO | 💵 Premium Collected: ₹0.00
2025-06-16 14:24:16 | INFO | 📈 Daily P&L: ₹+0.00
2025-06-16 14:24:16 | INFO | 💼 Total Active Positions: 0
2025-06-16 14:24:16 | INFO | 📊 BUY Positions: 0 | SELL Positions: 0
2025-06-16 14:24:16 | INFO | 📊 Trades Today: 0
2025-06-16 14:24:16 | INFO | 🟢 Total Risk Exposure: 0.0%
2025-06-16 14:24:17 | INFO | 📈 Real Spot Price: ₹24960.55 at 2025-06-16 14:22:32
2025-06-16 14:24:17 | INFO | 📊 Market Regime Detection:
2025-06-16 14:24:17 | INFO |    Primary Regime: HIGH_VOLATILITY_TRENDING
2025-06-16 14:24:17 | INFO |    Volatility: HIGH_VOLATILITY (90.0%ile)
2025-06-16 14:24:17 | INFO |    Range Status: RANGE_BOUND
2025-06-16 14:24:17 | INFO |    Recommended Strategy: BUY_OPTIONS
2025-06-16 14:24:17 | INFO | 🏛️  Market Regime: HIGH_VOLATILITY_TRENDING
2025-06-16 14:24:17 | INFO | 📊 Volatility: 90%ile (HIGH_VOLATILITY)
2025-06-16 14:24:17 | INFO | 🎯 Recommended Strategy: BUY_OPTIONS
2025-06-16 14:24:17 | INFO | 
🎯 ENHANCED STRATEGY THRESHOLDS:
2025-06-16 14:24:17 | INFO |   BUY Strategy (Trending Markets):
2025-06-16 14:24:17 | INFO |     SUPER_EXTREME: ±100,000 (4 lots)
2025-06-16 14:24:17 | INFO |     EXTREME: ±50,000 (3 lots)
2025-06-16 14:24:17 | INFO |   SELL Strategy (Range-bound/Low Vol):
2025-06-16 14:24:17 | INFO |     Range Detection: <2.0% price range
2025-06-16 14:24:17 | INFO |     Volatility Threshold: 15-35%ile
2025-06-16 14:24:17 | INFO |     Max SELL Positions: 2
2025-06-16 14:24:17 | INFO |     Max Margin Utilization: 60%
2025-06-16 14:24:17 | INFO | ======================================================================
2025-06-16 14:24:17 | INFO | 📈 Real Spot Price: ₹24960.55 at 2025-06-16 14:22:32
2025-06-16 14:24:17 | INFO | 
==================================================
2025-06-16 14:24:17 | INFO | 📊 ENHANCED REAL-TIME DATA STATUS
2025-06-16 14:24:17 | INFO | ==================================================
2025-06-16 14:24:17 | INFO | 📈 Current Nifty Spot: ₹24960.55
2025-06-16 14:24:18 | INFO | 📈 Real Spot Price: ₹24960.55 at 2025-06-16 14:22:32
2025-06-16 14:24:18 | INFO | 📊 Market Regime Detection:
2025-06-16 14:24:18 | INFO |    Primary Regime: HIGH_VOLATILITY_TRENDING
2025-06-16 14:24:18 | INFO |    Volatility: HIGH_VOLATILITY (90.0%ile)
2025-06-16 14:24:18 | INFO |    Range Status: RANGE_BOUND
2025-06-16 14:24:18 | INFO |    Recommended Strategy: BUY_OPTIONS
2025-06-16 14:24:18 | INFO | 🏛️  Current Market Regime: HIGH_VOLATILITY_TRENDING
2025-06-16 14:24:18 | INFO | 📊 Volatility Regime: HIGH_VOLATILITY
2025-06-16 14:24:18 | INFO | 🎯 Strategy Recommendation: BUY_OPTIONS
2025-06-16 14:24:18 | INFO | 🕒 Data Source: Real-time option chain database
2025-06-16 14:24:18 | INFO | 🔄 Update Frequency: Every 5 minutes
2025-06-16 14:24:18 | INFO | 🎯 SELL Strategy: ACTIVE
2025-06-16 14:24:18 | INFO | ==================================================
2025-06-16 14:24:41 | INFO | ⏰ Loop #529: 14:24:41 [REAL DATA MODE]
2025-06-16 14:24:41 | INFO | 📊 New dashboard data detected: enhanced_tabbed_dashboard_20250616.html
2025-06-16 14:24:41 | INFO | 📊 Parsing dashboard: enhanced_tabbed_dashboard_20250616.html
2025-06-16 14:24:41 | INFO | 📈 Extracted trend: 140
2025-06-16 14:24:41 | INFO | 🎯 Confidence: 95.0%
2025-06-16 14:24:41 | INFO | 💰 Combined flow: 6.37M
2025-06-16 14:24:41 | INFO | ✅ Dashboard parsed successfully
2025-06-16 14:24:41 | INFO | 🔍 Analyzing signal...
2025-06-16 14:24:41 | INFO |    Cumulative Trend: 140
2025-06-16 14:24:41 | INFO |    Confidence: 95.0%
2025-06-16 14:24:41 | INFO |    Combined Flow: +6.37M
2025-06-16 14:24:41 | INFO |    Trend Strength: WEAK
2025-06-16 14:24:41 | INFO | ❌ SKIP SIGNAL: Trend too weak (below 1k threshold)
2025-06-16 14:24:41 | INFO | 💾 Signal saved: S_20250616_142441
2025-06-16 14:24:41 | INFO | ⏭️  Signal skipped: Trend too weak (below 1k threshold)
2025-06-16 14:24:48 | INFO | ⏰ Enhanced Loop #521: 14:24:48 [SELL STRATEGY MODE]
2025-06-16 14:24:48 | INFO | 📊 New enhanced dashboard data detected: enhanced_tabbed_dashboard_20250616.html
2025-06-16 14:24:48 | INFO | 📊 Parsing dashboard: enhanced_tabbed_dashboard_20250616.html
2025-06-16 14:24:48 | INFO | 📈 Extracted trend: 140
2025-06-16 14:24:48 | INFO | 🎯 Confidence: 95.0%
2025-06-16 14:24:48 | INFO | 💰 Combined flow: 6.37M
2025-06-16 14:24:48 | INFO | ✅ Dashboard parsed successfully
2025-06-16 14:24:48 | INFO | 🔍 Enhanced Signal Analysis...
2025-06-16 14:24:48 | INFO |    Cumulative Trend: 140
2025-06-16 14:24:48 | INFO |    Confidence: 95.0%
2025-06-16 14:24:48 | INFO |    Combined Flow: +6.37M
2025-06-16 14:24:49 | INFO | 📈 Real Spot Price: ₹24960.55 at 2025-06-16 14:22:32
2025-06-16 14:24:49 | INFO | 📊 Market Regime Detection:
2025-06-16 14:24:49 | INFO |    Primary Regime: RANGE_BOUND_LOW_VOL
2025-06-16 14:24:49 | INFO |    Volatility: LOW_VOLATILITY (10.0%ile)
2025-06-16 14:24:49 | INFO |    Range Status: RANGE_BOUND
2025-06-16 14:24:49 | INFO |    Recommended Strategy: SELL_PREMIUM
2025-06-16 14:24:49 | INFO |    Market Regime: RANGE_BOUND_LOW_VOL
2025-06-16 14:24:49 | INFO |    Recommended Strategy: SELL_PREMIUM
2025-06-16 14:24:49 | INFO | ❌ SKIP SELL SIGNAL: SELL strategy requires stronger signals (minimum MODERATE)
2025-06-16 14:24:49 | INFO | 💾 Enhanced signal saved: S_20250616_142449
2025-06-16 14:24:49 | INFO | ⏭️  Enhanced signal skipped: SELL strategy requires stronger signals (minimum MODERATE)
2025-06-16 14:25:11 | INFO | ⏰ Loop #530: 14:25:11 [REAL DATA MODE]
2025-06-16 14:25:19 | INFO | ⏰ Enhanced Loop #522: 14:25:19 [SELL STRATEGY MODE]
2025-06-16 14:25:41 | INFO | ⏰ Loop #531: 14:25:41 [REAL DATA MODE]
2025-06-16 14:25:41 | INFO | 📊 New dashboard data detected: enhanced_tabbed_dashboard_20250616.html
2025-06-16 14:25:41 | INFO | 📊 Parsing dashboard: enhanced_tabbed_dashboard_20250616.html
2025-06-16 14:25:41 | INFO | 📈 Extracted trend: 140
2025-06-16 14:25:41 | INFO | 🎯 Confidence: 95.0%
2025-06-16 14:25:41 | INFO | 💰 Combined flow: 6.37M
2025-06-16 14:25:41 | INFO | ✅ Dashboard parsed successfully
2025-06-16 14:25:41 | INFO | 🔍 Analyzing signal...
2025-06-16 14:25:41 | INFO |    Cumulative Trend: 140
2025-06-16 14:25:41 | INFO |    Confidence: 95.0%
2025-06-16 14:25:41 | INFO |    Combined Flow: +6.37M
2025-06-16 14:25:41 | INFO |    Trend Strength: WEAK
2025-06-16 14:25:41 | INFO | ❌ SKIP SIGNAL: Trend too weak (below 1k threshold)
2025-06-16 14:25:41 | INFO | 💾 Signal saved: S_20250616_142541
2025-06-16 14:25:41 | INFO | ⏭️  Signal skipped: Trend too weak (below 1k threshold)
2025-06-16 14:25:49 | INFO | ⏰ Enhanced Loop #523: 14:25:49 [SELL STRATEGY MODE]
2025-06-16 14:25:49 | INFO | 📊 New enhanced dashboard data detected: enhanced_tabbed_dashboard_20250616.html
2025-06-16 14:25:49 | INFO | 📊 Parsing dashboard: enhanced_tabbed_dashboard_20250616.html
2025-06-16 14:25:49 | INFO | 📈 Extracted trend: 140
2025-06-16 14:25:49 | INFO | 🎯 Confidence: 95.0%
2025-06-16 14:25:49 | INFO | 💰 Combined flow: 6.37M
2025-06-16 14:25:49 | INFO | ✅ Dashboard parsed successfully
2025-06-16 14:25:49 | INFO | 🔍 Enhanced Signal Analysis...
2025-06-16 14:25:49 | INFO |    Cumulative Trend: 140
2025-06-16 14:25:49 | INFO |    Confidence: 95.0%
2025-06-16 14:25:49 | INFO |    Combined Flow: +6.37M
2025-06-16 14:25:49 | INFO | 📈 Real Spot Price: ₹24960.55 at 2025-06-16 14:22:32
2025-06-16 14:25:49 | INFO | 📊 Market Regime Detection:
2025-06-16 14:25:49 | INFO |    Primary Regime: NORMAL_TRENDING
2025-06-16 14:25:49 | INFO |    Volatility: NORMAL_VOLATILITY (70.0%ile)
2025-06-16 14:25:49 | INFO |    Range Status: RANGE_BOUND
2025-06-16 14:25:49 | INFO |    Recommended Strategy: BUY_OPTIONS
2025-06-16 14:25:49 | INFO |    Market Regime: NORMAL_TRENDING
2025-06-16 14:25:49 | INFO |    Recommended Strategy: BUY_OPTIONS
2025-06-16 14:25:49 | INFO | 🔍 Analyzing signal...
2025-06-16 14:25:49 | INFO |    Cumulative Trend: 140
2025-06-16 14:25:49 | INFO |    Confidence: 95.0%
2025-06-16 14:25:49 | INFO |    Combined Flow: +6.37M
2025-06-16 14:25:49 | INFO |    Trend Strength: WEAK
2025-06-16 14:25:49 | INFO | ❌ SKIP SIGNAL: Trend too weak (below 1k threshold)
2025-06-16 14:25:49 | INFO | 💾 Enhanced signal saved: S_20250616_142549
2025-06-16 14:25:49 | INFO | ⏭️  Enhanced signal skipped: Trend too weak (below 1k threshold)
2025-06-16 14:26:11 | INFO | ⏰ Loop #532: 14:26:11 [REAL DATA MODE]
2025-06-16 14:26:19 | INFO | ⏰ Enhanced Loop #524: 14:26:19 [SELL STRATEGY MODE]
2025-06-16 14:26:41 | INFO | ⏰ Loop #533: 14:26:41 [REAL DATA MODE]
2025-06-16 14:26:41 | INFO | 📊 New dashboard data detected: enhanced_tabbed_dashboard_20250616.html
2025-06-16 14:26:41 | INFO | 📊 Parsing dashboard: enhanced_tabbed_dashboard_20250616.html
2025-06-16 14:26:41 | INFO | 📈 Extracted trend: 140
2025-06-16 14:26:41 | INFO | 🎯 Confidence: 95.0%
2025-06-16 14:26:41 | INFO | 💰 Combined flow: 6.37M
2025-06-16 14:26:41 | INFO | ✅ Dashboard parsed successfully
2025-06-16 14:26:41 | INFO | 🔍 Analyzing signal...
2025-06-16 14:26:41 | INFO |    Cumulative Trend: 140
2025-06-16 14:26:41 | INFO |    Confidence: 95.0%
2025-06-16 14:26:41 | INFO |    Combined Flow: +6.37M
2025-06-16 14:26:41 | INFO |    Trend Strength: WEAK
2025-06-16 14:26:41 | INFO | ❌ SKIP SIGNAL: Trend too weak (below 1k threshold)
2025-06-16 14:26:41 | INFO | 💾 Signal saved: S_20250616_142641
2025-06-16 14:26:41 | INFO | ⏭️  Signal skipped: Trend too weak (below 1k threshold)
2025-06-16 14:26:49 | INFO | ⏰ Enhanced Loop #525: 14:26:49 [SELL STRATEGY MODE]
2025-06-16 14:26:49 | INFO | 📊 New enhanced dashboard data detected: enhanced_tabbed_dashboard_20250616.html
2025-06-16 14:26:49 | INFO | 📊 Parsing dashboard: enhanced_tabbed_dashboard_20250616.html
2025-06-16 14:26:49 | INFO | 📈 Extracted trend: 140
2025-06-16 14:26:49 | INFO | 🎯 Confidence: 95.0%
2025-06-16 14:26:49 | INFO | 💰 Combined flow: 6.37M
2025-06-16 14:26:49 | INFO | ✅ Dashboard parsed successfully
2025-06-16 14:26:49 | INFO | 🔍 Enhanced Signal Analysis...
2025-06-16 14:26:49 | INFO |    Cumulative Trend: 140
2025-06-16 14:26:49 | INFO |    Confidence: 95.0%
2025-06-16 14:26:49 | INFO |    Combined Flow: +6.37M
2025-06-16 14:26:50 | INFO | 📈 Real Spot Price: ₹24960.55 at 2025-06-16 14:22:32
2025-06-16 14:26:50 | INFO | 📊 Market Regime Detection:
2025-06-16 14:26:50 | INFO |    Primary Regime: HIGH_VOLATILITY_TRENDING
2025-06-16 14:26:50 | INFO |    Volatility: HIGH_VOLATILITY (90.0%ile)
2025-06-16 14:26:50 | INFO |    Range Status: RANGE_BOUND
2025-06-16 14:26:50 | INFO |    Recommended Strategy: BUY_OPTIONS
2025-06-16 14:26:50 | INFO |    Market Regime: HIGH_VOLATILITY_TRENDING
2025-06-16 14:26:50 | INFO |    Recommended Strategy: BUY_OPTIONS
2025-06-16 14:26:50 | INFO | 🔍 Analyzing signal...
2025-06-16 14:26:50 | INFO |    Cumulative Trend: 140
2025-06-16 14:26:50 | INFO |    Confidence: 95.0%
2025-06-16 14:26:50 | INFO |    Combined Flow: +6.37M
2025-06-16 14:26:50 | INFO |    Trend Strength: WEAK
2025-06-16 14:26:50 | INFO | ❌ SKIP SIGNAL: Trend too weak (below 1k threshold)
2025-06-16 14:26:50 | INFO | 💾 Enhanced signal saved: S_20250616_142650
2025-06-16 14:26:50 | INFO | ⏭️  Enhanced signal skipped: Trend too weak (below 1k threshold)
2025-06-16 14:27:11 | INFO | ⏰ Loop #534: 14:27:11 [REAL DATA MODE]
2025-06-16 14:27:20 | INFO | ⏰ Enhanced Loop #526: 14:27:20 [SELL STRATEGY MODE]
2025-06-16 14:27:41 | INFO | ⏰ Loop #535: 14:27:41 [REAL DATA MODE]
2025-06-16 14:27:41 | INFO | 📊 New dashboard data detected: enhanced_tabbed_dashboard_20250616.html
2025-06-16 14:27:41 | INFO | 📊 Parsing dashboard: enhanced_tabbed_dashboard_20250616.html
2025-06-16 14:27:41 | INFO | 📈 Extracted trend: 130
2025-06-16 14:27:41 | INFO | 🎯 Confidence: 95.0%
2025-06-16 14:27:41 | INFO | 💰 Combined flow: -1.04M
2025-06-16 14:27:41 | INFO | ✅ Dashboard parsed successfully
2025-06-16 14:27:41 | INFO | 🔍 Analyzing signal...
2025-06-16 14:27:41 | INFO |    Cumulative Trend: 130
2025-06-16 14:27:41 | INFO |    Confidence: 95.0%
2025-06-16 14:27:41 | INFO |    Combined Flow: -1.04M
2025-06-16 14:27:41 | INFO |    Trend Strength: WEAK
2025-06-16 14:27:41 | INFO | ❌ SKIP SIGNAL: Trend too weak (below 1k threshold)
2025-06-16 14:27:41 | INFO | 💾 Signal saved: S_20250616_142741
2025-06-16 14:27:41 | INFO | ⏭️  Signal skipped: Trend too weak (below 1k threshold)
2025-06-16 14:27:50 | INFO | ⏰ Enhanced Loop #527: 14:27:50 [SELL STRATEGY MODE]
2025-06-16 14:27:50 | INFO | 📊 New enhanced dashboard data detected: enhanced_tabbed_dashboard_20250616.html
2025-06-16 14:27:50 | INFO | 📊 Parsing dashboard: enhanced_tabbed_dashboard_20250616.html
2025-06-16 14:27:50 | INFO | 📈 Extracted trend: 130
2025-06-16 14:27:50 | INFO | 🎯 Confidence: 95.0%
2025-06-16 14:27:50 | INFO | 💰 Combined flow: -1.04M
2025-06-16 14:27:50 | INFO | ✅ Dashboard parsed successfully
2025-06-16 14:27:50 | INFO | 🔍 Enhanced Signal Analysis...
2025-06-16 14:27:50 | INFO |    Cumulative Trend: 130
2025-06-16 14:27:50 | INFO |    Confidence: 95.0%
2025-06-16 14:27:50 | INFO |    Combined Flow: -1.04M
2025-06-16 14:27:51 | INFO | 📈 Real Spot Price: ₹24953.00 at 2025-06-16 14:27:38
2025-06-16 14:27:51 | INFO | 📊 Market Regime Detection:
2025-06-16 14:27:51 | INFO |    Primary Regime: NORMAL_TRENDING
2025-06-16 14:27:51 | INFO |    Volatility: NORMAL_VOLATILITY (50.0%ile)
2025-06-16 14:27:51 | INFO |    Range Status: RANGE_BOUND
2025-06-16 14:27:51 | INFO |    Recommended Strategy: BUY_OPTIONS
2025-06-16 14:27:51 | INFO |    Market Regime: NORMAL_TRENDING
2025-06-16 14:27:51 | INFO |    Recommended Strategy: BUY_OPTIONS
2025-06-16 14:27:51 | INFO | 🔍 Analyzing signal...
2025-06-16 14:27:51 | INFO |    Cumulative Trend: 130
2025-06-16 14:27:51 | INFO |    Confidence: 95.0%
2025-06-16 14:27:51 | INFO |    Combined Flow: -1.04M
2025-06-16 14:27:51 | INFO |    Trend Strength: WEAK
2025-06-16 14:27:51 | INFO | ❌ SKIP SIGNAL: Trend too weak (below 1k threshold)
2025-06-16 14:27:51 | INFO | 💾 Enhanced signal saved: S_20250616_142751
2025-06-16 14:27:51 | INFO | ⏭️  Enhanced signal skipped: Trend too weak (below 1k threshold)
2025-06-16 14:28:11 | INFO | ⏰ Loop #536: 14:28:11 [REAL DATA MODE]
2025-06-16 14:28:21 | INFO | ⏰ Enhanced Loop #528: 14:28:21 [SELL STRATEGY MODE]
2025-06-16 14:28:41 | INFO | ⏰ Loop #537: 14:28:41 [REAL DATA MODE]
2025-06-16 14:28:41 | INFO | 📊 New dashboard data detected: enhanced_tabbed_dashboard_20250616.html
2025-06-16 14:28:41 | INFO | 📊 Parsing dashboard: enhanced_tabbed_dashboard_20250616.html
2025-06-16 14:28:41 | INFO | 📈 Extracted trend: 130
2025-06-16 14:28:41 | INFO | 🎯 Confidence: 95.0%
2025-06-16 14:28:41 | INFO | 💰 Combined flow: -1.04M
2025-06-16 14:28:41 | INFO | ✅ Dashboard parsed successfully
2025-06-16 14:28:41 | INFO | 🔍 Analyzing signal...
2025-06-16 14:28:41 | INFO |    Cumulative Trend: 130
2025-06-16 14:28:41 | INFO |    Confidence: 95.0%
2025-06-16 14:28:41 | INFO |    Combined Flow: -1.04M
2025-06-16 14:28:41 | INFO |    Trend Strength: WEAK
2025-06-16 14:28:41 | INFO | ❌ SKIP SIGNAL: Trend too weak (below 1k threshold)
2025-06-16 14:28:41 | INFO | 💾 Signal saved: S_20250616_142841
2025-06-16 14:28:41 | INFO | ⏭️  Signal skipped: Trend too weak (below 1k threshold)
2025-06-16 14:28:51 | INFO | ⏰ Enhanced Loop #529: 14:28:51 [SELL STRATEGY MODE]
2025-06-16 14:28:51 | INFO | 📊 New enhanced dashboard data detected: enhanced_tabbed_dashboard_20250616.html
2025-06-16 14:28:51 | INFO | 📊 Parsing dashboard: enhanced_tabbed_dashboard_20250616.html
2025-06-16 14:28:51 | INFO | 📈 Extracted trend: 130
2025-06-16 14:28:51 | INFO | 🎯 Confidence: 95.0%
2025-06-16 14:28:51 | INFO | 💰 Combined flow: -1.04M
2025-06-16 14:28:51 | INFO | ✅ Dashboard parsed successfully
2025-06-16 14:28:51 | INFO | 🔍 Enhanced Signal Analysis...
2025-06-16 14:28:51 | INFO |    Cumulative Trend: 130
2025-06-16 14:28:51 | INFO |    Confidence: 95.0%
2025-06-16 14:28:51 | INFO |    Combined Flow: -1.04M
2025-06-16 14:28:51 | INFO | 📈 Real Spot Price: ₹24953.00 at 2025-06-16 14:27:38
2025-06-16 14:28:51 | INFO | 📊 Market Regime Detection:
2025-06-16 14:28:51 | INFO |    Primary Regime: POST_GAP_CONSOLIDATION
2025-06-16 14:28:51 | INFO |    Volatility: HIGH_VOLATILITY (80.0%ile)
2025-06-16 14:28:51 | INFO |    Range Status: RANGE_BOUND
2025-06-16 14:28:51 | INFO |    Recommended Strategy: SELL_PREMIUM
2025-06-16 14:28:51 | INFO |    Market Regime: POST_GAP_CONSOLIDATION
2025-06-16 14:28:51 | INFO |    Recommended Strategy: SELL_PREMIUM
2025-06-16 14:28:51 | INFO | ❌ SKIP SELL SIGNAL: SELL strategy requires stronger signals (minimum MODERATE)
2025-06-16 14:28:51 | INFO | 💾 Enhanced signal saved: S_20250616_142851
2025-06-16 14:28:51 | INFO | ⏭️  Enhanced signal skipped: SELL strategy requires stronger signals (minimum MODERATE)
2025-06-16 14:29:11 | INFO | ⏰ Loop #538: 14:29:11 [REAL DATA MODE]
2025-06-16 14:29:21 | INFO | ⏰ Enhanced Loop #530: 14:29:21 [SELL STRATEGY MODE]
2025-06-16 14:29:21 | ERROR | ❌ Risk check failed: 'EnhancedPortfolioManager' object has no attribute 'get_portfolio_summary'
2025-06-16 14:29:41 | INFO | ⏰ Loop #539: 14:29:41 [REAL DATA MODE]
2025-06-16 14:29:41 | INFO | 📊 New dashboard data detected: enhanced_tabbed_dashboard_20250616.html
2025-06-16 14:29:41 | INFO | 📊 Parsing dashboard: enhanced_tabbed_dashboard_20250616.html
2025-06-16 14:29:41 | INFO | 📈 Extracted trend: 130
2025-06-16 14:29:41 | INFO | 🎯 Confidence: 95.0%
2025-06-16 14:29:41 | INFO | 💰 Combined flow: -1.04M
2025-06-16 14:29:41 | INFO | ✅ Dashboard parsed successfully
2025-06-16 14:29:41 | INFO | 🔍 Analyzing signal...
2025-06-16 14:29:41 | INFO |    Cumulative Trend: 130
2025-06-16 14:29:41 | INFO |    Confidence: 95.0%
2025-06-16 14:29:41 | INFO |    Combined Flow: -1.04M
2025-06-16 14:29:41 | INFO |    Trend Strength: WEAK
2025-06-16 14:29:41 | INFO | ❌ SKIP SIGNAL: Trend too weak (below 1k threshold)
2025-06-16 14:29:41 | INFO | 💾 Signal saved: S_20250616_142941
2025-06-16 14:29:41 | INFO | ⏭️  Signal skipped: Trend too weak (below 1k threshold)
2025-06-16 14:29:51 | INFO | ⏰ Enhanced Loop #531: 14:29:51 [SELL STRATEGY MODE]
2025-06-16 14:29:51 | INFO | 📊 New enhanced dashboard data detected: enhanced_tabbed_dashboard_20250616.html
2025-06-16 14:29:51 | INFO | 📊 Parsing dashboard: enhanced_tabbed_dashboard_20250616.html
2025-06-16 14:29:51 | INFO | 📈 Extracted trend: 130
2025-06-16 14:29:51 | INFO | 🎯 Confidence: 95.0%
2025-06-16 14:29:51 | INFO | 💰 Combined flow: -1.04M
2025-06-16 14:29:51 | INFO | ✅ Dashboard parsed successfully
2025-06-16 14:29:51 | INFO | 🔍 Enhanced Signal Analysis...
2025-06-16 14:29:51 | INFO |    Cumulative Trend: 130
2025-06-16 14:29:51 | INFO |    Confidence: 95.0%
2025-06-16 14:29:51 | INFO |    Combined Flow: -1.04M
2025-06-16 14:29:52 | INFO | 📈 Real Spot Price: ₹24953.00 at 2025-06-16 14:27:38
2025-06-16 14:29:52 | INFO | 📊 Market Regime Detection:
2025-06-16 14:29:52 | INFO |    Primary Regime: RANGE_BOUND_LOW_VOL
2025-06-16 14:29:52 | INFO |    Volatility: LOW_VOLATILITY (0.0%ile)
2025-06-16 14:29:52 | INFO |    Range Status: RANGE_BOUND
2025-06-16 14:29:52 | INFO |    Recommended Strategy: SELL_PREMIUM
2025-06-16 14:29:52 | INFO |    Market Regime: RANGE_BOUND_LOW_VOL
2025-06-16 14:29:52 | INFO |    Recommended Strategy: SELL_PREMIUM
2025-06-16 14:29:52 | INFO | ❌ SKIP SELL SIGNAL: SELL strategy requires stronger signals (minimum MODERATE)
2025-06-16 14:29:52 | INFO | 💾 Enhanced signal saved: S_20250616_142952
2025-06-16 14:29:52 | INFO | ⏭️  Enhanced signal skipped: SELL strategy requires stronger signals (minimum MODERATE)
2025-06-16 14:30:11 | INFO | ⏰ Loop #540: 14:30:11 [REAL DATA MODE]
2025-06-16 14:30:11 | INFO | 
======================================================================
2025-06-16 14:30:11 | INFO | 📊 ENHANCED SYSTEM STATUS
2025-06-16 14:30:11 | INFO | ======================================================================
2025-06-16 14:30:11 | INFO | System Status: 🟢 RUNNING
2025-06-16 14:30:11 | INFO | Trading Status: 🟢 ENABLED
2025-06-16 14:30:11 | INFO | 💰 Current Capital: ₹100,000.00
2025-06-16 14:30:11 | INFO | 💸 Available Capital: ₹100,000.00
2025-06-16 14:30:11 | INFO | ⚖️  Capital at Risk: ₹0.00
2025-06-16 14:30:11 | INFO | 📈 Daily P&L: ₹+0.00
2025-06-16 14:30:11 | INFO | 💼 Active Positions: 0
2025-06-16 14:30:11 | INFO | 📊 Trades Today: 0
2025-06-16 14:30:11 | INFO | 🟢 Risk Exposure: 0.0%
2025-06-16 14:30:11 | INFO | 📊 Latest Dashboard: enhanced_tabbed_dashboard_20250616.html
2025-06-16 14:30:11 | INFO | 🕒 Dashboard Modified: 2025-06-16 14:29:37
2025-06-16 14:30:11 | INFO | 📡 Signals Today: 260
2025-06-16 14:30:11 | INFO | 🕒 Last Check: 14:30:11
2025-06-16 14:30:11 | INFO | 
🎯 SIGNAL THRESHOLDS:
2025-06-16 14:30:11 | INFO |    SUPER_EXTREME: ±100,000 (4 lots)
2025-06-16 14:30:11 | INFO |    EXTREME: ±50,000 (3 lots)
2025-06-16 14:30:11 | INFO |    STRONG:  ±15,000 (2 lots)
2025-06-16 14:30:11 | INFO |    MODERATE: ±5,000 (1 lot)
2025-06-16 14:30:11 | INFO | ======================================================================
2025-06-16 14:30:12 | INFO | 
==================================================
2025-06-16 14:30:12 | INFO | 📊 REAL-TIME DATA STATUS
2025-06-16 14:30:12 | INFO | ==================================================
2025-06-16 14:30:12 | INFO | 📈 Current Nifty Spot: ₹24953.00
2025-06-16 14:30:12 | INFO | 🕒 Data Source: Real-time option chain database
2025-06-16 14:30:12 | INFO | 🔄 Update Frequency: Every 5 minutes
2025-06-16 14:30:12 | INFO | ==================================================
2025-06-16 14:30:22 | INFO | ⏰ Enhanced Loop #532: 14:30:22 [SELL STRATEGY MODE]
2025-06-16 14:30:42 | INFO | ⏰ Loop #541: 14:30:42 [REAL DATA MODE]
2025-06-16 14:30:42 | INFO | 📊 New dashboard data detected: enhanced_tabbed_dashboard_20250616.html
2025-06-16 14:30:42 | INFO | 📊 Parsing dashboard: enhanced_tabbed_dashboard_20250616.html
2025-06-16 14:30:42 | INFO | 📈 Extracted trend: 120
2025-06-16 14:30:42 | INFO | 🎯 Confidence: 95.0%
2025-06-16 14:30:42 | INFO | 💰 Combined flow: -9.82M
2025-06-16 14:30:42 | INFO | ✅ Dashboard parsed successfully
2025-06-16 14:30:42 | INFO | 🔍 Analyzing signal...
2025-06-16 14:30:42 | INFO |    Cumulative Trend: 120
2025-06-16 14:30:42 | INFO |    Confidence: 95.0%
2025-06-16 14:30:42 | INFO |    Combined Flow: -9.82M
2025-06-16 14:30:42 | INFO |    Trend Strength: WEAK
2025-06-16 14:30:42 | INFO | ❌ SKIP SIGNAL: Trend too weak (below 1k threshold)
2025-06-16 14:30:42 | INFO | 💾 Signal saved: S_20250616_143042
2025-06-16 14:30:42 | INFO | ⏭️  Signal skipped: Trend too weak (below 1k threshold)
2025-06-16 14:30:52 | INFO | ⏰ Enhanced Loop #533: 14:30:52 [SELL STRATEGY MODE]
2025-06-16 14:30:52 | INFO | 📊 New enhanced dashboard data detected: enhanced_tabbed_dashboard_20250616.html
2025-06-16 14:30:52 | INFO | 📊 Parsing dashboard: enhanced_tabbed_dashboard_20250616.html
2025-06-16 14:30:52 | INFO | 📈 Extracted trend: 120
2025-06-16 14:30:52 | INFO | 🎯 Confidence: 95.0%
2025-06-16 14:30:52 | INFO | 💰 Combined flow: -9.82M
2025-06-16 14:30:52 | INFO | ✅ Dashboard parsed successfully
2025-06-16 14:30:52 | INFO | 🔍 Enhanced Signal Analysis...
2025-06-16 14:30:52 | INFO |    Cumulative Trend: 120
2025-06-16 14:30:52 | INFO |    Confidence: 95.0%
2025-06-16 14:30:52 | INFO |    Combined Flow: -9.82M
2025-06-16 14:30:53 | INFO | 📈 Real Spot Price: ₹24953.00 at 2025-06-16 14:27:38
2025-06-16 14:30:53 | INFO | 📊 Market Regime Detection:
2025-06-16 14:30:53 | INFO |    Primary Regime: POST_GAP_CONSOLIDATION
2025-06-16 14:30:53 | INFO |    Volatility: NORMAL_VOLATILITY (70.0%ile)
2025-06-16 14:30:53 | INFO |    Range Status: RANGE_BOUND
2025-06-16 14:30:53 | INFO |    Recommended Strategy: SELL_PREMIUM
2025-06-16 14:30:53 | INFO |    Market Regime: POST_GAP_CONSOLIDATION
2025-06-16 14:30:53 | INFO |    Recommended Strategy: SELL_PREMIUM
2025-06-16 14:30:53 | INFO | ❌ SKIP SELL SIGNAL: SELL strategy requires stronger signals (minimum MODERATE)
2025-06-16 14:30:53 | INFO | 💾 Enhanced signal saved: S_20250616_143053
2025-06-16 14:30:53 | INFO | ⏭️  Enhanced signal skipped: SELL strategy requires stronger signals (minimum MODERATE)
2025-06-16 14:31:12 | INFO | ⏰ Loop #542: 14:31:12 [REAL DATA MODE]
2025-06-16 14:31:23 | INFO | ⏰ Enhanced Loop #534: 14:31:23 [SELL STRATEGY MODE]
2025-06-16 14:31:42 | INFO | ⏰ Loop #543: 14:31:42 [REAL DATA MODE]
2025-06-16 14:31:42 | INFO | 📊 New dashboard data detected: enhanced_tabbed_dashboard_20250616.html
2025-06-16 14:31:42 | INFO | 📊 Parsing dashboard: enhanced_tabbed_dashboard_20250616.html
2025-06-16 14:31:42 | INFO | 📈 Extracted trend: 120
2025-06-16 14:31:42 | INFO | 🎯 Confidence: 95.0%
2025-06-16 14:31:42 | INFO | 💰 Combined flow: -9.82M
2025-06-16 14:31:42 | INFO | ✅ Dashboard parsed successfully
2025-06-16 14:31:42 | INFO | 🔍 Analyzing signal...
2025-06-16 14:31:42 | INFO |    Cumulative Trend: 120
2025-06-16 14:31:42 | INFO |    Confidence: 95.0%
2025-06-16 14:31:42 | INFO |    Combined Flow: -9.82M
2025-06-16 14:31:42 | INFO |    Trend Strength: WEAK
2025-06-16 14:31:42 | INFO | ❌ SKIP SIGNAL: Trend too weak (below 1k threshold)
2025-06-16 14:31:42 | INFO | 💾 Signal saved: S_20250616_143142
2025-06-16 14:31:42 | INFO | ⏭️  Signal skipped: Trend too weak (below 1k threshold)
2025-06-16 14:31:53 | INFO | ⏰ Enhanced Loop #535: 14:31:53 [SELL STRATEGY MODE]
2025-06-16 14:31:53 | INFO | 📊 New enhanced dashboard data detected: enhanced_tabbed_dashboard_20250616.html
2025-06-16 14:31:53 | INFO | 📊 Parsing dashboard: enhanced_tabbed_dashboard_20250616.html
2025-06-16 14:31:53 | INFO | 📈 Extracted trend: 120
2025-06-16 14:31:53 | INFO | 🎯 Confidence: 95.0%
2025-06-16 14:31:53 | INFO | 💰 Combined flow: -9.82M
2025-06-16 14:31:53 | INFO | ✅ Dashboard parsed successfully
2025-06-16 14:31:53 | INFO | 🔍 Enhanced Signal Analysis...
2025-06-16 14:31:53 | INFO |    Cumulative Trend: 120
2025-06-16 14:31:53 | INFO |    Confidence: 95.0%
2025-06-16 14:31:53 | INFO |    Combined Flow: -9.82M
2025-06-16 14:31:53 | INFO | 📈 Real Spot Price: ₹24953.00 at 2025-06-16 14:27:38
2025-06-16 14:31:53 | INFO | 📊 Market Regime Detection:
2025-06-16 14:31:53 | INFO |    Primary Regime: NORMAL_TRENDING
2025-06-16 14:31:53 | INFO |    Volatility: NORMAL_VOLATILITY (40.0%ile)
2025-06-16 14:31:53 | INFO |    Range Status: RANGE_BOUND
2025-06-16 14:31:53 | INFO |    Recommended Strategy: BUY_OPTIONS
2025-06-16 14:31:53 | INFO |    Market Regime: NORMAL_TRENDING
2025-06-16 14:31:53 | INFO |    Recommended Strategy: BUY_OPTIONS
2025-06-16 14:31:53 | INFO | 🔍 Analyzing signal...
2025-06-16 14:31:53 | INFO |    Cumulative Trend: 120
2025-06-16 14:31:53 | INFO |    Confidence: 95.0%
2025-06-16 14:31:53 | INFO |    Combined Flow: -9.82M
2025-06-16 14:31:53 | INFO |    Trend Strength: WEAK
2025-06-16 14:31:53 | INFO | ❌ SKIP SIGNAL: Trend too weak (below 1k threshold)
2025-06-16 14:31:53 | INFO | 💾 Enhanced signal saved: S_20250616_143153
2025-06-16 14:31:53 | INFO | ⏭️  Enhanced signal skipped: Trend too weak (below 1k threshold)
2025-06-16 14:32:08 | INFO | ✅ Enhanced database initialized successfully
2025-06-16 14:32:12 | INFO | ⏰ Loop #544: 14:32:12 [REAL DATA MODE]
2025-06-16 14:32:23 | INFO | ⏰ Enhanced Loop #536: 14:32:23 [SELL STRATEGY MODE]
2025-06-16 14:32:42 | INFO | ⏰ Loop #545: 14:32:42 [REAL DATA MODE]
2025-06-16 14:32:42 | INFO | 📊 New dashboard data detected: enhanced_tabbed_dashboard_20250616.html
2025-06-16 14:32:42 | INFO | 📊 Parsing dashboard: enhanced_tabbed_dashboard_20250616.html
2025-06-16 14:32:42 | INFO | 📈 Extracted trend: 120
2025-06-16 14:32:42 | INFO | 🎯 Confidence: 95.0%
2025-06-16 14:32:42 | INFO | 💰 Combined flow: -9.82M
2025-06-16 14:32:42 | INFO | ✅ Dashboard parsed successfully
2025-06-16 14:32:42 | INFO | 🔍 Analyzing signal...
2025-06-16 14:32:42 | INFO |    Cumulative Trend: 120
2025-06-16 14:32:42 | INFO |    Confidence: 95.0%
2025-06-16 14:32:42 | INFO |    Combined Flow: -9.82M
2025-06-16 14:32:42 | INFO |    Trend Strength: WEAK
2025-06-16 14:32:42 | INFO | ❌ SKIP SIGNAL: Trend too weak (below 1k threshold)
2025-06-16 14:32:42 | INFO | 💾 Signal saved: S_20250616_143242
2025-06-16 14:32:42 | INFO | ⏭️  Signal skipped: Trend too weak (below 1k threshold)
2025-06-16 14:32:53 | INFO | ⏰ Enhanced Loop #537: 14:32:53 [SELL STRATEGY MODE]
2025-06-16 14:32:53 | INFO | 📊 New enhanced dashboard data detected: enhanced_tabbed_dashboard_20250616.html
2025-06-16 14:32:53 | INFO | 📊 Parsing dashboard: enhanced_tabbed_dashboard_20250616.html
2025-06-16 14:32:53 | INFO | 📈 Extracted trend: 120
2025-06-16 14:32:53 | INFO | 🎯 Confidence: 95.0%
2025-06-16 14:32:53 | INFO | 💰 Combined flow: -9.82M
2025-06-16 14:32:53 | INFO | ✅ Dashboard parsed successfully
2025-06-16 14:32:53 | INFO | 🔍 Enhanced Signal Analysis...
2025-06-16 14:32:53 | INFO |    Cumulative Trend: 120
2025-06-16 14:32:53 | INFO |    Confidence: 95.0%
2025-06-16 14:32:53 | INFO |    Combined Flow: -9.82M
2025-06-16 14:32:54 | INFO | 📈 Real Spot Price: ₹24944.65 at 2025-06-16 14:32:44
2025-06-16 14:32:54 | INFO | 📊 Market Regime Detection:
2025-06-16 14:32:54 | INFO |    Primary Regime: POST_GAP_CONSOLIDATION
2025-06-16 14:32:54 | INFO |    Volatility: NORMAL_VOLATILITY (70.0%ile)
2025-06-16 14:32:54 | INFO |    Range Status: RANGE_BOUND
2025-06-16 14:32:54 | INFO |    Recommended Strategy: SELL_PREMIUM
2025-06-16 14:32:54 | INFO |    Market Regime: POST_GAP_CONSOLIDATION
2025-06-16 14:32:54 | INFO |    Recommended Strategy: SELL_PREMIUM
2025-06-16 14:32:54 | INFO | ❌ SKIP SELL SIGNAL: SELL strategy requires stronger signals (minimum MODERATE)
2025-06-16 14:32:54 | INFO | 💾 Enhanced signal saved: S_20250616_143254
2025-06-16 14:32:54 | INFO | ⏭️  Enhanced signal skipped: SELL strategy requires stronger signals (minimum MODERATE)
2025-06-16 14:33:12 | INFO | ⏰ Loop #546: 14:33:12 [REAL DATA MODE]
2025-06-16 14:33:24 | INFO | ⏰ Enhanced Loop #538: 14:33:24 [SELL STRATEGY MODE]
2025-06-16 14:33:42 | INFO | ⏰ Loop #547: 14:33:42 [REAL DATA MODE]
2025-06-16 14:33:42 | INFO | 📊 New dashboard data detected: enhanced_tabbed_dashboard_20250616.html
2025-06-16 14:33:42 | INFO | 📊 Parsing dashboard: enhanced_tabbed_dashboard_20250616.html
2025-06-16 14:33:42 | INFO | 📈 Extracted trend: 105
2025-06-16 14:33:42 | INFO | 🎯 Confidence: 95.0%
2025-06-16 14:33:42 | INFO | 💰 Combined flow: -13.83M
2025-06-16 14:33:42 | INFO | ✅ Dashboard parsed successfully
2025-06-16 14:33:42 | INFO | 🔍 Analyzing signal...
2025-06-16 14:33:42 | INFO |    Cumulative Trend: 105
2025-06-16 14:33:42 | INFO |    Confidence: 95.0%
2025-06-16 14:33:42 | INFO |    Combined Flow: -13.83M
2025-06-16 14:33:42 | INFO |    Trend Strength: WEAK
2025-06-16 14:33:42 | INFO | ❌ SKIP SIGNAL: Trend too weak (below 1k threshold)
2025-06-16 14:33:42 | INFO | 💾 Signal saved: S_20250616_143342
2025-06-16 14:33:42 | INFO | ⏭️  Signal skipped: Trend too weak (below 1k threshold)
2025-06-16 14:33:54 | INFO | ⏰ Enhanced Loop #539: 14:33:54 [SELL STRATEGY MODE]
2025-06-16 14:33:54 | INFO | 📊 New enhanced dashboard data detected: enhanced_tabbed_dashboard_20250616.html
2025-06-16 14:33:54 | INFO | 📊 Parsing dashboard: enhanced_tabbed_dashboard_20250616.html
2025-06-16 14:33:54 | INFO | 📈 Extracted trend: 105
2025-06-16 14:33:54 | INFO | 🎯 Confidence: 95.0%
2025-06-16 14:33:54 | INFO | 💰 Combined flow: -13.83M
2025-06-16 14:33:54 | INFO | ✅ Dashboard parsed successfully
2025-06-16 14:33:54 | INFO | 🔍 Enhanced Signal Analysis...
2025-06-16 14:33:54 | INFO |    Cumulative Trend: 105
2025-06-16 14:33:54 | INFO |    Confidence: 95.0%
2025-06-16 14:33:54 | INFO |    Combined Flow: -13.83M
2025-06-16 14:33:55 | INFO | 📈 Real Spot Price: ₹24944.65 at 2025-06-16 14:32:44
2025-06-16 14:33:55 | INFO | 📊 Market Regime Detection:
2025-06-16 14:33:55 | INFO |    Primary Regime: RANGE_BOUND_LOW_VOL
2025-06-16 14:33:55 | INFO |    Volatility: LOW_VOLATILITY (0.0%ile)
2025-06-16 14:33:55 | INFO |    Range Status: RANGE_BOUND
2025-06-16 14:33:55 | INFO |    Recommended Strategy: SELL_PREMIUM
2025-06-16 14:33:55 | INFO |    Market Regime: RANGE_BOUND_LOW_VOL
2025-06-16 14:33:55 | INFO |    Recommended Strategy: SELL_PREMIUM
2025-06-16 14:33:55 | INFO | ❌ SKIP SELL SIGNAL: SELL strategy requires stronger signals (minimum MODERATE)
2025-06-16 14:33:55 | INFO | 💾 Enhanced signal saved: S_20250616_143355
2025-06-16 14:33:55 | INFO | ⏭️  Enhanced signal skipped: SELL strategy requires stronger signals (minimum MODERATE)
2025-06-16 14:34:12 | INFO | ⏰ Loop #548: 14:34:12 [REAL DATA MODE]
2025-06-16 14:34:25 | INFO | ⏰ Enhanced Loop #540: 14:34:25 [SELL STRATEGY MODE]
2025-06-16 14:34:25 | ERROR | ❌ Risk check failed: 'EnhancedPortfolioManager' object has no attribute 'get_portfolio_summary'
2025-06-16 14:34:25 | INFO | 
======================================================================
2025-06-16 14:34:25 | INFO | 📊 ENHANCED SYSTEM STATUS (SELL STRATEGY ENABLED)
2025-06-16 14:34:25 | INFO | ======================================================================
2025-06-16 14:34:25 | INFO | System Status: 🟢 RUNNING
2025-06-16 14:34:25 | INFO | Trading Status: 🟢 ENABLED
2025-06-16 14:34:25 | INFO | 💰 Current Capital: ₹100,000.00
2025-06-16 14:34:25 | INFO | 💸 Available Capital: ₹100,000.00
2025-06-16 14:34:25 | INFO | ⚖️  Capital at Risk (BUY): ₹0.00
2025-06-16 14:34:25 | INFO | 🏦 Margin Utilized (SELL): ₹0.00
2025-06-16 14:34:25 | INFO | 💵 Premium Collected: ₹0.00
2025-06-16 14:34:25 | INFO | 📈 Daily P&L: ₹+0.00
2025-06-16 14:34:25 | INFO | 💼 Total Active Positions: 0
2025-06-16 14:34:25 | INFO | 📊 BUY Positions: 0 | SELL Positions: 0
2025-06-16 14:34:25 | INFO | 📊 Trades Today: 0
2025-06-16 14:34:25 | INFO | 🟢 Total Risk Exposure: 0.0%
2025-06-16 14:34:25 | INFO | 📈 Real Spot Price: ₹24944.65 at 2025-06-16 14:32:44
2025-06-16 14:34:25 | INFO | 📊 Market Regime Detection:
2025-06-16 14:34:25 | INFO |    Primary Regime: HIGH_VOLATILITY_TRENDING
2025-06-16 14:34:25 | INFO |    Volatility: HIGH_VOLATILITY (80.0%ile)
2025-06-16 14:34:25 | INFO |    Range Status: RANGE_BOUND
2025-06-16 14:34:25 | INFO |    Recommended Strategy: BUY_OPTIONS
2025-06-16 14:34:25 | INFO | 🏛️  Market Regime: HIGH_VOLATILITY_TRENDING
2025-06-16 14:34:25 | INFO | 📊 Volatility: 80%ile (HIGH_VOLATILITY)
2025-06-16 14:34:25 | INFO | 🎯 Recommended Strategy: BUY_OPTIONS
2025-06-16 14:34:25 | INFO | 
🎯 ENHANCED STRATEGY THRESHOLDS:
2025-06-16 14:34:25 | INFO |   BUY Strategy (Trending Markets):
2025-06-16 14:34:25 | INFO |     SUPER_EXTREME: ±100,000 (4 lots)
2025-06-16 14:34:25 | INFO |     EXTREME: ±50,000 (3 lots)
2025-06-16 14:34:25 | INFO |   SELL Strategy (Range-bound/Low Vol):
2025-06-16 14:34:25 | INFO |     Range Detection: <2.0% price range
2025-06-16 14:34:25 | INFO |     Volatility Threshold: 15-35%ile
2025-06-16 14:34:25 | INFO |     Max SELL Positions: 2
2025-06-16 14:34:25 | INFO |     Max Margin Utilization: 60%
2025-06-16 14:34:25 | INFO | ======================================================================
2025-06-16 14:34:26 | INFO | 📈 Real Spot Price: ₹24944.65 at 2025-06-16 14:32:44
2025-06-16 14:34:26 | INFO | 
==================================================
2025-06-16 14:34:26 | INFO | 📊 ENHANCED REAL-TIME DATA STATUS
2025-06-16 14:34:26 | INFO | ==================================================
2025-06-16 14:34:26 | INFO | 📈 Current Nifty Spot: ₹24944.65
2025-06-16 14:34:27 | INFO | 📈 Real Spot Price: ₹24944.65 at 2025-06-16 14:32:44
2025-06-16 14:34:27 | INFO | 📊 Market Regime Detection:
2025-06-16 14:34:27 | INFO |    Primary Regime: NORMAL_TRENDING
2025-06-16 14:34:27 | INFO |    Volatility: NORMAL_VOLATILITY (60.0%ile)
2025-06-16 14:34:27 | INFO |    Range Status: RANGE_BOUND
2025-06-16 14:34:27 | INFO |    Recommended Strategy: BUY_OPTIONS
2025-06-16 14:34:27 | INFO | 🏛️  Current Market Regime: NORMAL_TRENDING
2025-06-16 14:34:27 | INFO | 📊 Volatility Regime: NORMAL_VOLATILITY
2025-06-16 14:34:27 | INFO | 🎯 Strategy Recommendation: BUY_OPTIONS
2025-06-16 14:34:27 | INFO | 🕒 Data Source: Real-time option chain database
2025-06-16 14:34:27 | INFO | 🔄 Update Frequency: Every 5 minutes
2025-06-16 14:34:27 | INFO | 🎯 SELL Strategy: ACTIVE
2025-06-16 14:34:27 | INFO | ==================================================
2025-06-16 14:34:42 | INFO | ⏰ Loop #549: 14:34:42 [REAL DATA MODE]
2025-06-16 14:34:57 | INFO | ⏰ Enhanced Loop #541: 14:34:57 [SELL STRATEGY MODE]
2025-06-16 14:34:57 | INFO | 📊 New enhanced dashboard data detected: enhanced_tabbed_dashboard_20250616.html
2025-06-16 14:34:57 | INFO | 📊 Parsing dashboard: enhanced_tabbed_dashboard_20250616.html
2025-06-16 14:34:57 | INFO | 📈 Extracted trend: 105
2025-06-16 14:34:57 | INFO | 🎯 Confidence: 95.0%
2025-06-16 14:34:57 | INFO | 💰 Combined flow: -13.83M
2025-06-16 14:34:57 | INFO | ✅ Dashboard parsed successfully
2025-06-16 14:34:57 | INFO | 🔍 Enhanced Signal Analysis...
2025-06-16 14:34:57 | INFO |    Cumulative Trend: 105
2025-06-16 14:34:57 | INFO |    Confidence: 95.0%
2025-06-16 14:34:57 | INFO |    Combined Flow: -13.83M
2025-06-16 14:34:57 | INFO | 📈 Real Spot Price: ₹24944.65 at 2025-06-16 14:32:44
2025-06-16 14:34:57 | INFO | 📊 Market Regime Detection:
2025-06-16 14:34:57 | INFO |    Primary Regime: HIGH_VOLATILITY_TRENDING
2025-06-16 14:34:57 | INFO |    Volatility: HIGH_VOLATILITY (80.0%ile)
2025-06-16 14:34:57 | INFO |    Range Status: RANGE_BOUND
2025-06-16 14:34:57 | INFO |    Recommended Strategy: BUY_OPTIONS
2025-06-16 14:34:57 | INFO |    Market Regime: HIGH_VOLATILITY_TRENDING
2025-06-16 14:34:57 | INFO |    Recommended Strategy: BUY_OPTIONS
2025-06-16 14:34:57 | INFO | 🔍 Analyzing signal...
2025-06-16 14:34:57 | INFO |    Cumulative Trend: 105
2025-06-16 14:34:57 | INFO |    Confidence: 95.0%
2025-06-16 14:34:57 | INFO |    Combined Flow: -13.83M
2025-06-16 14:34:57 | INFO |    Trend Strength: WEAK
2025-06-16 14:34:57 | INFO | ❌ SKIP SIGNAL: Trend too weak (below 1k threshold)
2025-06-16 14:34:57 | INFO | 💾 Enhanced signal saved: S_20250616_143457
2025-06-16 14:34:57 | INFO | ⏭️  Enhanced signal skipped: Trend too weak (below 1k threshold)
2025-06-16 14:35:12 | INFO | ⏰ Loop #550: 14:35:12 [REAL DATA MODE]
2025-06-16 14:35:12 | INFO | 📊 New dashboard data detected: enhanced_tabbed_dashboard_20250616.html
2025-06-16 14:35:12 | INFO | 📊 Parsing dashboard: enhanced_tabbed_dashboard_20250616.html
2025-06-16 14:35:12 | INFO | 📈 Extracted trend: 105
2025-06-16 14:35:12 | INFO | 🎯 Confidence: 95.0%
2025-06-16 14:35:12 | INFO | 💰 Combined flow: -13.83M
2025-06-16 14:35:12 | INFO | ✅ Dashboard parsed successfully
2025-06-16 14:35:12 | INFO | 🔍 Analyzing signal...
2025-06-16 14:35:12 | INFO |    Cumulative Trend: 105
2025-06-16 14:35:12 | INFO |    Confidence: 95.0%
2025-06-16 14:35:12 | INFO |    Combined Flow: -13.83M
2025-06-16 14:35:12 | INFO |    Trend Strength: WEAK
2025-06-16 14:35:12 | INFO | ❌ SKIP SIGNAL: Trend too weak (below 1k threshold)
2025-06-16 14:35:12 | INFO | 💾 Signal saved: S_20250616_143512
2025-06-16 14:35:12 | INFO | ⏭️  Signal skipped: Trend too weak (below 1k threshold)
2025-06-16 14:35:27 | INFO | ⏰ Enhanced Loop #542: 14:35:27 [SELL STRATEGY MODE]
2025-06-16 14:35:42 | INFO | ⏰ Loop #551: 14:35:42 [REAL DATA MODE]
2025-06-16 14:35:57 | INFO | ⏰ Enhanced Loop #543: 14:35:57 [SELL STRATEGY MODE]
2025-06-16 14:35:57 | INFO | 📊 New enhanced dashboard data detected: enhanced_tabbed_dashboard_20250616.html
2025-06-16 14:35:57 | INFO | 📊 Parsing dashboard: enhanced_tabbed_dashboard_20250616.html
2025-06-16 14:35:57 | INFO | 📈 Extracted trend: 105
2025-06-16 14:35:57 | INFO | 🎯 Confidence: 95.0%
2025-06-16 14:35:57 | INFO | 💰 Combined flow: -13.83M
2025-06-16 14:35:57 | INFO | ✅ Dashboard parsed successfully
2025-06-16 14:35:57 | INFO | 🔍 Enhanced Signal Analysis...
2025-06-16 14:35:57 | INFO |    Cumulative Trend: 105
2025-06-16 14:35:57 | INFO |    Confidence: 95.0%
2025-06-16 14:35:57 | INFO |    Combined Flow: -13.83M
2025-06-16 14:35:58 | INFO | 📈 Real Spot Price: ₹24944.65 at 2025-06-16 14:32:44
2025-06-16 14:35:58 | INFO | 📊 Market Regime Detection:
2025-06-16 14:35:58 | INFO |    Primary Regime: NORMAL_TRENDING
2025-06-16 14:35:58 | INFO |    Volatility: NORMAL_VOLATILITY (60.0%ile)
2025-06-16 14:35:58 | INFO |    Range Status: RANGE_BOUND
2025-06-16 14:35:58 | INFO |    Recommended Strategy: BUY_OPTIONS
2025-06-16 14:35:58 | INFO |    Market Regime: NORMAL_TRENDING
2025-06-16 14:35:58 | INFO |    Recommended Strategy: BUY_OPTIONS
2025-06-16 14:35:58 | INFO | 🔍 Analyzing signal...
2025-06-16 14:35:58 | INFO |    Cumulative Trend: 105
2025-06-16 14:35:58 | INFO |    Confidence: 95.0%
2025-06-16 14:35:58 | INFO |    Combined Flow: -13.83M
2025-06-16 14:35:58 | INFO |    Trend Strength: WEAK
2025-06-16 14:35:58 | INFO | ❌ SKIP SIGNAL: Trend too weak (below 1k threshold)
2025-06-16 14:35:58 | INFO | 💾 Enhanced signal saved: S_20250616_143558
2025-06-16 14:35:58 | INFO | ⏭️  Enhanced signal skipped: Trend too weak (below 1k threshold)
2025-06-16 14:36:12 | INFO | ⏰ Loop #552: 14:36:12 [REAL DATA MODE]
2025-06-16 14:36:12 | INFO | 📊 New dashboard data detected: enhanced_tabbed_dashboard_20250616.html
2025-06-16 14:36:12 | INFO | 📊 Parsing dashboard: enhanced_tabbed_dashboard_20250616.html
2025-06-16 14:36:12 | INFO | 📈 Extracted trend: 105
2025-06-16 14:36:12 | INFO | 🎯 Confidence: 95.0%
2025-06-16 14:36:12 | INFO | 💰 Combined flow: -13.83M
2025-06-16 14:36:12 | INFO | ✅ Dashboard parsed successfully
2025-06-16 14:36:12 | INFO | 🔍 Analyzing signal...
2025-06-16 14:36:12 | INFO |    Cumulative Trend: 105
2025-06-16 14:36:12 | INFO |    Confidence: 95.0%
2025-06-16 14:36:12 | INFO |    Combined Flow: -13.83M
2025-06-16 14:36:12 | INFO |    Trend Strength: WEAK
2025-06-16 14:36:12 | INFO | ❌ SKIP SIGNAL: Trend too weak (below 1k threshold)
2025-06-16 14:36:12 | INFO | 💾 Signal saved: S_20250616_143612
2025-06-16 14:36:12 | INFO | ⏭️  Signal skipped: Trend too weak (below 1k threshold)
2025-06-16 14:36:16 | INFO | ✅ Enhanced database initialized successfully
2025-06-16 14:36:28 | INFO | ⏰ Enhanced Loop #544: 14:36:28 [SELL STRATEGY MODE]
2025-06-16 14:36:42 | INFO | ⏰ Loop #553: 14:36:42 [REAL DATA MODE]
2025-06-16 14:36:58 | INFO | ⏰ Enhanced Loop #545: 14:36:58 [SELL STRATEGY MODE]
2025-06-16 14:36:58 | INFO | 📊 New enhanced dashboard data detected: enhanced_tabbed_dashboard_20250616.html
2025-06-16 14:36:58 | INFO | 📊 Parsing dashboard: enhanced_tabbed_dashboard_20250616.html
2025-06-16 14:36:58 | INFO | 📈 Extracted trend: 110
2025-06-16 14:36:58 | INFO | 🎯 Confidence: 95.0%
2025-06-16 14:36:58 | INFO | 💰 Combined flow: -9.67M
2025-06-16 14:36:58 | INFO | ✅ Dashboard parsed successfully
2025-06-16 14:36:58 | INFO | 🔍 Enhanced Signal Analysis...
2025-06-16 14:36:58 | INFO |    Cumulative Trend: 110
2025-06-16 14:36:58 | INFO |    Confidence: 95.0%
2025-06-16 14:36:58 | INFO |    Combined Flow: -9.67M
2025-06-16 14:36:59 | INFO | 📈 Real Spot Price: ₹24944.65 at 2025-06-16 14:32:44
2025-06-16 14:36:59 | INFO | 📊 Market Regime Detection:
2025-06-16 14:36:59 | INFO |    Primary Regime: HIGH_VOLATILITY_TRENDING
2025-06-16 14:36:59 | INFO |    Volatility: HIGH_VOLATILITY (90.0%ile)
2025-06-16 14:36:59 | INFO |    Range Status: RANGE_BOUND
2025-06-16 14:36:59 | INFO |    Recommended Strategy: BUY_OPTIONS
2025-06-16 14:36:59 | INFO |    Market Regime: HIGH_VOLATILITY_TRENDING
2025-06-16 14:36:59 | INFO |    Recommended Strategy: BUY_OPTIONS
2025-06-16 14:36:59 | INFO | 🔍 Analyzing signal...
2025-06-16 14:36:59 | INFO |    Cumulative Trend: 110
2025-06-16 14:36:59 | INFO |    Confidence: 95.0%
2025-06-16 14:36:59 | INFO |    Combined Flow: -9.67M
2025-06-16 14:36:59 | INFO |    Trend Strength: WEAK
2025-06-16 14:36:59 | INFO | ❌ SKIP SIGNAL: Trend too weak (below 1k threshold)
2025-06-16 14:36:59 | INFO | 💾 Enhanced signal saved: S_20250616_143659
2025-06-16 14:36:59 | INFO | ⏭️  Enhanced signal skipped: Trend too weak (below 1k threshold)
2025-06-16 14:37:12 | INFO | ⏰ Loop #554: 14:37:12 [REAL DATA MODE]
2025-06-16 14:37:12 | INFO | 📊 New dashboard data detected: enhanced_tabbed_dashboard_20250616.html
2025-06-16 14:37:12 | INFO | 📊 Parsing dashboard: enhanced_tabbed_dashboard_20250616.html
2025-06-16 14:37:12 | INFO | 📈 Extracted trend: 110
2025-06-16 14:37:12 | INFO | 🎯 Confidence: 95.0%
2025-06-16 14:37:12 | INFO | 💰 Combined flow: -9.67M
2025-06-16 14:37:12 | INFO | ✅ Dashboard parsed successfully
2025-06-16 14:37:12 | INFO | 🔍 Analyzing signal...
2025-06-16 14:37:12 | INFO |    Cumulative Trend: 110
2025-06-16 14:37:12 | INFO |    Confidence: 95.0%
2025-06-16 14:37:12 | INFO |    Combined Flow: -9.67M
2025-06-16 14:37:12 | INFO |    Trend Strength: WEAK
2025-06-16 14:37:12 | INFO | ❌ SKIP SIGNAL: Trend too weak (below 1k threshold)
2025-06-16 14:37:12 | INFO | 💾 Signal saved: S_20250616_143712
2025-06-16 14:37:12 | INFO | ⏭️  Signal skipped: Trend too weak (below 1k threshold)
2025-06-16 14:37:29 | INFO | ⏰ Enhanced Loop #546: 14:37:29 [SELL STRATEGY MODE]
2025-06-16 14:37:42 | INFO | ⏰ Loop #555: 14:37:42 [REAL DATA MODE]
2025-06-16 14:37:59 | INFO | ⏰ Enhanced Loop #547: 14:37:59 [SELL STRATEGY MODE]
2025-06-16 14:37:59 | INFO | 📊 New enhanced dashboard data detected: enhanced_tabbed_dashboard_20250616.html
2025-06-16 14:37:59 | INFO | 📊 Parsing dashboard: enhanced_tabbed_dashboard_20250616.html
2025-06-16 14:37:59 | INFO | 📈 Extracted trend: 110
2025-06-16 14:37:59 | INFO | 🎯 Confidence: 95.0%
2025-06-16 14:37:59 | INFO | 💰 Combined flow: -9.67M
2025-06-16 14:37:59 | INFO | ✅ Dashboard parsed successfully
2025-06-16 14:37:59 | INFO | 🔍 Enhanced Signal Analysis...
2025-06-16 14:37:59 | INFO |    Cumulative Trend: 110
2025-06-16 14:37:59 | INFO |    Confidence: 95.0%
2025-06-16 14:37:59 | INFO |    Combined Flow: -9.67M
2025-06-16 14:38:00 | INFO | 📈 Real Spot Price: ₹24938.40 at 2025-06-16 14:37:50
2025-06-16 14:38:00 | INFO | 📊 Market Regime Detection:
2025-06-16 14:38:00 | INFO |    Primary Regime: HIGH_VOLATILITY_TRENDING
2025-06-16 14:38:00 | INFO |    Volatility: HIGH_VOLATILITY (90.0%ile)
2025-06-16 14:38:00 | INFO |    Range Status: RANGE_BOUND
2025-06-16 14:38:00 | INFO |    Recommended Strategy: BUY_OPTIONS
2025-06-16 14:38:00 | INFO |    Market Regime: HIGH_VOLATILITY_TRENDING
2025-06-16 14:38:00 | INFO |    Recommended Strategy: BUY_OPTIONS
2025-06-16 14:38:00 | INFO | 🔍 Analyzing signal...
2025-06-16 14:38:00 | INFO |    Cumulative Trend: 110
2025-06-16 14:38:00 | INFO |    Confidence: 95.0%
2025-06-16 14:38:00 | INFO |    Combined Flow: -9.67M
2025-06-16 14:38:00 | INFO |    Trend Strength: WEAK
2025-06-16 14:38:00 | INFO | ❌ SKIP SIGNAL: Trend too weak (below 1k threshold)
2025-06-16 14:38:00 | INFO | 💾 Enhanced signal saved: S_20250616_143800
2025-06-16 14:38:00 | INFO | ⏭️  Enhanced signal skipped: Trend too weak (below 1k threshold)
2025-06-16 14:38:12 | INFO | ⏰ Loop #556: 14:38:12 [REAL DATA MODE]
2025-06-16 14:38:12 | INFO | 📊 New dashboard data detected: enhanced_tabbed_dashboard_20250616.html
2025-06-16 14:38:12 | INFO | 📊 Parsing dashboard: enhanced_tabbed_dashboard_20250616.html
2025-06-16 14:38:12 | INFO | 📈 Extracted trend: 110
2025-06-16 14:38:12 | INFO | 🎯 Confidence: 95.0%
2025-06-16 14:38:12 | INFO | 💰 Combined flow: -9.67M
2025-06-16 14:38:12 | INFO | ✅ Dashboard parsed successfully
2025-06-16 14:38:12 | INFO | 🔍 Analyzing signal...
2025-06-16 14:38:12 | INFO |    Cumulative Trend: 110
2025-06-16 14:38:12 | INFO |    Confidence: 95.0%
2025-06-16 14:38:12 | INFO |    Combined Flow: -9.67M
2025-06-16 14:38:12 | INFO |    Trend Strength: WEAK
2025-06-16 14:38:12 | INFO | ❌ SKIP SIGNAL: Trend too weak (below 1k threshold)
2025-06-16 14:38:12 | INFO | 💾 Signal saved: S_20250616_143812
2025-06-16 14:38:12 | INFO | ⏭️  Signal skipped: Trend too weak (below 1k threshold)
2025-06-16 14:38:30 | INFO | ⏰ Enhanced Loop #548: 14:38:30 [SELL STRATEGY MODE]
2025-06-16 14:38:42 | INFO | ⏰ Loop #557: 14:38:42 [REAL DATA MODE]
2025-06-16 14:39:00 | INFO | ⏰ Enhanced Loop #549: 14:39:00 [SELL STRATEGY MODE]
2025-06-16 14:39:00 | INFO | 📊 New enhanced dashboard data detected: enhanced_tabbed_dashboard_20250616.html
2025-06-16 14:39:00 | INFO | 📊 Parsing dashboard: enhanced_tabbed_dashboard_20250616.html
2025-06-16 14:39:00 | INFO | 📈 Extracted trend: 110
2025-06-16 14:39:00 | INFO | 🎯 Confidence: 95.0%
2025-06-16 14:39:00 | INFO | 💰 Combined flow: -9.67M
2025-06-16 14:39:00 | INFO | ✅ Dashboard parsed successfully
2025-06-16 14:39:00 | INFO | 🔍 Enhanced Signal Analysis...
2025-06-16 14:39:00 | INFO |    Cumulative Trend: 110
2025-06-16 14:39:00 | INFO |    Confidence: 95.0%
2025-06-16 14:39:00 | INFO |    Combined Flow: -9.67M
2025-06-16 14:39:00 | INFO | 📈 Real Spot Price: ₹24938.40 at 2025-06-16 14:37:50
2025-06-16 14:39:00 | INFO | 📊 Market Regime Detection:
2025-06-16 14:39:00 | INFO |    Primary Regime: HIGH_VOLATILITY_TRENDING
2025-06-16 14:39:00 | INFO |    Volatility: HIGH_VOLATILITY (90.0%ile)
2025-06-16 14:39:00 | INFO |    Range Status: RANGE_BOUND
2025-06-16 14:39:00 | INFO |    Recommended Strategy: BUY_OPTIONS
2025-06-16 14:39:00 | INFO |    Market Regime: HIGH_VOLATILITY_TRENDING
2025-06-16 14:39:00 | INFO |    Recommended Strategy: BUY_OPTIONS
2025-06-16 14:39:00 | INFO | 🔍 Analyzing signal...
2025-06-16 14:39:00 | INFO |    Cumulative Trend: 110
2025-06-16 14:39:00 | INFO |    Confidence: 95.0%
2025-06-16 14:39:00 | INFO |    Combined Flow: -9.67M
2025-06-16 14:39:00 | INFO |    Trend Strength: WEAK
2025-06-16 14:39:00 | INFO | ❌ SKIP SIGNAL: Trend too weak (below 1k threshold)
2025-06-16 14:39:00 | INFO | 💾 Enhanced signal saved: S_20250616_143900
2025-06-16 14:39:00 | INFO | ⏭️  Enhanced signal skipped: Trend too weak (below 1k threshold)
2025-06-16 14:39:12 | INFO | ⏰ Loop #558: 14:39:12 [REAL DATA MODE]
2025-06-16 14:39:12 | INFO | 📊 New dashboard data detected: enhanced_tabbed_dashboard_20250616.html
2025-06-16 14:39:12 | INFO | 📊 Parsing dashboard: enhanced_tabbed_dashboard_20250616.html
2025-06-16 14:39:12 | INFO | 📈 Extracted trend: 110
2025-06-16 14:39:12 | INFO | 🎯 Confidence: 95.0%
2025-06-16 14:39:12 | INFO | 💰 Combined flow: -9.67M
2025-06-16 14:39:12 | INFO | ✅ Dashboard parsed successfully
2025-06-16 14:39:12 | INFO | 🔍 Analyzing signal...
2025-06-16 14:39:12 | INFO |    Cumulative Trend: 110
2025-06-16 14:39:12 | INFO |    Confidence: 95.0%
2025-06-16 14:39:12 | INFO |    Combined Flow: -9.67M
2025-06-16 14:39:12 | INFO |    Trend Strength: WEAK
2025-06-16 14:39:12 | INFO | ❌ SKIP SIGNAL: Trend too weak (below 1k threshold)
2025-06-16 14:39:12 | INFO | 💾 Signal saved: S_20250616_143912
2025-06-16 14:39:12 | INFO | ⏭️  Signal skipped: Trend too weak (below 1k threshold)
2025-06-16 14:39:30 | INFO | ⏰ Enhanced Loop #550: 14:39:30 [SELL STRATEGY MODE]
2025-06-16 14:39:30 | ERROR | ❌ Risk check failed: 'EnhancedPortfolioManager' object has no attribute 'get_portfolio_summary'
2025-06-16 14:39:42 | INFO | ⏰ Loop #559: 14:39:42 [REAL DATA MODE]
2025-06-16 14:40:00 | INFO | ⏰ Enhanced Loop #551: 14:40:00 [SELL STRATEGY MODE]
2025-06-16 14:40:00 | INFO | 📊 New enhanced dashboard data detected: enhanced_tabbed_dashboard_20250616.html
2025-06-16 14:40:00 | INFO | 📊 Parsing dashboard: enhanced_tabbed_dashboard_20250616.html
2025-06-16 14:40:00 | INFO | 📈 Extracted trend: 101
2025-06-16 14:40:00 | INFO | 🎯 Confidence: 95.0%
2025-06-16 14:40:00 | INFO | 💰 Combined flow: -7.60M
2025-06-16 14:40:00 | INFO | ✅ Dashboard parsed successfully
2025-06-16 14:40:00 | INFO | 🔍 Enhanced Signal Analysis...
2025-06-16 14:40:00 | INFO |    Cumulative Trend: 101
2025-06-16 14:40:00 | INFO |    Confidence: 95.0%
2025-06-16 14:40:00 | INFO |    Combined Flow: -7.60M
2025-06-16 14:40:01 | INFO | 📈 Real Spot Price: ₹24938.40 at 2025-06-16 14:37:50
2025-06-16 14:40:01 | INFO | 📊 Market Regime Detection:
2025-06-16 14:40:01 | INFO |    Primary Regime: RANGE_BOUND_LOW_VOL
2025-06-16 14:40:01 | INFO |    Volatility: LOW_VOLATILITY (10.0%ile)
2025-06-16 14:40:01 | INFO |    Range Status: RANGE_BOUND
2025-06-16 14:40:01 | INFO |    Recommended Strategy: SELL_PREMIUM
2025-06-16 14:40:01 | INFO |    Market Regime: RANGE_BOUND_LOW_VOL
2025-06-16 14:40:01 | INFO |    Recommended Strategy: SELL_PREMIUM
2025-06-16 14:40:01 | INFO | ❌ SKIP SELL SIGNAL: SELL strategy requires stronger signals (minimum MODERATE)
2025-06-16 14:40:01 | INFO | 💾 Enhanced signal saved: S_20250616_144001
2025-06-16 14:40:01 | INFO | ⏭️  Enhanced signal skipped: SELL strategy requires stronger signals (minimum MODERATE)
2025-06-16 14:40:12 | INFO | ⏰ Loop #560: 14:40:12 [REAL DATA MODE]
2025-06-16 14:40:12 | INFO | 📊 New dashboard data detected: enhanced_tabbed_dashboard_20250616.html
2025-06-16 14:40:12 | INFO | 📊 Parsing dashboard: enhanced_tabbed_dashboard_20250616.html
2025-06-16 14:40:12 | INFO | 📈 Extracted trend: 101
2025-06-16 14:40:12 | INFO | 🎯 Confidence: 95.0%
2025-06-16 14:40:12 | INFO | 💰 Combined flow: -7.60M
2025-06-16 14:40:12 | INFO | ✅ Dashboard parsed successfully
2025-06-16 14:40:12 | INFO | 🔍 Analyzing signal...
2025-06-16 14:40:12 | INFO |    Cumulative Trend: 101
2025-06-16 14:40:12 | INFO |    Confidence: 95.0%
2025-06-16 14:40:12 | INFO |    Combined Flow: -7.60M
2025-06-16 14:40:12 | INFO |    Trend Strength: WEAK
2025-06-16 14:40:12 | INFO | ❌ SKIP SIGNAL: Trend too weak (below 1k threshold)
2025-06-16 14:40:12 | INFO | 💾 Signal saved: S_20250616_144012
2025-06-16 14:40:12 | INFO | ⏭️  Signal skipped: Trend too weak (below 1k threshold)
2025-06-16 14:40:12 | INFO | 
======================================================================
2025-06-16 14:40:12 | INFO | 📊 ENHANCED SYSTEM STATUS
2025-06-16 14:40:12 | INFO | ======================================================================
2025-06-16 14:40:12 | INFO | System Status: 🟢 RUNNING
2025-06-16 14:40:12 | INFO | Trading Status: 🟢 ENABLED
2025-06-16 14:40:12 | INFO | 💰 Current Capital: ₹100,000.00
2025-06-16 14:40:12 | INFO | 💸 Available Capital: ₹100,000.00
2025-06-16 14:40:12 | INFO | ⚖️  Capital at Risk: ₹0.00
2025-06-16 14:40:12 | INFO | 📈 Daily P&L: ₹+0.00
2025-06-16 14:40:12 | INFO | 💼 Active Positions: 0
2025-06-16 14:40:12 | INFO | 📊 Trades Today: 0
2025-06-16 14:40:12 | INFO | 🟢 Risk Exposure: 0.0%
2025-06-16 14:40:12 | INFO | 📊 Latest Dashboard: enhanced_tabbed_dashboard_20250616.html
2025-06-16 14:40:12 | INFO | 🕒 Dashboard Modified: 2025-06-16 14:39:49
2025-06-16 14:40:12 | INFO | 📡 Signals Today: 270
2025-06-16 14:40:12 | INFO | 🕒 Last Check: 14:40:12
2025-06-16 14:40:12 | INFO | 
🎯 SIGNAL THRESHOLDS:
2025-06-16 14:40:12 | INFO |    SUPER_EXTREME: ±100,000 (4 lots)
2025-06-16 14:40:12 | INFO |    EXTREME: ±50,000 (3 lots)
2025-06-16 14:40:12 | INFO |    STRONG:  ±15,000 (2 lots)
2025-06-16 14:40:12 | INFO |    MODERATE: ±5,000 (1 lot)
2025-06-16 14:40:12 | INFO | ======================================================================
2025-06-16 14:40:13 | INFO | 
==================================================
2025-06-16 14:40:13 | INFO | 📊 REAL-TIME DATA STATUS
2025-06-16 14:40:13 | INFO | ==================================================
2025-06-16 14:40:13 | INFO | 📈 Current Nifty Spot: ₹24938.40
2025-06-16 14:40:13 | INFO | 🕒 Data Source: Real-time option chain database
2025-06-16 14:40:13 | INFO | 🔄 Update Frequency: Every 5 minutes
2025-06-16 14:40:13 | INFO | ==================================================
2025-06-16 14:40:31 | INFO | ⏰ Enhanced Loop #552: 14:40:31 [SELL STRATEGY MODE]
2025-06-16 14:40:43 | INFO | ⏰ Loop #561: 14:40:43 [REAL DATA MODE]
2025-06-16 14:41:01 | INFO | ⏰ Enhanced Loop #553: 14:41:01 [SELL STRATEGY MODE]
2025-06-16 14:41:01 | INFO | 📊 New enhanced dashboard data detected: enhanced_tabbed_dashboard_20250616.html
2025-06-16 14:41:01 | INFO | 📊 Parsing dashboard: enhanced_tabbed_dashboard_20250616.html
2025-06-16 14:41:01 | INFO | 📈 Extracted trend: 101
2025-06-16 14:41:01 | INFO | 🎯 Confidence: 95.0%
2025-06-16 14:41:01 | INFO | 💰 Combined flow: -7.60M
2025-06-16 14:41:01 | INFO | ✅ Dashboard parsed successfully
2025-06-16 14:41:01 | INFO | 🔍 Enhanced Signal Analysis...
2025-06-16 14:41:01 | INFO |    Cumulative Trend: 101
2025-06-16 14:41:01 | INFO |    Confidence: 95.0%
2025-06-16 14:41:01 | INFO |    Combined Flow: -7.60M
2025-06-16 14:41:02 | INFO | 📈 Real Spot Price: ₹24938.40 at 2025-06-16 14:37:50
2025-06-16 14:41:02 | INFO | 📊 Market Regime Detection:
2025-06-16 14:41:02 | INFO |    Primary Regime: NORMAL_TRENDING
2025-06-16 14:41:02 | INFO |    Volatility: NORMAL_VOLATILITY (60.0%ile)
2025-06-16 14:41:02 | INFO |    Range Status: RANGE_BOUND
2025-06-16 14:41:02 | INFO |    Recommended Strategy: BUY_OPTIONS
2025-06-16 14:41:02 | INFO |    Market Regime: NORMAL_TRENDING
2025-06-16 14:41:02 | INFO |    Recommended Strategy: BUY_OPTIONS
2025-06-16 14:41:02 | INFO | 🔍 Analyzing signal...
2025-06-16 14:41:02 | INFO |    Cumulative Trend: 101
2025-06-16 14:41:02 | INFO |    Confidence: 95.0%
2025-06-16 14:41:02 | INFO |    Combined Flow: -7.60M
2025-06-16 14:41:02 | INFO |    Trend Strength: WEAK
2025-06-16 14:41:02 | INFO | ❌ SKIP SIGNAL: Trend too weak (below 1k threshold)
2025-06-16 14:41:02 | INFO | 💾 Enhanced signal saved: S_20250616_144102
2025-06-16 14:41:02 | INFO | ⏭️  Enhanced signal skipped: Trend too weak (below 1k threshold)
2025-06-16 14:41:13 | INFO | ⏰ Loop #562: 14:41:13 [REAL DATA MODE]
2025-06-16 14:41:13 | INFO | 📊 New dashboard data detected: enhanced_tabbed_dashboard_20250616.html
2025-06-16 14:41:13 | INFO | 📊 Parsing dashboard: enhanced_tabbed_dashboard_20250616.html
2025-06-16 14:41:13 | INFO | 📈 Extracted trend: 101
2025-06-16 14:41:13 | INFO | 🎯 Confidence: 95.0%
2025-06-16 14:41:13 | INFO | 💰 Combined flow: -7.60M
2025-06-16 14:41:13 | INFO | ✅ Dashboard parsed successfully
2025-06-16 14:41:13 | INFO | 🔍 Analyzing signal...
2025-06-16 14:41:13 | INFO |    Cumulative Trend: 101
2025-06-16 14:41:13 | INFO |    Confidence: 95.0%
2025-06-16 14:41:13 | INFO |    Combined Flow: -7.60M
2025-06-16 14:41:13 | INFO |    Trend Strength: WEAK
2025-06-16 14:41:13 | INFO | ❌ SKIP SIGNAL: Trend too weak (below 1k threshold)
2025-06-16 14:41:13 | INFO | 💾 Signal saved: S_20250616_144113
2025-06-16 14:41:13 | INFO | ⏭️  Signal skipped: Trend too weak (below 1k threshold)
2025-06-16 14:41:32 | INFO | ⏰ Enhanced Loop #554: 14:41:32 [SELL STRATEGY MODE]
2025-06-16 14:41:43 | INFO | ⏰ Loop #563: 14:41:43 [REAL DATA MODE]
2025-06-16 14:42:02 | INFO | ⏰ Enhanced Loop #555: 14:42:02 [SELL STRATEGY MODE]
2025-06-16 14:42:02 | INFO | 📊 New enhanced dashboard data detected: enhanced_tabbed_dashboard_20250616.html
2025-06-16 14:42:02 | INFO | 📊 Parsing dashboard: enhanced_tabbed_dashboard_20250616.html
2025-06-16 14:42:02 | INFO | 📈 Extracted trend: 71
2025-06-16 14:42:02 | INFO | 🎯 Confidence: 95.0%
2025-06-16 14:42:02 | INFO | 💰 Combined flow: -0.24M
2025-06-16 14:42:02 | INFO | ✅ Dashboard parsed successfully
2025-06-16 14:42:02 | INFO | 🔍 Enhanced Signal Analysis...
2025-06-16 14:42:02 | INFO |    Cumulative Trend: 71
2025-06-16 14:42:02 | INFO |    Confidence: 95.0%
2025-06-16 14:42:02 | INFO |    Combined Flow: -0.24M
2025-06-16 14:42:03 | INFO | 📈 Real Spot Price: ₹24938.40 at 2025-06-16 14:37:50
2025-06-16 14:42:03 | INFO | 📊 Market Regime Detection:
2025-06-16 14:42:03 | INFO |    Primary Regime: NORMAL_TRENDING
2025-06-16 14:42:03 | INFO |    Volatility: NORMAL_VOLATILITY (60.0%ile)
2025-06-16 14:42:03 | INFO |    Range Status: RANGE_BOUND
2025-06-16 14:42:03 | INFO |    Recommended Strategy: BUY_OPTIONS
2025-06-16 14:42:03 | INFO |    Market Regime: NORMAL_TRENDING
2025-06-16 14:42:03 | INFO |    Recommended Strategy: BUY_OPTIONS
2025-06-16 14:42:03 | INFO | 🔍 Analyzing signal...
2025-06-16 14:42:03 | INFO |    Cumulative Trend: 71
2025-06-16 14:42:03 | INFO |    Confidence: 95.0%
2025-06-16 14:42:03 | INFO |    Combined Flow: -0.24M
2025-06-16 14:42:03 | INFO |    Trend Strength: WEAK
2025-06-16 14:42:03 | INFO | ❌ SKIP SIGNAL: Trend too weak (below 1k threshold)
2025-06-16 14:42:03 | INFO | 💾 Enhanced signal saved: S_20250616_144203
2025-06-16 14:42:03 | INFO | ⏭️  Enhanced signal skipped: Trend too weak (below 1k threshold)
2025-06-16 14:42:13 | INFO | ⏰ Loop #564: 14:42:13 [REAL DATA MODE]
2025-06-16 14:42:13 | INFO | 📊 New dashboard data detected: enhanced_tabbed_dashboard_20250616.html
2025-06-16 14:42:13 | INFO | 📊 Parsing dashboard: enhanced_tabbed_dashboard_20250616.html
2025-06-16 14:42:13 | INFO | 📈 Extracted trend: 71
2025-06-16 14:42:13 | INFO | 🎯 Confidence: 95.0%
2025-06-16 14:42:13 | INFO | 💰 Combined flow: -0.24M
2025-06-16 14:42:13 | INFO | ✅ Dashboard parsed successfully
2025-06-16 14:42:13 | INFO | 🔍 Analyzing signal...
2025-06-16 14:42:13 | INFO |    Cumulative Trend: 71
2025-06-16 14:42:13 | INFO |    Confidence: 95.0%
2025-06-16 14:42:13 | INFO |    Combined Flow: -0.24M
2025-06-16 14:42:13 | INFO |    Trend Strength: WEAK
2025-06-16 14:42:13 | INFO | ❌ SKIP SIGNAL: Trend too weak (below 1k threshold)
2025-06-16 14:42:13 | INFO | 💾 Signal saved: S_20250616_144213
2025-06-16 14:42:13 | INFO | ⏭️  Signal skipped: Trend too weak (below 1k threshold)
2025-06-16 14:42:33 | INFO | ⏰ Enhanced Loop #556: 14:42:33 [SELL STRATEGY MODE]
2025-06-16 14:42:43 | INFO | ⏰ Loop #565: 14:42:43 [REAL DATA MODE]
2025-06-16 14:43:03 | INFO | ⏰ Enhanced Loop #557: 14:43:03 [SELL STRATEGY MODE]
2025-06-16 14:43:03 | INFO | 📊 New enhanced dashboard data detected: enhanced_tabbed_dashboard_20250616.html
2025-06-16 14:43:03 | INFO | 📊 Parsing dashboard: enhanced_tabbed_dashboard_20250616.html
2025-06-16 14:43:03 | INFO | 📈 Extracted trend: 71
2025-06-16 14:43:03 | INFO | 🎯 Confidence: 95.0%
2025-06-16 14:43:03 | INFO | 💰 Combined flow: -0.24M
2025-06-16 14:43:03 | INFO | ✅ Dashboard parsed successfully
2025-06-16 14:43:03 | INFO | 🔍 Enhanced Signal Analysis...
2025-06-16 14:43:03 | INFO |    Cumulative Trend: 71
2025-06-16 14:43:03 | INFO |    Confidence: 95.0%
2025-06-16 14:43:03 | INFO |    Combined Flow: -0.24M
2025-06-16 14:43:03 | INFO | 📈 Real Spot Price: ₹24938.00 at 2025-06-16 14:42:55
2025-06-16 14:43:03 | INFO | 📊 Market Regime Detection:
2025-06-16 14:43:03 | INFO |    Primary Regime: NORMAL_TRENDING
2025-06-16 14:43:03 | INFO |    Volatility: NORMAL_VOLATILITY (40.0%ile)
2025-06-16 14:43:03 | INFO |    Range Status: RANGE_BOUND
2025-06-16 14:43:03 | INFO |    Recommended Strategy: BUY_OPTIONS
2025-06-16 14:43:03 | INFO |    Market Regime: NORMAL_TRENDING
2025-06-16 14:43:03 | INFO |    Recommended Strategy: BUY_OPTIONS
2025-06-16 14:43:03 | INFO | 🔍 Analyzing signal...
2025-06-16 14:43:03 | INFO |    Cumulative Trend: 71
2025-06-16 14:43:03 | INFO |    Confidence: 95.0%
2025-06-16 14:43:03 | INFO |    Combined Flow: -0.24M
2025-06-16 14:43:03 | INFO |    Trend Strength: WEAK
2025-06-16 14:43:03 | INFO | ❌ SKIP SIGNAL: Trend too weak (below 1k threshold)
2025-06-16 14:43:03 | INFO | 💾 Enhanced signal saved: S_20250616_144303
2025-06-16 14:43:03 | INFO | ⏭️  Enhanced signal skipped: Trend too weak (below 1k threshold)
2025-06-16 14:43:13 | INFO | ⏰ Loop #566: 14:43:13 [REAL DATA MODE]
2025-06-16 14:43:13 | INFO | 📊 New dashboard data detected: enhanced_tabbed_dashboard_20250616.html
2025-06-16 14:43:13 | INFO | 📊 Parsing dashboard: enhanced_tabbed_dashboard_20250616.html
2025-06-16 14:43:13 | INFO | 📈 Extracted trend: 71
2025-06-16 14:43:13 | INFO | 🎯 Confidence: 95.0%
2025-06-16 14:43:13 | INFO | 💰 Combined flow: -0.24M
2025-06-16 14:43:13 | INFO | ✅ Dashboard parsed successfully
2025-06-16 14:43:13 | INFO | 🔍 Analyzing signal...
2025-06-16 14:43:13 | INFO |    Cumulative Trend: 71
2025-06-16 14:43:13 | INFO |    Confidence: 95.0%
2025-06-16 14:43:13 | INFO |    Combined Flow: -0.24M
2025-06-16 14:43:13 | INFO |    Trend Strength: WEAK
2025-06-16 14:43:13 | INFO | ❌ SKIP SIGNAL: Trend too weak (below 1k threshold)
2025-06-16 14:43:13 | INFO | 💾 Signal saved: S_20250616_144313
2025-06-16 14:43:13 | INFO | ⏭️  Signal skipped: Trend too weak (below 1k threshold)
2025-06-16 14:43:33 | INFO | ⏰ Enhanced Loop #558: 14:43:33 [SELL STRATEGY MODE]
2025-06-16 14:43:43 | INFO | ⏰ Loop #567: 14:43:43 [REAL DATA MODE]
2025-06-16 14:44:03 | INFO | ⏰ Enhanced Loop #559: 14:44:03 [SELL STRATEGY MODE]
2025-06-16 14:44:03 | INFO | 📊 New enhanced dashboard data detected: enhanced_tabbed_dashboard_20250616.html
2025-06-16 14:44:03 | INFO | 📊 Parsing dashboard: enhanced_tabbed_dashboard_20250616.html
2025-06-16 14:44:03 | INFO | 📈 Extracted trend: 71
2025-06-16 14:44:03 | INFO | 🎯 Confidence: 95.0%
2025-06-16 14:44:03 | INFO | 💰 Combined flow: -0.24M
2025-06-16 14:44:03 | INFO | ✅ Dashboard parsed successfully
2025-06-16 14:44:03 | INFO | 🔍 Enhanced Signal Analysis...
2025-06-16 14:44:03 | INFO |    Cumulative Trend: 71
2025-06-16 14:44:03 | INFO |    Confidence: 95.0%
2025-06-16 14:44:03 | INFO |    Combined Flow: -0.24M
2025-06-16 14:44:04 | INFO | 📈 Real Spot Price: ₹24938.00 at 2025-06-16 14:42:55
2025-06-16 14:44:04 | INFO | 📊 Market Regime Detection:
2025-06-16 14:44:04 | INFO |    Primary Regime: NORMAL_TRENDING
2025-06-16 14:44:04 | INFO |    Volatility: NORMAL_VOLATILITY (30.0%ile)
2025-06-16 14:44:04 | INFO |    Range Status: RANGE_BOUND
2025-06-16 14:44:04 | INFO |    Recommended Strategy: BUY_OPTIONS
2025-06-16 14:44:04 | INFO |    Market Regime: NORMAL_TRENDING
2025-06-16 14:44:04 | INFO |    Recommended Strategy: BUY_OPTIONS
2025-06-16 14:44:04 | INFO | 🔍 Analyzing signal...
2025-06-16 14:44:04 | INFO |    Cumulative Trend: 71
2025-06-16 14:44:04 | INFO |    Confidence: 95.0%
2025-06-16 14:44:04 | INFO |    Combined Flow: -0.24M
2025-06-16 14:44:04 | INFO |    Trend Strength: WEAK
2025-06-16 14:44:04 | INFO | ❌ SKIP SIGNAL: Trend too weak (below 1k threshold)
2025-06-16 14:44:04 | INFO | 💾 Enhanced signal saved: S_20250616_144404
2025-06-16 14:44:04 | INFO | ⏭️  Enhanced signal skipped: Trend too weak (below 1k threshold)
2025-06-16 14:44:13 | INFO | ⏰ Loop #568: 14:44:13 [REAL DATA MODE]
2025-06-16 14:44:13 | INFO | 📊 New dashboard data detected: enhanced_tabbed_dashboard_20250616.html
2025-06-16 14:44:13 | INFO | 📊 Parsing dashboard: enhanced_tabbed_dashboard_20250616.html
2025-06-16 14:44:13 | INFO | 📈 Extracted trend: 71
2025-06-16 14:44:13 | INFO | 🎯 Confidence: 95.0%
2025-06-16 14:44:13 | INFO | 💰 Combined flow: -0.24M
2025-06-16 14:44:13 | INFO | ✅ Dashboard parsed successfully
2025-06-16 14:44:13 | INFO | 🔍 Analyzing signal...
2025-06-16 14:44:13 | INFO |    Cumulative Trend: 71
2025-06-16 14:44:13 | INFO |    Confidence: 95.0%
2025-06-16 14:44:13 | INFO |    Combined Flow: -0.24M
2025-06-16 14:44:13 | INFO |    Trend Strength: WEAK
2025-06-16 14:44:13 | INFO | ❌ SKIP SIGNAL: Trend too weak (below 1k threshold)
2025-06-16 14:44:13 | INFO | 💾 Signal saved: S_20250616_144413
2025-06-16 14:44:13 | INFO | ⏭️  Signal skipped: Trend too weak (below 1k threshold)
2025-06-16 14:44:34 | INFO | ⏰ Enhanced Loop #560: 14:44:34 [SELL STRATEGY MODE]
2025-06-16 14:44:34 | ERROR | ❌ Risk check failed: 'EnhancedPortfolioManager' object has no attribute 'get_portfolio_summary'
2025-06-16 14:44:34 | INFO | 
======================================================================
2025-06-16 14:44:34 | INFO | 📊 ENHANCED SYSTEM STATUS (SELL STRATEGY ENABLED)
2025-06-16 14:44:34 | INFO | ======================================================================
2025-06-16 14:44:34 | INFO | System Status: 🟢 RUNNING
2025-06-16 14:44:34 | INFO | Trading Status: 🟢 ENABLED
2025-06-16 14:44:34 | INFO | 💰 Current Capital: ₹100,000.00
2025-06-16 14:44:34 | INFO | 💸 Available Capital: ₹100,000.00
2025-06-16 14:44:34 | INFO | ⚖️  Capital at Risk (BUY): ₹0.00
2025-06-16 14:44:34 | INFO | 🏦 Margin Utilized (SELL): ₹0.00
2025-06-16 14:44:34 | INFO | 💵 Premium Collected: ₹0.00
2025-06-16 14:44:34 | INFO | 📈 Daily P&L: ₹+0.00
2025-06-16 14:44:34 | INFO | 💼 Total Active Positions: 0
2025-06-16 14:44:34 | INFO | 📊 BUY Positions: 0 | SELL Positions: 0
2025-06-16 14:44:34 | INFO | 📊 Trades Today: 0
2025-06-16 14:44:34 | INFO | 🟢 Total Risk Exposure: 0.0%
2025-06-16 14:44:35 | INFO | 📈 Real Spot Price: ₹24938.00 at 2025-06-16 14:42:55
2025-06-16 14:44:35 | INFO | 📊 Market Regime Detection:
2025-06-16 14:44:35 | INFO |    Primary Regime: NORMAL_TRENDING
2025-06-16 14:44:35 | INFO |    Volatility: NORMAL_VOLATILITY (30.0%ile)
2025-06-16 14:44:35 | INFO |    Range Status: RANGE_BOUND
2025-06-16 14:44:35 | INFO |    Recommended Strategy: BUY_OPTIONS
2025-06-16 14:44:35 | INFO | 🏛️  Market Regime: NORMAL_TRENDING
2025-06-16 14:44:35 | INFO | 📊 Volatility: 30%ile (NORMAL_VOLATILITY)
2025-06-16 14:44:35 | INFO | 🎯 Recommended Strategy: BUY_OPTIONS
2025-06-16 14:44:35 | INFO | 
🎯 ENHANCED STRATEGY THRESHOLDS:
2025-06-16 14:44:35 | INFO |   BUY Strategy (Trending Markets):
2025-06-16 14:44:35 | INFO |     SUPER_EXTREME: ±100,000 (4 lots)
2025-06-16 14:44:35 | INFO |     EXTREME: ±50,000 (3 lots)
2025-06-16 14:44:35 | INFO |   SELL Strategy (Range-bound/Low Vol):
2025-06-16 14:44:35 | INFO |     Range Detection: <2.0% price range
2025-06-16 14:44:35 | INFO |     Volatility Threshold: 15-35%ile
2025-06-16 14:44:35 | INFO |     Max SELL Positions: 2
2025-06-16 14:44:35 | INFO |     Max Margin Utilization: 60%
2025-06-16 14:44:35 | INFO | ======================================================================
2025-06-16 14:44:35 | INFO | 📈 Real Spot Price: ₹24938.00 at 2025-06-16 14:42:55
2025-06-16 14:44:35 | INFO | 
==================================================
2025-06-16 14:44:35 | INFO | 📊 ENHANCED REAL-TIME DATA STATUS
2025-06-16 14:44:35 | INFO | ==================================================
2025-06-16 14:44:35 | INFO | 📈 Current Nifty Spot: ₹24938.00
2025-06-16 14:44:36 | INFO | 📈 Real Spot Price: ₹24938.00 at 2025-06-16 14:42:55
2025-06-16 14:44:36 | INFO | 📊 Market Regime Detection:
2025-06-16 14:44:36 | INFO |    Primary Regime: POST_GAP_CONSOLIDATION
2025-06-16 14:44:36 | INFO |    Volatility: HIGH_VOLATILITY (80.0%ile)
2025-06-16 14:44:36 | INFO |    Range Status: RANGE_BOUND
2025-06-16 14:44:36 | INFO |    Recommended Strategy: SELL_PREMIUM
2025-06-16 14:44:36 | INFO | 🏛️  Current Market Regime: POST_GAP_CONSOLIDATION
2025-06-16 14:44:36 | INFO | 📊 Volatility Regime: HIGH_VOLATILITY
2025-06-16 14:44:36 | INFO | 🎯 Strategy Recommendation: SELL_PREMIUM
2025-06-16 14:44:36 | INFO | 🕒 Data Source: Real-time option chain database
2025-06-16 14:44:36 | INFO | 🔄 Update Frequency: Every 5 minutes
2025-06-16 14:44:36 | INFO | 🎯 SELL Strategy: ACTIVE
2025-06-16 14:44:36 | INFO | ==================================================
2025-06-16 14:44:43 | INFO | ⏰ Loop #569: 14:44:43 [REAL DATA MODE]
2025-06-16 14:45:06 | INFO | ⏰ Enhanced Loop #561: 14:45:06 [SELL STRATEGY MODE]
2025-06-16 14:45:06 | INFO | 📊 New enhanced dashboard data detected: enhanced_tabbed_dashboard_20250616.html
2025-06-16 14:45:06 | INFO | 📊 Parsing dashboard: enhanced_tabbed_dashboard_20250616.html
2025-06-16 14:45:06 | INFO | 📈 Extracted trend: 61
2025-06-16 14:45:06 | INFO | 🎯 Confidence: 95.0%
2025-06-16 14:45:06 | INFO | 💰 Combined flow: -9.65M
2025-06-16 14:45:06 | INFO | ✅ Dashboard parsed successfully
2025-06-16 14:45:06 | INFO | 🔍 Enhanced Signal Analysis...
2025-06-16 14:45:06 | INFO |    Cumulative Trend: 61
2025-06-16 14:45:06 | INFO |    Confidence: 95.0%
2025-06-16 14:45:06 | INFO |    Combined Flow: -9.65M
2025-06-16 14:45:07 | INFO | 📈 Real Spot Price: ₹24938.00 at 2025-06-16 14:42:55
2025-06-16 14:45:07 | INFO | 📊 Market Regime Detection:
2025-06-16 14:45:07 | INFO |    Primary Regime: NORMAL_TRENDING
2025-06-16 14:45:07 | INFO |    Volatility: NORMAL_VOLATILITY (30.0%ile)
2025-06-16 14:45:07 | INFO |    Range Status: RANGE_BOUND
2025-06-16 14:45:07 | INFO |    Recommended Strategy: BUY_OPTIONS
2025-06-16 14:45:07 | INFO |    Market Regime: NORMAL_TRENDING
2025-06-16 14:45:07 | INFO |    Recommended Strategy: BUY_OPTIONS
2025-06-16 14:45:07 | INFO | 🔍 Analyzing signal...
2025-06-16 14:45:07 | INFO |    Cumulative Trend: 61
2025-06-16 14:45:07 | INFO |    Confidence: 95.0%
2025-06-16 14:45:07 | INFO |    Combined Flow: -9.65M
2025-06-16 14:45:07 | INFO |    Trend Strength: WEAK
2025-06-16 14:45:07 | INFO | ❌ SKIP SIGNAL: Trend too weak (below 1k threshold)
2025-06-16 14:45:07 | INFO | 💾 Enhanced signal saved: S_20250616_144507
2025-06-16 14:45:07 | INFO | ⏭️  Enhanced signal skipped: Trend too weak (below 1k threshold)
2025-06-16 14:45:13 | INFO | ⏰ Loop #570: 14:45:13 [REAL DATA MODE]
2025-06-16 14:45:13 | INFO | 📊 New dashboard data detected: enhanced_tabbed_dashboard_20250616.html
2025-06-16 14:45:13 | INFO | 📊 Parsing dashboard: enhanced_tabbed_dashboard_20250616.html
2025-06-16 14:45:13 | INFO | 📈 Extracted trend: 61
2025-06-16 14:45:13 | INFO | 🎯 Confidence: 95.0%
2025-06-16 14:45:13 | INFO | 💰 Combined flow: -9.65M
2025-06-16 14:45:13 | INFO | ✅ Dashboard parsed successfully
2025-06-16 14:45:13 | INFO | 🔍 Analyzing signal...
2025-06-16 14:45:13 | INFO |    Cumulative Trend: 61
2025-06-16 14:45:13 | INFO |    Confidence: 95.0%
2025-06-16 14:45:13 | INFO |    Combined Flow: -9.65M
2025-06-16 14:45:13 | INFO |    Trend Strength: WEAK
2025-06-16 14:45:13 | INFO | ❌ SKIP SIGNAL: Trend too weak (below 1k threshold)
2025-06-16 14:45:13 | INFO | 💾 Signal saved: S_20250616_144513
2025-06-16 14:45:13 | INFO | ⏭️  Signal skipped: Trend too weak (below 1k threshold)
2025-06-16 14:45:37 | INFO | ⏰ Enhanced Loop #562: 14:45:37 [SELL STRATEGY MODE]
2025-06-16 14:45:43 | INFO | ⏰ Loop #571: 14:45:43 [REAL DATA MODE]
2025-06-16 14:46:07 | INFO | ⏰ Enhanced Loop #563: 14:46:07 [SELL STRATEGY MODE]
2025-06-16 14:46:07 | INFO | 📊 New enhanced dashboard data detected: enhanced_tabbed_dashboard_20250616.html
2025-06-16 14:46:07 | INFO | 📊 Parsing dashboard: enhanced_tabbed_dashboard_20250616.html
2025-06-16 14:46:07 | INFO | 📈 Extracted trend: 61
2025-06-16 14:46:07 | INFO | 🎯 Confidence: 95.0%
2025-06-16 14:46:07 | INFO | 💰 Combined flow: -9.65M
2025-06-16 14:46:07 | INFO | ✅ Dashboard parsed successfully
2025-06-16 14:46:07 | INFO | 🔍 Enhanced Signal Analysis...
2025-06-16 14:46:07 | INFO |    Cumulative Trend: 61
2025-06-16 14:46:07 | INFO |    Confidence: 95.0%
2025-06-16 14:46:07 | INFO |    Combined Flow: -9.65M
2025-06-16 14:46:07 | INFO | 📈 Real Spot Price: ₹24938.00 at 2025-06-16 14:42:55
2025-06-16 14:46:07 | INFO | 📊 Market Regime Detection:
2025-06-16 14:46:07 | INFO |    Primary Regime: NORMAL_TRENDING
2025-06-16 14:46:07 | INFO |    Volatility: NORMAL_VOLATILITY (60.0%ile)
2025-06-16 14:46:07 | INFO |    Range Status: RANGE_BOUND
2025-06-16 14:46:07 | INFO |    Recommended Strategy: BUY_OPTIONS
2025-06-16 14:46:07 | INFO |    Market Regime: NORMAL_TRENDING
2025-06-16 14:46:07 | INFO |    Recommended Strategy: BUY_OPTIONS
2025-06-16 14:46:07 | INFO | 🔍 Analyzing signal...
2025-06-16 14:46:07 | INFO |    Cumulative Trend: 61
2025-06-16 14:46:07 | INFO |    Confidence: 95.0%
2025-06-16 14:46:07 | INFO |    Combined Flow: -9.65M
2025-06-16 14:46:07 | INFO |    Trend Strength: WEAK
2025-06-16 14:46:07 | INFO | ❌ SKIP SIGNAL: Trend too weak (below 1k threshold)
2025-06-16 14:46:07 | INFO | 💾 Enhanced signal saved: S_20250616_144607
2025-06-16 14:46:07 | INFO | ⏭️  Enhanced signal skipped: Trend too weak (below 1k threshold)
2025-06-16 14:46:13 | INFO | ⏰ Loop #572: 14:46:13 [REAL DATA MODE]
2025-06-16 14:46:13 | INFO | 📊 New dashboard data detected: enhanced_tabbed_dashboard_20250616.html
2025-06-16 14:46:13 | INFO | 📊 Parsing dashboard: enhanced_tabbed_dashboard_20250616.html
2025-06-16 14:46:13 | INFO | 📈 Extracted trend: 61
2025-06-16 14:46:13 | INFO | 🎯 Confidence: 95.0%
2025-06-16 14:46:13 | INFO | 💰 Combined flow: -9.65M
2025-06-16 14:46:13 | INFO | ✅ Dashboard parsed successfully
2025-06-16 14:46:13 | INFO | 🔍 Analyzing signal...
2025-06-16 14:46:13 | INFO |    Cumulative Trend: 61
2025-06-16 14:46:13 | INFO |    Confidence: 95.0%
2025-06-16 14:46:13 | INFO |    Combined Flow: -9.65M
2025-06-16 14:46:13 | INFO |    Trend Strength: WEAK
2025-06-16 14:46:13 | INFO | ❌ SKIP SIGNAL: Trend too weak (below 1k threshold)
2025-06-16 14:46:13 | INFO | 💾 Signal saved: S_20250616_144613
2025-06-16 14:46:13 | INFO | ⏭️  Signal skipped: Trend too weak (below 1k threshold)
2025-06-16 14:46:37 | INFO | ⏰ Enhanced Loop #564: 14:46:37 [SELL STRATEGY MODE]
2025-06-16 14:46:43 | INFO | ⏰ Loop #573: 14:46:43 [REAL DATA MODE]
2025-06-16 14:47:07 | INFO | ⏰ Enhanced Loop #565: 14:47:07 [SELL STRATEGY MODE]
2025-06-16 14:47:07 | INFO | 📊 New enhanced dashboard data detected: enhanced_tabbed_dashboard_20250616.html
2025-06-16 14:47:07 | INFO | 📊 Parsing dashboard: enhanced_tabbed_dashboard_20250616.html
2025-06-16 14:47:07 | INFO | 📈 Extracted trend: 61
2025-06-16 14:47:07 | INFO | 🎯 Confidence: 95.0%
2025-06-16 14:47:07 | INFO | 💰 Combined flow: -9.65M
2025-06-16 14:47:07 | INFO | ✅ Dashboard parsed successfully
2025-06-16 14:47:07 | INFO | 🔍 Enhanced Signal Analysis...
2025-06-16 14:47:07 | INFO |    Cumulative Trend: 61
2025-06-16 14:47:07 | INFO |    Confidence: 95.0%
2025-06-16 14:47:07 | INFO |    Combined Flow: -9.65M
2025-06-16 14:47:08 | INFO | 📈 Real Spot Price: ₹24938.00 at 2025-06-16 14:42:55
2025-06-16 14:47:08 | INFO | 📊 Market Regime Detection:
2025-06-16 14:47:08 | INFO |    Primary Regime: HIGH_VOLATILITY_TRENDING
2025-06-16 14:47:08 | INFO |    Volatility: HIGH_VOLATILITY (80.0%ile)
2025-06-16 14:47:08 | INFO |    Range Status: RANGE_BOUND
2025-06-16 14:47:08 | INFO |    Recommended Strategy: BUY_OPTIONS
2025-06-16 14:47:08 | INFO |    Market Regime: HIGH_VOLATILITY_TRENDING
2025-06-16 14:47:08 | INFO |    Recommended Strategy: BUY_OPTIONS
2025-06-16 14:47:08 | INFO | 🔍 Analyzing signal...
2025-06-16 14:47:08 | INFO |    Cumulative Trend: 61
2025-06-16 14:47:08 | INFO |    Confidence: 95.0%
2025-06-16 14:47:08 | INFO |    Combined Flow: -9.65M
2025-06-16 14:47:08 | INFO |    Trend Strength: WEAK
2025-06-16 14:47:08 | INFO | ❌ SKIP SIGNAL: Trend too weak (below 1k threshold)
2025-06-16 14:47:08 | INFO | 💾 Enhanced signal saved: S_20250616_144708
2025-06-16 14:47:08 | INFO | ⏭️  Enhanced signal skipped: Trend too weak (below 1k threshold)
2025-06-16 14:47:13 | INFO | ⏰ Loop #574: 14:47:13 [REAL DATA MODE]
2025-06-16 14:47:13 | INFO | 📊 New dashboard data detected: enhanced_tabbed_dashboard_20250616.html
2025-06-16 14:47:13 | INFO | 📊 Parsing dashboard: enhanced_tabbed_dashboard_20250616.html
2025-06-16 14:47:13 | INFO | 📈 Extracted trend: 61
2025-06-16 14:47:13 | INFO | 🎯 Confidence: 95.0%
2025-06-16 14:47:13 | INFO | 💰 Combined flow: -9.65M
2025-06-16 14:47:13 | INFO | ✅ Dashboard parsed successfully
2025-06-16 14:47:13 | INFO | 🔍 Analyzing signal...
2025-06-16 14:47:13 | INFO |    Cumulative Trend: 61
2025-06-16 14:47:13 | INFO |    Confidence: 95.0%
2025-06-16 14:47:13 | INFO |    Combined Flow: -9.65M
2025-06-16 14:47:13 | INFO |    Trend Strength: WEAK
2025-06-16 14:47:13 | INFO | ❌ SKIP SIGNAL: Trend too weak (below 1k threshold)
2025-06-16 14:47:13 | INFO | 💾 Signal saved: S_20250616_144713
2025-06-16 14:47:13 | INFO | ⏭️  Signal skipped: Trend too weak (below 1k threshold)
2025-06-16 14:47:38 | INFO | ⏰ Enhanced Loop #566: 14:47:38 [SELL STRATEGY MODE]
2025-06-16 14:47:43 | INFO | ⏰ Loop #575: 14:47:43 [REAL DATA MODE]
2025-06-16 14:48:08 | INFO | ⏰ Enhanced Loop #567: 14:48:08 [SELL STRATEGY MODE]
2025-06-16 14:48:08 | INFO | 📊 New enhanced dashboard data detected: enhanced_tabbed_dashboard_20250616.html
2025-06-16 14:48:08 | INFO | 📊 Parsing dashboard: enhanced_tabbed_dashboard_20250616.html
2025-06-16 14:48:08 | INFO | 📈 Extracted trend: 59
2025-06-16 14:48:08 | INFO | 🎯 Confidence: 95.0%
2025-06-16 14:48:08 | INFO | 💰 Combined flow: -1.76M
2025-06-16 14:48:08 | INFO | ✅ Dashboard parsed successfully
2025-06-16 14:48:08 | INFO | 🔍 Enhanced Signal Analysis...
2025-06-16 14:48:08 | INFO |    Cumulative Trend: 59
2025-06-16 14:48:08 | INFO |    Confidence: 95.0%
2025-06-16 14:48:08 | INFO |    Combined Flow: -1.76M
2025-06-16 14:48:09 | INFO | 📈 Real Spot Price: ₹24939.65 at 2025-06-16 14:48:01
2025-06-16 14:48:09 | INFO | 📊 Market Regime Detection:
2025-06-16 14:48:09 | INFO |    Primary Regime: HIGH_VOLATILITY_TRENDING
2025-06-16 14:48:09 | INFO |    Volatility: HIGH_VOLATILITY (90.0%ile)
2025-06-16 14:48:09 | INFO |    Range Status: RANGE_BOUND
2025-06-16 14:48:09 | INFO |    Recommended Strategy: BUY_OPTIONS
2025-06-16 14:48:09 | INFO |    Market Regime: HIGH_VOLATILITY_TRENDING
2025-06-16 14:48:09 | INFO |    Recommended Strategy: BUY_OPTIONS
2025-06-16 14:48:09 | INFO | 🔍 Analyzing signal...
2025-06-16 14:48:09 | INFO |    Cumulative Trend: 59
2025-06-16 14:48:09 | INFO |    Confidence: 95.0%
2025-06-16 14:48:09 | INFO |    Combined Flow: -1.76M
2025-06-16 14:48:09 | INFO |    Trend Strength: WEAK
2025-06-16 14:48:09 | INFO | ❌ SKIP SIGNAL: Trend too weak (below 1k threshold)
2025-06-16 14:48:09 | INFO | 💾 Enhanced signal saved: S_20250616_144809
2025-06-16 14:48:09 | INFO | ⏭️  Enhanced signal skipped: Trend too weak (below 1k threshold)
2025-06-16 14:48:13 | INFO | ⏰ Loop #576: 14:48:13 [REAL DATA MODE]
2025-06-16 14:48:13 | INFO | 📊 New dashboard data detected: enhanced_tabbed_dashboard_20250616.html
2025-06-16 14:48:13 | INFO | 📊 Parsing dashboard: enhanced_tabbed_dashboard_20250616.html
2025-06-16 14:48:13 | INFO | 📈 Extracted trend: 59
2025-06-16 14:48:13 | INFO | 🎯 Confidence: 95.0%
2025-06-16 14:48:13 | INFO | 💰 Combined flow: -1.76M
2025-06-16 14:48:13 | INFO | ✅ Dashboard parsed successfully
2025-06-16 14:48:13 | INFO | 🔍 Analyzing signal...
2025-06-16 14:48:13 | INFO |    Cumulative Trend: 59
2025-06-16 14:48:13 | INFO |    Confidence: 95.0%
2025-06-16 14:48:13 | INFO |    Combined Flow: -1.76M
2025-06-16 14:48:13 | INFO |    Trend Strength: WEAK
2025-06-16 14:48:13 | INFO | ❌ SKIP SIGNAL: Trend too weak (below 1k threshold)
2025-06-16 14:48:13 | INFO | 💾 Signal saved: S_20250616_144813
2025-06-16 14:48:13 | INFO | ⏭️  Signal skipped: Trend too weak (below 1k threshold)
2025-06-16 14:48:39 | INFO | ⏰ Enhanced Loop #568: 14:48:39 [SELL STRATEGY MODE]
2025-06-16 14:48:43 | INFO | ⏰ Loop #577: 14:48:43 [REAL DATA MODE]
2025-06-16 14:49:09 | INFO | ⏰ Enhanced Loop #569: 14:49:09 [SELL STRATEGY MODE]
2025-06-16 14:49:09 | INFO | 📊 New enhanced dashboard data detected: enhanced_tabbed_dashboard_20250616.html
2025-06-16 14:49:09 | INFO | 📊 Parsing dashboard: enhanced_tabbed_dashboard_20250616.html
2025-06-16 14:49:09 | INFO | 📈 Extracted trend: 59
2025-06-16 14:49:09 | INFO | 🎯 Confidence: 95.0%
2025-06-16 14:49:09 | INFO | 💰 Combined flow: -1.76M
2025-06-16 14:49:09 | INFO | ✅ Dashboard parsed successfully
2025-06-16 14:49:09 | INFO | 🔍 Enhanced Signal Analysis...
2025-06-16 14:49:09 | INFO |    Cumulative Trend: 59
2025-06-16 14:49:09 | INFO |    Confidence: 95.0%
2025-06-16 14:49:09 | INFO |    Combined Flow: -1.76M
2025-06-16 14:49:09 | INFO | 📈 Real Spot Price: ₹24939.65 at 2025-06-16 14:48:01
2025-06-16 14:49:09 | INFO | 📊 Market Regime Detection:
2025-06-16 14:49:09 | INFO |    Primary Regime: RANGE_BOUND_LOW_VOL
2025-06-16 14:49:09 | INFO |    Volatility: LOW_VOLATILITY (10.0%ile)
2025-06-16 14:49:09 | INFO |    Range Status: RANGE_BOUND
2025-06-16 14:49:09 | INFO |    Recommended Strategy: SELL_PREMIUM
2025-06-16 14:49:09 | INFO |    Market Regime: RANGE_BOUND_LOW_VOL
2025-06-16 14:49:09 | INFO |    Recommended Strategy: SELL_PREMIUM
2025-06-16 14:49:09 | INFO | ❌ SKIP SELL SIGNAL: SELL strategy requires stronger signals (minimum MODERATE)
2025-06-16 14:49:09 | INFO | 💾 Enhanced signal saved: S_20250616_144909
2025-06-16 14:49:09 | INFO | ⏭️  Enhanced signal skipped: SELL strategy requires stronger signals (minimum MODERATE)
2025-06-16 14:49:13 | INFO | ⏰ Loop #578: 14:49:13 [REAL DATA MODE]
2025-06-16 14:49:13 | INFO | 📊 New dashboard data detected: enhanced_tabbed_dashboard_20250616.html
2025-06-16 14:49:13 | INFO | 📊 Parsing dashboard: enhanced_tabbed_dashboard_20250616.html
2025-06-16 14:49:13 | INFO | 📈 Extracted trend: 59
2025-06-16 14:49:13 | INFO | 🎯 Confidence: 95.0%
2025-06-16 14:49:13 | INFO | 💰 Combined flow: -1.76M
2025-06-16 14:49:13 | INFO | ✅ Dashboard parsed successfully
2025-06-16 14:49:13 | INFO | 🔍 Analyzing signal...
2025-06-16 14:49:13 | INFO |    Cumulative Trend: 59
2025-06-16 14:49:13 | INFO |    Confidence: 95.0%
2025-06-16 14:49:13 | INFO |    Combined Flow: -1.76M
2025-06-16 14:49:13 | INFO |    Trend Strength: WEAK
2025-06-16 14:49:13 | INFO | ❌ SKIP SIGNAL: Trend too weak (below 1k threshold)
2025-06-16 14:49:13 | INFO | 💾 Signal saved: S_20250616_144913
2025-06-16 14:49:13 | INFO | ⏭️  Signal skipped: Trend too weak (below 1k threshold)
2025-06-16 14:49:40 | INFO | ⏰ Enhanced Loop #570: 14:49:40 [SELL STRATEGY MODE]
2025-06-16 14:49:40 | ERROR | ❌ Risk check failed: 'EnhancedPortfolioManager' object has no attribute 'get_portfolio_summary'
2025-06-16 14:49:43 | INFO | ⏰ Loop #579: 14:49:43 [REAL DATA MODE]
2025-06-16 14:50:10 | INFO | ⏰ Enhanced Loop #571: 14:50:10 [SELL STRATEGY MODE]
2025-06-16 14:50:10 | INFO | 📊 New enhanced dashboard data detected: enhanced_tabbed_dashboard_20250616.html
2025-06-16 14:50:10 | INFO | 📊 Parsing dashboard: enhanced_tabbed_dashboard_20250616.html
2025-06-16 14:50:10 | INFO | 📈 Extracted trend: 59
2025-06-16 14:50:10 | INFO | 🎯 Confidence: 95.0%
2025-06-16 14:50:10 | INFO | 💰 Combined flow: -1.76M
2025-06-16 14:50:10 | INFO | ✅ Dashboard parsed successfully
2025-06-16 14:50:10 | INFO | 🔍 Enhanced Signal Analysis...
2025-06-16 14:50:10 | INFO |    Cumulative Trend: 59
2025-06-16 14:50:10 | INFO |    Confidence: 95.0%
2025-06-16 14:50:10 | INFO |    Combined Flow: -1.76M
2025-06-16 14:50:10 | INFO | 📈 Real Spot Price: ₹24939.65 at 2025-06-16 14:48:01
2025-06-16 14:50:10 | INFO | 📊 Market Regime Detection:
2025-06-16 14:50:10 | INFO |    Primary Regime: RANGE_BOUND_LOW_VOL
2025-06-16 14:50:10 | INFO |    Volatility: LOW_VOLATILITY (10.0%ile)
2025-06-16 14:50:10 | INFO |    Range Status: RANGE_BOUND
2025-06-16 14:50:10 | INFO |    Recommended Strategy: SELL_PREMIUM
2025-06-16 14:50:10 | INFO |    Market Regime: RANGE_BOUND_LOW_VOL
2025-06-16 14:50:10 | INFO |    Recommended Strategy: SELL_PREMIUM
2025-06-16 14:50:10 | INFO | ❌ SKIP SELL SIGNAL: SELL strategy requires stronger signals (minimum MODERATE)
2025-06-16 14:50:10 | INFO | 💾 Enhanced signal saved: S_20250616_145010
2025-06-16 14:50:10 | INFO | ⏭️  Enhanced signal skipped: SELL strategy requires stronger signals (minimum MODERATE)
2025-06-16 14:50:13 | INFO | ⏰ Loop #580: 14:50:13 [REAL DATA MODE]
2025-06-16 14:50:13 | INFO | 📊 New dashboard data detected: enhanced_tabbed_dashboard_20250616.html
2025-06-16 14:50:13 | INFO | 📊 Parsing dashboard: enhanced_tabbed_dashboard_20250616.html
2025-06-16 14:50:13 | INFO | 📈 Extracted trend: 59
2025-06-16 14:50:13 | INFO | 🎯 Confidence: 95.0%
2025-06-16 14:50:13 | INFO | 💰 Combined flow: -1.76M
2025-06-16 14:50:13 | INFO | ✅ Dashboard parsed successfully
2025-06-16 14:50:13 | INFO | 🔍 Analyzing signal...
2025-06-16 14:50:13 | INFO |    Cumulative Trend: 59
2025-06-16 14:50:13 | INFO |    Confidence: 95.0%
2025-06-16 14:50:13 | INFO |    Combined Flow: -1.76M
2025-06-16 14:50:13 | INFO |    Trend Strength: WEAK
2025-06-16 14:50:13 | INFO | ❌ SKIP SIGNAL: Trend too weak (below 1k threshold)
2025-06-16 14:50:13 | INFO | 💾 Signal saved: S_20250616_145013
2025-06-16 14:50:13 | INFO | ⏭️  Signal skipped: Trend too weak (below 1k threshold)
2025-06-16 14:50:13 | INFO | 
======================================================================
2025-06-16 14:50:13 | INFO | 📊 ENHANCED SYSTEM STATUS
2025-06-16 14:50:13 | INFO | ======================================================================
2025-06-16 14:50:13 | INFO | System Status: 🟢 RUNNING
2025-06-16 14:50:13 | INFO | Trading Status: 🟢 ENABLED
2025-06-16 14:50:13 | INFO | 💰 Current Capital: ₹100,000.00
2025-06-16 14:50:13 | INFO | 💸 Available Capital: ₹100,000.00
2025-06-16 14:50:13 | INFO | ⚖️  Capital at Risk: ₹0.00
2025-06-16 14:50:13 | INFO | 📈 Daily P&L: ₹+0.00
2025-06-16 14:50:13 | INFO | 💼 Active Positions: 0
2025-06-16 14:50:13 | INFO | 📊 Trades Today: 0
2025-06-16 14:50:13 | INFO | 🟢 Risk Exposure: 0.0%
2025-06-16 14:50:13 | INFO | 📊 Latest Dashboard: enhanced_tabbed_dashboard_20250616.html
2025-06-16 14:50:13 | INFO | 🕒 Dashboard Modified: 2025-06-16 14:50:02
2025-06-16 14:50:13 | INFO | 📡 Signals Today: 280
2025-06-16 14:50:13 | INFO | 🕒 Last Check: 14:50:13
2025-06-16 14:50:13 | INFO | 
🎯 SIGNAL THRESHOLDS:
2025-06-16 14:50:13 | INFO |    SUPER_EXTREME: ±100,000 (4 lots)
2025-06-16 14:50:13 | INFO |    EXTREME: ±50,000 (3 lots)
2025-06-16 14:50:13 | INFO |    STRONG:  ±15,000 (2 lots)
2025-06-16 14:50:13 | INFO |    MODERATE: ±5,000 (1 lot)
2025-06-16 14:50:13 | INFO | ======================================================================
2025-06-16 14:50:14 | INFO | 
==================================================
2025-06-16 14:50:14 | INFO | 📊 REAL-TIME DATA STATUS
2025-06-16 14:50:14 | INFO | ==================================================
2025-06-16 14:50:14 | INFO | 📈 Current Nifty Spot: ₹24939.65
2025-06-16 14:50:14 | INFO | 🕒 Data Source: Real-time option chain database
2025-06-16 14:50:14 | INFO | 🔄 Update Frequency: Every 5 minutes
2025-06-16 14:50:14 | INFO | ==================================================
2025-06-16 14:50:40 | INFO | ⏰ Enhanced Loop #572: 14:50:40 [SELL STRATEGY MODE]
2025-06-16 14:50:44 | INFO | ⏰ Loop #581: 14:50:44 [REAL DATA MODE]
2025-06-16 14:51:10 | INFO | ⏰ Enhanced Loop #573: 14:51:10 [SELL STRATEGY MODE]
2025-06-16 14:51:10 | INFO | 📊 New enhanced dashboard data detected: enhanced_tabbed_dashboard_20250616.html
2025-06-16 14:51:10 | INFO | 📊 Parsing dashboard: enhanced_tabbed_dashboard_20250616.html
2025-06-16 14:51:10 | INFO | 📈 Extracted trend: 72
2025-06-16 14:51:10 | INFO | 🎯 Confidence: 95.0%
2025-06-16 14:51:10 | INFO | 💰 Combined flow: 10.12M
2025-06-16 14:51:10 | INFO | ✅ Dashboard parsed successfully
2025-06-16 14:51:10 | INFO | 🔍 Enhanced Signal Analysis...
2025-06-16 14:51:10 | INFO |    Cumulative Trend: 72
2025-06-16 14:51:10 | INFO |    Confidence: 95.0%
2025-06-16 14:51:10 | INFO |    Combined Flow: +10.12M
2025-06-16 14:51:11 | INFO | 📈 Real Spot Price: ₹24939.65 at 2025-06-16 14:48:01
2025-06-16 14:51:11 | INFO | 📊 Market Regime Detection:
2025-06-16 14:51:11 | INFO |    Primary Regime: RANGE_BOUND_LOW_VOL
2025-06-16 14:51:11 | INFO |    Volatility: LOW_VOLATILITY (20.0%ile)
2025-06-16 14:51:11 | INFO |    Range Status: RANGE_BOUND
2025-06-16 14:51:11 | INFO |    Recommended Strategy: SELL_PREMIUM
2025-06-16 14:51:11 | INFO |    Market Regime: RANGE_BOUND_LOW_VOL
2025-06-16 14:51:11 | INFO |    Recommended Strategy: SELL_PREMIUM
2025-06-16 14:51:11 | INFO | ❌ SKIP SELL SIGNAL: SELL strategy requires stronger signals (minimum MODERATE)
2025-06-16 14:51:11 | INFO | 💾 Enhanced signal saved: S_20250616_145111
2025-06-16 14:51:11 | INFO | ⏭️  Enhanced signal skipped: SELL strategy requires stronger signals (minimum MODERATE)
2025-06-16 14:51:14 | INFO | ⏰ Loop #582: 14:51:14 [REAL DATA MODE]
2025-06-16 14:51:14 | INFO | 📊 New dashboard data detected: enhanced_tabbed_dashboard_20250616.html
2025-06-16 14:51:14 | INFO | 📊 Parsing dashboard: enhanced_tabbed_dashboard_20250616.html
2025-06-16 14:51:14 | INFO | 📈 Extracted trend: 72
2025-06-16 14:51:14 | INFO | 🎯 Confidence: 95.0%
2025-06-16 14:51:14 | INFO | 💰 Combined flow: 10.12M
2025-06-16 14:51:14 | INFO | ✅ Dashboard parsed successfully
2025-06-16 14:51:14 | INFO | 🔍 Analyzing signal...
2025-06-16 14:51:14 | INFO |    Cumulative Trend: 72
2025-06-16 14:51:14 | INFO |    Confidence: 95.0%
2025-06-16 14:51:14 | INFO |    Combined Flow: +10.12M
2025-06-16 14:51:14 | INFO |    Trend Strength: WEAK
2025-06-16 14:51:14 | INFO | ❌ SKIP SIGNAL: Trend too weak (below 1k threshold)
2025-06-16 14:51:14 | INFO | 💾 Signal saved: S_20250616_145114
2025-06-16 14:51:14 | INFO | ⏭️  Signal skipped: Trend too weak (below 1k threshold)
2025-06-16 14:51:41 | INFO | ⏰ Enhanced Loop #574: 14:51:41 [SELL STRATEGY MODE]
2025-06-16 14:51:44 | INFO | ⏰ Loop #583: 14:51:44 [REAL DATA MODE]
2025-06-16 14:52:11 | INFO | ⏰ Enhanced Loop #575: 14:52:11 [SELL STRATEGY MODE]
2025-06-16 14:52:11 | INFO | 📊 New enhanced dashboard data detected: enhanced_tabbed_dashboard_20250616.html
2025-06-16 14:52:11 | INFO | 📊 Parsing dashboard: enhanced_tabbed_dashboard_20250616.html
2025-06-16 14:52:11 | INFO | 📈 Extracted trend: 72
2025-06-16 14:52:11 | INFO | 🎯 Confidence: 95.0%
2025-06-16 14:52:11 | INFO | 💰 Combined flow: 10.12M
2025-06-16 14:52:11 | INFO | ✅ Dashboard parsed successfully
2025-06-16 14:52:11 | INFO | 🔍 Enhanced Signal Analysis...
2025-06-16 14:52:11 | INFO |    Cumulative Trend: 72
2025-06-16 14:52:11 | INFO |    Confidence: 95.0%
2025-06-16 14:52:11 | INFO |    Combined Flow: +10.12M
2025-06-16 14:52:12 | INFO | 📈 Real Spot Price: ₹24939.65 at 2025-06-16 14:48:01
2025-06-16 14:52:12 | INFO | 📊 Market Regime Detection:
2025-06-16 14:52:12 | INFO |    Primary Regime: HIGH_VOLATILITY_TRENDING
2025-06-16 14:52:12 | INFO |    Volatility: HIGH_VOLATILITY (90.0%ile)
2025-06-16 14:52:12 | INFO |    Range Status: RANGE_BOUND
2025-06-16 14:52:12 | INFO |    Recommended Strategy: BUY_OPTIONS
2025-06-16 14:52:12 | INFO |    Market Regime: HIGH_VOLATILITY_TRENDING
2025-06-16 14:52:12 | INFO |    Recommended Strategy: BUY_OPTIONS
2025-06-16 14:52:12 | INFO | 🔍 Analyzing signal...
2025-06-16 14:52:12 | INFO |    Cumulative Trend: 72
2025-06-16 14:52:12 | INFO |    Confidence: 95.0%
2025-06-16 14:52:12 | INFO |    Combined Flow: +10.12M
2025-06-16 14:52:12 | INFO |    Trend Strength: WEAK
2025-06-16 14:52:12 | INFO | ❌ SKIP SIGNAL: Trend too weak (below 1k threshold)
2025-06-16 14:52:12 | INFO | 💾 Enhanced signal saved: S_20250616_145212
2025-06-16 14:52:12 | INFO | ⏭️  Enhanced signal skipped: Trend too weak (below 1k threshold)
2025-06-16 14:52:14 | INFO | ⏰ Loop #584: 14:52:14 [REAL DATA MODE]
2025-06-16 14:52:14 | INFO | 📊 New dashboard data detected: enhanced_tabbed_dashboard_20250616.html
2025-06-16 14:52:14 | INFO | 📊 Parsing dashboard: enhanced_tabbed_dashboard_20250616.html
2025-06-16 14:52:14 | INFO | 📈 Extracted trend: 72
2025-06-16 14:52:14 | INFO | 🎯 Confidence: 95.0%
2025-06-16 14:52:14 | INFO | 💰 Combined flow: 10.12M
2025-06-16 14:52:14 | INFO | ✅ Dashboard parsed successfully
2025-06-16 14:52:14 | INFO | 🔍 Analyzing signal...
2025-06-16 14:52:14 | INFO |    Cumulative Trend: 72
2025-06-16 14:52:14 | INFO |    Confidence: 95.0%
2025-06-16 14:52:14 | INFO |    Combined Flow: +10.12M
2025-06-16 14:52:14 | INFO |    Trend Strength: WEAK
2025-06-16 14:52:14 | INFO | ❌ SKIP SIGNAL: Trend too weak (below 1k threshold)
2025-06-16 14:52:14 | INFO | 💾 Signal saved: S_20250616_145214
2025-06-16 14:52:14 | INFO | ⏭️  Signal skipped: Trend too weak (below 1k threshold)
2025-06-16 14:52:42 | INFO | ⏰ Enhanced Loop #576: 14:52:42 [SELL STRATEGY MODE]
2025-06-16 14:52:44 | INFO | ⏰ Loop #585: 14:52:44 [REAL DATA MODE]
2025-06-16 14:53:12 | INFO | ⏰ Enhanced Loop #577: 14:53:12 [SELL STRATEGY MODE]
2025-06-16 14:53:12 | INFO | 📊 New enhanced dashboard data detected: enhanced_tabbed_dashboard_20250616.html
2025-06-16 14:53:12 | INFO | 📊 Parsing dashboard: enhanced_tabbed_dashboard_20250616.html
2025-06-16 14:53:12 | INFO | 📈 Extracted trend: 72
2025-06-16 14:53:12 | INFO | 🎯 Confidence: 95.0%
2025-06-16 14:53:12 | INFO | 💰 Combined flow: 10.12M
2025-06-16 14:53:12 | INFO | ✅ Dashboard parsed successfully
2025-06-16 14:53:12 | INFO | 🔍 Enhanced Signal Analysis...
2025-06-16 14:53:12 | INFO |    Cumulative Trend: 72
2025-06-16 14:53:12 | INFO |    Confidence: 95.0%
2025-06-16 14:53:12 | INFO |    Combined Flow: +10.12M
2025-06-16 14:53:12 | INFO | 📈 Real Spot Price: ₹24931.35 at 2025-06-16 14:53:07
2025-06-16 14:53:12 | INFO | 📊 Market Regime Detection:
2025-06-16 14:53:12 | INFO |    Primary Regime: RANGE_BOUND_LOW_VOL
2025-06-16 14:53:12 | INFO |    Volatility: LOW_VOLATILITY (10.0%ile)
2025-06-16 14:53:12 | INFO |    Range Status: RANGE_BOUND
2025-06-16 14:53:12 | INFO |    Recommended Strategy: SELL_PREMIUM
2025-06-16 14:53:12 | INFO |    Market Regime: RANGE_BOUND_LOW_VOL
2025-06-16 14:53:12 | INFO |    Recommended Strategy: SELL_PREMIUM
2025-06-16 14:53:12 | INFO | ❌ SKIP SELL SIGNAL: SELL strategy requires stronger signals (minimum MODERATE)
2025-06-16 14:53:12 | INFO | 💾 Enhanced signal saved: S_20250616_145312
2025-06-16 14:53:12 | INFO | ⏭️  Enhanced signal skipped: SELL strategy requires stronger signals (minimum MODERATE)
2025-06-16 14:53:14 | INFO | ⏰ Loop #586: 14:53:14 [REAL DATA MODE]
2025-06-16 14:53:14 | INFO | 📊 New dashboard data detected: enhanced_tabbed_dashboard_20250616.html
2025-06-16 14:53:14 | INFO | 📊 Parsing dashboard: enhanced_tabbed_dashboard_20250616.html
2025-06-16 14:53:14 | INFO | 📈 Extracted trend: 72
2025-06-16 14:53:14 | INFO | 🎯 Confidence: 95.0%
2025-06-16 14:53:14 | INFO | 💰 Combined flow: 10.12M
2025-06-16 14:53:14 | INFO | ✅ Dashboard parsed successfully
2025-06-16 14:53:14 | INFO | 🔍 Analyzing signal...
2025-06-16 14:53:14 | INFO |    Cumulative Trend: 72
2025-06-16 14:53:14 | INFO |    Confidence: 95.0%
2025-06-16 14:53:14 | INFO |    Combined Flow: +10.12M
2025-06-16 14:53:14 | INFO |    Trend Strength: WEAK
2025-06-16 14:53:14 | INFO | ❌ SKIP SIGNAL: Trend too weak (below 1k threshold)
2025-06-16 14:53:14 | INFO | 💾 Signal saved: S_20250616_145314
2025-06-16 14:53:14 | INFO | ⏭️  Signal skipped: Trend too weak (below 1k threshold)
2025-06-16 14:53:42 | INFO | ⏰ Enhanced Loop #578: 14:53:42 [SELL STRATEGY MODE]
2025-06-16 14:53:44 | INFO | ⏰ Loop #587: 14:53:44 [REAL DATA MODE]
2025-06-16 14:54:12 | INFO | ⏰ Enhanced Loop #579: 14:54:12 [SELL STRATEGY MODE]
2025-06-16 14:54:12 | INFO | 📊 New enhanced dashboard data detected: enhanced_tabbed_dashboard_20250616.html
2025-06-16 14:54:12 | INFO | 📊 Parsing dashboard: enhanced_tabbed_dashboard_20250616.html
2025-06-16 14:54:13 | INFO | 📈 Extracted trend: 86
2025-06-16 14:54:13 | INFO | 🎯 Confidence: 95.0%
2025-06-16 14:54:13 | INFO | 💰 Combined flow: 12.46M
2025-06-16 14:54:13 | INFO | ✅ Dashboard parsed successfully
2025-06-16 14:54:13 | INFO | 🔍 Enhanced Signal Analysis...
2025-06-16 14:54:13 | INFO |    Cumulative Trend: 86
2025-06-16 14:54:13 | INFO |    Confidence: 95.0%
2025-06-16 14:54:13 | INFO |    Combined Flow: +12.46M
2025-06-16 14:54:13 | INFO | 📈 Real Spot Price: ₹24931.35 at 2025-06-16 14:53:07
2025-06-16 14:54:13 | INFO | 📊 Market Regime Detection:
2025-06-16 14:54:13 | INFO |    Primary Regime: NORMAL_TRENDING
2025-06-16 14:54:13 | INFO |    Volatility: NORMAL_VOLATILITY (60.0%ile)
2025-06-16 14:54:13 | INFO |    Range Status: RANGE_BOUND
2025-06-16 14:54:13 | INFO |    Recommended Strategy: BUY_OPTIONS
2025-06-16 14:54:13 | INFO |    Market Regime: NORMAL_TRENDING
2025-06-16 14:54:13 | INFO |    Recommended Strategy: BUY_OPTIONS
2025-06-16 14:54:13 | INFO | 🔍 Analyzing signal...
2025-06-16 14:54:13 | INFO |    Cumulative Trend: 86
2025-06-16 14:54:13 | INFO |    Confidence: 95.0%
2025-06-16 14:54:13 | INFO |    Combined Flow: +12.46M
2025-06-16 14:54:13 | INFO |    Trend Strength: WEAK
2025-06-16 14:54:13 | INFO | ❌ SKIP SIGNAL: Trend too weak (below 1k threshold)
2025-06-16 14:54:13 | INFO | 💾 Enhanced signal saved: S_20250616_145413
2025-06-16 14:54:13 | INFO | ⏭️  Enhanced signal skipped: Trend too weak (below 1k threshold)
2025-06-16 14:54:14 | INFO | ⏰ Loop #588: 14:54:14 [REAL DATA MODE]
2025-06-16 14:54:14 | INFO | 📊 New dashboard data detected: enhanced_tabbed_dashboard_20250616.html
2025-06-16 14:54:14 | INFO | 📊 Parsing dashboard: enhanced_tabbed_dashboard_20250616.html
2025-06-16 14:54:14 | INFO | 📈 Extracted trend: 86
2025-06-16 14:54:14 | INFO | 🎯 Confidence: 95.0%
2025-06-16 14:54:14 | INFO | 💰 Combined flow: 12.46M
2025-06-16 14:54:14 | INFO | ✅ Dashboard parsed successfully
2025-06-16 14:54:14 | INFO | 🔍 Analyzing signal...
2025-06-16 14:54:14 | INFO |    Cumulative Trend: 86
2025-06-16 14:54:14 | INFO |    Confidence: 95.0%
2025-06-16 14:54:14 | INFO |    Combined Flow: +12.46M
2025-06-16 14:54:14 | INFO |    Trend Strength: WEAK
2025-06-16 14:54:14 | INFO | ❌ SKIP SIGNAL: Trend too weak (below 1k threshold)
2025-06-16 14:54:14 | INFO | 💾 Signal saved: S_20250616_145414
2025-06-16 14:54:14 | INFO | ⏭️  Signal skipped: Trend too weak (below 1k threshold)
2025-06-16 14:54:43 | INFO | ⏰ Enhanced Loop #580: 14:54:43 [SELL STRATEGY MODE]
2025-06-16 14:54:43 | ERROR | ❌ Risk check failed: 'EnhancedPortfolioManager' object has no attribute 'get_portfolio_summary'
2025-06-16 14:54:43 | INFO | 
======================================================================
2025-06-16 14:54:43 | INFO | 📊 ENHANCED SYSTEM STATUS (SELL STRATEGY ENABLED)
2025-06-16 14:54:43 | INFO | ======================================================================
2025-06-16 14:54:43 | INFO | System Status: 🟢 RUNNING
2025-06-16 14:54:43 | INFO | Trading Status: 🟢 ENABLED
2025-06-16 14:54:43 | INFO | 💰 Current Capital: ₹100,000.00
2025-06-16 14:54:43 | INFO | 💸 Available Capital: ₹100,000.00
2025-06-16 14:54:43 | INFO | ⚖️  Capital at Risk (BUY): ₹0.00
2025-06-16 14:54:43 | INFO | 🏦 Margin Utilized (SELL): ₹0.00
2025-06-16 14:54:43 | INFO | 💵 Premium Collected: ₹0.00
2025-06-16 14:54:43 | INFO | 📈 Daily P&L: ₹+0.00
2025-06-16 14:54:43 | INFO | 💼 Total Active Positions: 0
2025-06-16 14:54:43 | INFO | 📊 BUY Positions: 0 | SELL Positions: 0
2025-06-16 14:54:43 | INFO | 📊 Trades Today: 0
2025-06-16 14:54:43 | INFO | 🟢 Total Risk Exposure: 0.0%
2025-06-16 14:54:44 | INFO | 📈 Real Spot Price: ₹24931.35 at 2025-06-16 14:53:07
2025-06-16 14:54:44 | INFO | 📊 Market Regime Detection:
2025-06-16 14:54:44 | INFO |    Primary Regime: NORMAL_TRENDING
2025-06-16 14:54:44 | INFO |    Volatility: NORMAL_VOLATILITY (50.0%ile)
2025-06-16 14:54:44 | INFO |    Range Status: RANGE_BOUND
2025-06-16 14:54:44 | INFO |    Recommended Strategy: BUY_OPTIONS
2025-06-16 14:54:44 | INFO | 🏛️  Market Regime: NORMAL_TRENDING
2025-06-16 14:54:44 | INFO | 📊 Volatility: 50%ile (NORMAL_VOLATILITY)
2025-06-16 14:54:44 | INFO | 🎯 Recommended Strategy: BUY_OPTIONS
2025-06-16 14:54:44 | INFO | 
🎯 ENHANCED STRATEGY THRESHOLDS:
2025-06-16 14:54:44 | INFO |   BUY Strategy (Trending Markets):
2025-06-16 14:54:44 | INFO |     SUPER_EXTREME: ±100,000 (4 lots)
2025-06-16 14:54:44 | INFO |     EXTREME: ±50,000 (3 lots)
2025-06-16 14:54:44 | INFO |   SELL Strategy (Range-bound/Low Vol):
2025-06-16 14:54:44 | INFO |     Range Detection: <2.0% price range
2025-06-16 14:54:44 | INFO |     Volatility Threshold: 15-35%ile
2025-06-16 14:54:44 | INFO |     Max SELL Positions: 2
2025-06-16 14:54:44 | INFO |     Max Margin Utilization: 60%
2025-06-16 14:54:44 | INFO | ======================================================================
2025-06-16 14:54:44 | INFO | ⏰ Loop #589: 14:54:44 [REAL DATA MODE]
2025-06-16 14:54:44 | INFO | 📈 Real Spot Price: ₹24931.35 at 2025-06-16 14:53:07
2025-06-16 14:54:44 | INFO | 
